id,minute,second,period,playerName,playerId,teamId,h_a,x,y,endX,endY,outcomeType,passLength,passAngle,passDirection,passType,qualifiers
2944992499.0,0,0.0,FirstHalf,Azzedine Ounahi,392361,495,a,50.0,50.0,43.3,50.8,Successful,6.747592163134938,173.19094982038663,Backward,Short,"[{""type"": ""Zone"", ""value"": ""Back""}, {""type"": ""PassEndX"", ""value"": ""43.3""}, {""type"": ""PassEndY"", ""value"": ""50.8""}, {""type"": ""Length"", ""value"": ""7.1""}, {""type"": ""Angle"", ""value"": ""3.06""}]"
2944992501.0,0,2.0,FirstHalf,Neil El Aynaoui,486734,495,a,45.9,50.2,73.3,92.8,Unsuccessful,50.650962478515645,57.25118042339938,Forward,Short,"[{""type"": ""Longball""}, {""type"": ""Zone"", ""value"": ""Left""}, {""type"": ""PassEndX"", ""value"": ""73.3""}, {""type"": ""PassEndY"", ""value"": ""92.8""}, {""type"": ""Length"", ""value"": ""40.8""}, {""type"": ""Angle"", ""value"": ""0.79""}]"
2944992505.0,0,6.0,FirstHalf,Nathan Patterson,396975,424,h,24.6,12.5,7.9,38.2,Successful,30.649306680575993,123.01603062799529,Backward,Short,"[{""type"": ""Zone"", ""value"": ""Back""}, {""type"": ""PassEndX"", ""value"": ""7.9""}, {""type"": ""PassEndY"", ""value"": ""38.2""}, {""type"": ""Length"", ""value"": ""24.8""}, {""type"": ""Angle"", ""value"": ""2.36""}]"
2944992507.0,0,9.0,FirstHalf,Angus Gunn,318896,424,h,4.9,27.9,33.8,0.0,Unsuccessful,40.169889220658796,-43.99137568933977,Forward,Short,"[{""type"": ""Longball""}, {""type"": ""Zone"", ""value"": ""Back""}, {""type"": ""PassEndX"", ""value"": ""33.8""}, {""type"": ""PassEndY"", ""value"": ""0.0""}, {""type"": ""Length"", ""value"": ""36.2""}, {""type"": ""Angle"", ""value"": ""5.71""}]"
2944992513.0,0,14.0,FirstHalf,Noussair Mazraoui,349932,495,a,58.5,100.0,36.9,88.6,Successful,24.42375892445715,-152.17590361574673,Backward,ThrowIn,"[{""type"": ""Longball""}, {""type"": ""Zone"", ""value"": ""Back""}, {""type"": ""ThrowIn""}, {""type"": ""PassEndX"", ""value"": ""36.9""}, {""type"": ""PassEndY"", ""value"": ""88.6""}, {""type"": ""Length"", ""value"": ""24.4""}, {""type"": ""Angle"", ""value"": ""3.52""}]"
2944992515.0,0,18.0,FirstHalf,Chadi Riad,454342,495,a,37.5,77.2,34.3,34.6,Successful,42.72001872658766,-94.29584051127152,Lateral,Short,"[{""type"": ""Zone"", ""value"": ""Back""}, {""type"": ""PassEndX"", ""value"": ""34.3""}, {""type"": ""PassEndY"", ""value"": ""34.6""}, {""type"": ""Length"", ""value"": ""29.2""}, {""type"": ""Angle"", ""value"": ""4.60""}]"
2944992517.0,0,22.0,FirstHalf,Issa Diop,300359,495,a,35.1,36.6,34.5,66.3,Successful,29.706059987820662,91.15733306812952,Lateral,Short,"[{""type"": ""Zone"", ""value"": ""Back""}, {""type"": ""PassEndX"", ""value"": ""34.5""}, {""type"": ""PassEndY"", ""value"": ""66.3""}, {""type"": ""Length"", ""value"": ""20.2""}, {""type"": ""Angle"", ""value"": ""1.60""}]"
2944992519.0,0,25.0,FirstHalf,Chadi Riad,454342,495,a,34.2,67.5,38.7,79.1,Successful,12.442266674525179,68.79718135619032,Lateral,Short,"[{""type"": ""Zone"", ""value"": ""Back""}, {""type"": ""PassEndX"", ""value"": ""38.7""}, {""type"": ""PassEndY"", ""value"": ""79.1""}, {""type"": ""Length"", ""value"": ""9.2""}, {""type"": ""Angle"", ""value"": ""1.03""}]"
2944992521.0,0,26.0,FirstHalf,Neil El Aynaoui,486734,495,a,38.7,79.1,31.6,66.3,Successful,14.637281168304446,-119.01658434386583,Backward,Short,"[{""type"": ""Zone"", ""value"": ""Back""}, {""type"": ""PassEndX"", ""value"": ""31.6""}, {""type"": ""PassEndY"", ""value"": ""66.3""}, {""type"": ""LayOff""}, {""type"": ""Length"", ""value"": ""11.5""}, {""type"": ""Angle"", ""value"": ""4.00""}]"
2944992523.0,0,32.0,FirstHalf,Chadi Riad,454342,495,a,34.6,63.9,32.2,27.7,Successful,36.279470778940535,-93.79306428168864,Lateral,Short,"[{""type"": ""Zone"", ""value"": ""Back""}, {""type"": ""PassEndX"", ""value"": ""32.2""}, {""type"": ""PassEndY"", ""value"": ""27.7""}, {""type"": ""Length"", ""value"": ""24.7""}, {""type"": ""Angle"", ""value"": ""4.61""}]"
2944992525.0,0,35.0,FirstHalf,Issa Diop,300359,495,a,32.2,27.7,43.8,8.4,Successful,22.51777076000197,-58.99260617285047,Forward,Short,"[{""type"": ""Zone"", ""value"": ""Back""}, {""type"": ""PassEndX"", ""value"": ""43.8""}, {""type"": ""PassEndY"", ""value"": ""8.4""}, {""type"": ""Length"", ""value"": ""17.9""}, {""type"": ""Angle"", ""value"": ""5.46""}]"
2944992527.0,0,38.0,FirstHalf,Ismael Saibari,404776,495,a,43.8,8.4,35.2,27.9,Successful,21.31220307711054,113.79870920290107,Backward,Short,"[{""type"": ""Zone"", ""value"": ""Back""}, {""type"": ""PassEndX"", ""value"": ""35.2""}, {""type"": ""PassEndY"", ""value"": ""27.9""}, {""type"": ""Length"", ""value"": ""16.0""}, {""type"": ""Angle"", ""value"": ""2.17""}]"
2944992529.0,0,40.0,FirstHalf,Issa Diop,300359,495,a,36.4,24.4,40.8,6.4,Successful,18.529975715040752,-76.26373169437744,Lateral,Short,"[{""type"": ""Zone"", ""value"": ""Back""}, {""type"": ""PassEndX"", ""value"": ""40.8""}, {""type"": ""PassEndY"", ""value"": ""6.4""}, {""type"": ""Length"", ""value"": ""13.1""}, {""type"": ""Angle"", ""value"": ""5.07""}]"
2944992531.0,0,42.0,FirstHalf,Ismael Saibari,404776,495,a,40.8,6.4,38.7,31.8,Successful,25.486663179004033,94.72630329294043,Lateral,Short,"[{""type"": ""Zone"", ""value"": ""Back""}, {""type"": ""PassEndX"", ""value"": ""38.7""}, {""type"": ""PassEndY"", ""value"": ""31.8""}, {""type"": ""Length"", ""value"": ""17.4""}, {""type"": ""Angle"", ""value"": ""1.70""}]"
2944992533.0,0,44.0,FirstHalf,Neil El Aynaoui,486734,495,a,38.7,31.8,29.9,28.5,Successful,9.398404119849287,-159.44395478041653,Backward,Short,"[{""type"": ""Zone"", ""value"": ""Back""}, {""type"": ""PassEndX"", ""value"": ""29.9""}, {""type"": ""PassEndY"", ""value"": ""28.5""}, {""type"": ""Length"", ""value"": ""9.5""}, {""type"": ""Angle"", ""value"": ""3.38""}]"
2944992535.0,0,47.0,FirstHalf,Ayyoub Bouaddi,504830,495,a,31.7,36.3,34.4,76.9,Successful,40.68967928111501,86.19529181259583,Lateral,Short,"[{""type"": ""Zone"", ""value"": ""Back""}, {""type"": ""PassEndX"", ""value"": ""34.4""}, {""type"": ""PassEndY"", ""value"": ""76.9""}, {""type"": ""Length"", ""value"": ""27.8""}, {""type"": ""Angle"", ""value"": ""1.47""}]"
2944992537.0,0,48.0,FirstHalf,Noussair Mazraoui,349932,495,a,34.4,76.9,41.8,65.7,Successful,13.42385935563987,-56.54669054592733,Forward,Short,"[{""type"": ""Zone"", ""value"": ""Back""}, {""type"": ""PassEndX"", ""value"": ""41.8""}, {""type"": ""PassEndY"", ""value"": ""65.7""}, {""type"": ""Length"", ""value"": ""10.9""}, {""type"": ""Angle"", ""value"": ""5.51""}]"
2944992539.0,0,50.0,FirstHalf,Azzedine Ounahi,392361,495,a,41.8,65.7,35.2,74.9,Successful,11.322543883774529,125.6553280979003,Backward,Short,"[{""type"": ""Zone"", ""value"": ""Back""}, {""type"": ""PassEndX"", ""value"": ""35.2""}, {""type"": ""PassEndY"", ""value"": ""74.9""}, {""type"": ""LayOff""}, {""type"": ""Length"", ""value"": ""9.3""}, {""type"": ""Angle"", ""value"": ""2.41""}]"
2944992541.0,0,54.0,FirstHalf,Noussair Mazraoui,349932,495,a,40.3,71.5,57.0,93.4,Successful,27.54087870784083,52.67241159977955,Forward,Short,"[{""type"": ""Zone"", ""value"": ""Left""}, {""type"": ""PassEndX"", ""value"": ""57.0""}, {""type"": ""PassEndY"", ""value"": ""93.4""}, {""type"": ""Length"", ""value"": ""23.0""}, {""type"": ""Angle"", ""value"": ""0.70""}]"
2944992543.0,1,0.0,FirstHalf,Bilal El Khannouss,433572,495,a,57.5,75.8,53.9,46.7,Successful,29.321834867552198,-97.0523060078412,Lateral,Short,"[{""type"": ""Zone"", ""value"": ""Center""}, {""type"": ""PassEndX"", ""value"": ""53.9""}, {""type"": ""PassEndY"", ""value"": ""46.7""}, {""type"": ""Length"", ""value"": ""20.1""}, {""type"": ""Angle"", ""value"": ""4.52""}]"
2944992545.0,1,3.0,FirstHalf,Ayyoub Bouaddi,504830,495,a,54.0,44.6,61.0,4.1,Successful,41.100486615124154,-80.19390724010292,Forward,Short,"[{""type"": ""Zone"", ""value"": ""Right""}, {""type"": ""PassEndX"", ""value"": ""61.0""}, {""type"": ""PassEndY"", ""value"": ""4.1""}, {""type"": ""Length"", ""value"": ""28.5""}, {""type"": ""Angle"", ""value"": ""4.97""}]"
2944992547.0,1,7.0,FirstHalf,Brahim Díaz,317541,495,a,61.5,5.1,92.1,26.1,Successful,37.11280102606107,34.460816271371776,Forward,Chipped,"[{""type"": ""Longball""}, {""type"": ""Throughball""}, {""type"": ""RegularPlay""}, {""type"": ""Zone"", ""value"": ""Center""}, {""type"": ""PassEndX"", ""value"": ""92.1""}, {""type"": ""PassEndY"", ""value"": ""26.1""}, {""type"": ""IntentionalAssist""}, {""type"": ""Chipped""}, {""type"": ""ShotAssist"", ""value"": ""16""}, {""type"": ""Length"", ""value"": ""35.2""}, {""type"": ""Angle"", ""value"": ""0.42""}, {""type"": ""BigChanceCreated""}, {""type"": ""IntentionalGoalAssist""}, {""type"": ""KeyPass""}]"
2944992551.0,2,19.0,FirstHalf,Ché Adams,256419,424,h,49.8,50.0,43.7,47.8,Successful,6.484597134749386,-160.16787014978158,Backward,Short,"[{""type"": ""Zone"", ""value"": ""Back""}, {""type"": ""PassEndX"", ""value"": ""43.7""}, {""type"": ""PassEndY"", ""value"": ""47.8""}, {""type"": ""Length"", ""value"": ""6.6""}, {""type"": ""Angle"", ""value"": ""3.37""}]"
2944992553.0,2,21.0,FirstHalf,Lewis Ferguson,396971,424,h,42.5,50.3,36.1,40.3,Successful,11.872657663724663,-122.61924307119281,Backward,Short,"[{""type"": ""Zone"", ""value"": ""Back""}, {""type"": ""PassEndX"", ""value"": ""36.1""}, {""type"": ""PassEndY"", ""value"": ""40.3""}, {""type"": ""Length"", ""value"": ""9.6""}, {""type"": ""Angle"", ""value"": ""3.93""}]"
2944992555.0,2,24.0,FirstHalf,Ryan Christie,128882,424,h,35.7,40.6,34.5,90.8,Successful,50.214340581152705,91.36935944090719,Lateral,Short,"[{""type"": ""Longball""}, {""type"": ""Zone"", ""value"": ""Back""}, {""type"": ""PassEndX"", ""value"": ""34.5""}, {""type"": ""PassEndY"", ""value"": ""90.8""}, {""type"": ""Length"", ""value"": ""34.2""}, {""type"": ""Angle"", ""value"": ""1.61""}]"
2944992557.0,2,25.0,FirstHalf,Andy Robertson,115726,424,h,34.5,90.8,68.1,80.6,Unsuccessful,35.11409973215887,-16.88679112394405,Forward,Short,"[{""type"": ""Longball""}, {""type"": ""Zone"", ""value"": ""Left""}, {""type"": ""PassEndX"", ""value"": ""68.1""}, {""type"": ""PassEndY"", ""value"": ""80.6""}, {""type"": ""Length"", ""value"": ""36.0""}, {""type"": ""Angle"", ""value"": ""6.09""}]"
2944992559.0,2,28.0,FirstHalf,Scott McTominay,336915,424,h,56.5,82.4,63.1,66.4,Unsuccessful,17.307801709055948,-67.58385252065635,Forward,Short,"[{""type"": ""HeadPass""}, {""type"": ""Zone"", ""value"": ""Center""}, {""type"": ""PassEndX"", ""value"": ""63.1""}, {""type"": ""PassEndY"", ""value"": ""66.4""}, {""type"": ""Length"", ""value"": ""12.9""}, {""type"": ""Angle"", ""value"": ""5.28""}]"
2944992563.0,2,30.0,FirstHalf,Neil El Aynaoui,486734,495,a,36.1,27.1,42.7,8.1,Successful,20.113676938839404,-70.84438755456033,Forward,Short,"[{""type"": ""HeadPass""}, {""type"": ""Zone"", ""value"": ""Back""}, {""type"": ""PassEndX"", ""value"": ""42.7""}, {""type"": ""PassEndY"", ""value"": ""8.1""}, {""type"": ""Length"", ""value"": ""14.7""}, {""type"": ""Angle"", ""value"": ""5.20""}]"
2944992575.0,2,45.0,FirstHalf,Achraf Hakimi,320834,495,a,34.9,5.8,23.9,19.3,Successful,17.414074767267998,129.17365797044425,Backward,Short,"[{""type"": ""FreekickTaken""}, {""type"": ""Zone"", ""value"": ""Back""}, {""type"": ""PassEndX"", ""value"": ""23.9""}, {""type"": ""PassEndY"", ""value"": ""19.3""}, {""type"": ""Length"", ""value"": ""14.8""}, {""type"": ""Angle"", ""value"": ""2.47""}]"
2944992577.0,2,49.0,FirstHalf,Issa Diop,300359,495,a,23.6,22.4,21.3,41.9,Successful,19.635172522796942,96.72688404900133,Lateral,Short,"[{""type"": ""Zone"", ""value"": ""Back""}, {""type"": ""PassEndX"", ""value"": ""21.3""}, {""type"": ""PassEndY"", ""value"": ""41.9""}, {""type"": ""Length"", ""value"": ""13.5""}, {""type"": ""Angle"", ""value"": ""1.75""}]"
2944992579.0,2,53.0,FirstHalf,Neil El Aynaoui,486734,495,a,24.6,41.9,35.1,12.4,Successful,31.312936623702353,-70.40771810894847,Forward,Short,"[{""type"": ""Zone"", ""value"": ""Back""}, {""type"": ""PassEndX"", ""value"": ""35.1""}, {""type"": ""PassEndY"", ""value"": ""12.4""}, {""type"": ""Length"", ""value"": ""22.9""}, {""type"": ""Angle"", ""value"": ""5.21""}]"
2944992581.0,2,55.0,FirstHalf,Achraf Hakimi,320834,495,a,35.1,12.4,25.1,15.2,Successful,10.384603988597735,164.35775354279127,Backward,Short,"[{""type"": ""Zone"", ""value"": ""Back""}, {""type"": ""PassEndX"", ""value"": ""25.1""}, {""type"": ""PassEndY"", ""value"": ""15.2""}, {""type"": ""LayOff""}, {""type"": ""Length"", ""value"": ""10.7""}, {""type"": ""Angle"", ""value"": ""2.96""}]"
2944992583.0,2,57.0,FirstHalf,Issa Diop,300359,495,a,24.8,16.8,22.3,39.4,Successful,22.737853900489373,96.31236475464807,Lateral,Short,"[{""type"": ""Zone"", ""value"": ""Back""}, {""type"": ""PassEndX"", ""value"": ""22.3""}, {""type"": ""PassEndY"", ""value"": ""39.4""}, {""type"": ""Length"", ""value"": ""15.6""}, {""type"": ""Angle"", ""value"": ""1.74""}]"
2944992585.0,3,1.0,FirstHalf,Neil El Aynaoui,486734,495,a,22.4,38.6,28.6,12.9,Successful,26.4372842780797,-76.43683019949758,Forward,Short,"[{""type"": ""Zone"", ""value"": ""Back""}, {""type"": ""PassEndX"", ""value"": ""28.6""}, {""type"": ""PassEndY"", ""value"": ""12.9""}, {""type"": ""Length"", ""value"": ""18.6""}, {""type"": ""Angle"", ""value"": ""5.07""}]"
2944992587.0,3,7.0,FirstHalf,Issa Diop,300359,495,a,33.2,5.4,75.2,16.7,Unsuccessful,43.49356274208863,15.05870320876963,Forward,Chipped,"[{""type"": ""Longball""}, {""type"": ""Zone"", ""value"": ""Right""}, {""type"": ""PassEndX"", ""value"": ""75.2""}, {""type"": ""PassEndY"", ""value"": ""16.7""}, {""type"": ""Chipped""}, {""type"": ""Length"", ""value"": ""44.8""}, {""type"": ""Angle"", ""value"": ""0.17""}]"
2944992591.0,3,10.0,FirstHalf,Jack Hendry,280210,424,h,23.8,79.3,32.8,100.0,Unsuccessful,22.571885167172017,66.50143432404792,Forward,Short,"[{""type"": ""Zone"", ""value"": ""Back""}, {""type"": ""PassEndX"", ""value"": ""32.8""}, {""type"": ""PassEndY"", ""value"": ""100.0""}, {""type"": ""Length"", ""value"": ""18.0""}, {""type"": ""Angle"", ""value"": ""1.02""}]"
2944992595.0,3,18.0,FirstHalf,Achraf Hakimi,320834,495,a,66.5,0.0,74.0,6.9,Successful,10.191172650877817,42.61405596961119,Forward,ThrowIn,"[{""type"": ""Zone"", ""value"": ""Right""}, {""type"": ""ThrowIn""}, {""type"": ""PassEndX"", ""value"": ""74.0""}, {""type"": ""PassEndY"", ""value"": ""6.9""}, {""type"": ""Length"", ""value"": ""9.9""}, {""type"": ""Angle"", ""value"": ""0.66""}]"
2944992597.0,3,19.0,FirstHalf,Brahim Díaz,317541,495,a,74.0,6.9,63.5,3.8,Successful,10.948059188732952,-163.55139187296018,Backward,Short,"[{""type"": ""Zone"", ""value"": ""Right""}, {""type"": ""PassEndX"", ""value"": ""63.5""}, {""type"": ""PassEndY"", ""value"": ""3.8""}, {""type"": ""LayOff""}, {""type"": ""Length"", ""value"": ""11.2""}, {""type"": ""Angle"", ""value"": ""3.33""}]"
2944992599.0,3,22.0,FirstHalf,Achraf Hakimi,320834,495,a,63.1,5.1,48.4,31.5,Successful,30.21671722738921,119.10985555689109,Backward,Short,"[{""type"": ""Zone"", ""value"": ""Back""}, {""type"": ""PassEndX"", ""value"": ""48.4""}, {""type"": ""PassEndY"", ""value"": ""31.5""}, {""type"": ""Length"", ""value"": ""23.7""}, {""type"": ""Angle"", ""value"": ""2.28""}]"
2944992601.0,3,26.0,FirstHalf,Chadi Riad,454342,495,a,48.4,31.5,40.3,10.2,Successful,22.788154817799533,-110.82089285331082,Backward,Short,"[{""type"": ""Zone"", ""value"": ""Back""}, {""type"": ""PassEndX"", ""value"": ""40.3""}, {""type"": ""PassEndY"", ""value"": ""10.2""}, {""type"": ""Length"", ""value"": ""16.8""}, {""type"": ""Angle"", ""value"": ""4.18""}]"
2944992603.0,3,27.0,FirstHalf,Issa Diop,300359,495,a,38.7,11.0,32.3,39.9,Successful,29.600168918436935,102.4868174055566,Backward,Short,"[{""type"": ""Zone"", ""value"": ""Back""}, {""type"": ""PassEndX"", ""value"": ""32.3""}, {""type"": ""PassEndY"", ""value"": ""39.9""}, {""type"": ""Length"", ""value"": ""20.8""}, {""type"": ""Angle"", ""value"": ""1.90""}]"
2944992605.0,3,31.0,FirstHalf,Chadi Riad,454342,495,a,32.0,44.2,34.5,21.1,Successful,23.234887561595816,-83.82319881739579,Lateral,Short,"[{""type"": ""Zone"", ""value"": ""Back""}, {""type"": ""PassEndX"", ""value"": ""34.5""}, {""type"": ""PassEndY"", ""value"": ""21.1""}, {""type"": ""Length"", ""value"": ""15.9""}, {""type"": ""Angle"", ""value"": ""4.88""}]"
2944992607.0,3,34.0,FirstHalf,Issa Diop,300359,495,a,37.5,17.1,44.3,5.6,Successful,13.360014970051493,-59.403990532937335,Forward,Short,"[{""type"": ""Zone"", ""value"": ""Back""}, {""type"": ""PassEndX"", ""value"": ""44.3""}, {""type"": ""PassEndY"", ""value"": ""5.6""}, {""type"": ""Length"", ""value"": ""10.6""}, {""type"": ""Angle"", ""value"": ""5.45""}]"
2944992609.0,3,40.0,FirstHalf,Brahim Díaz,317541,495,a,43.4,12.2,43.5,25.2,Successful,13.000384609695207,89.55927192723898,Lateral,Short,"[{""type"": ""Zone"", ""value"": ""Back""}, {""type"": ""PassEndX"", ""value"": ""43.5""}, {""type"": ""PassEndY"", ""value"": ""25.2""}, {""type"": ""Length"", ""value"": ""8.8""}, {""type"": ""Angle"", ""value"": ""1.56""}]"
2944992611.0,3,41.0,FirstHalf,Neil El Aynaoui,486734,495,a,43.5,25.2,57.2,5.4,Successful,24.077582935170216,-55.31989658124181,Forward,Short,"[{""type"": ""Zone"", ""value"": ""Right""}, {""type"": ""PassEndX"", ""value"": ""57.2""}, {""type"": ""PassEndY"", ""value"": ""5.4""}, {""type"": ""Length"", ""value"": ""19.7""}, {""type"": ""Angle"", ""value"": ""5.53""}]"
2944992613.0,3,44.0,FirstHalf,Achraf Hakimi,320834,495,a,52.4,4.6,38.3,11.9,Successful,15.877657257920642,152.62801936781966,Backward,Short,"[{""type"": ""Zone"", ""value"": ""Back""}, {""type"": ""PassEndX"", ""value"": ""38.3""}, {""type"": ""PassEndY"", ""value"": ""11.9""}, {""type"": ""Length"", ""value"": ""15.6""}, {""type"": ""Angle"", ""value"": ""2.82""}]"
2944992615.0,3,49.0,FirstHalf,Brahim Díaz,317541,495,a,36.2,23.3,31.3,47.4,Successful,24.59308845997184,101.49269351130998,Lateral,Short,"[{""type"": ""Zone"", ""value"": ""Back""}, {""type"": ""PassEndX"", ""value"": ""31.3""}, {""type"": ""PassEndY"", ""value"": ""47.4""}, {""type"": ""Length"", ""value"": ""17.2""}, {""type"": ""Angle"", ""value"": ""1.88""}]"
2944992617.0,3,56.0,FirstHalf,Chadi Riad,454342,495,a,36.2,66.7,44.6,71.1,Successful,9.482615672903753,27.64597536373864,Forward,Short,"[{""type"": ""Zone"", ""value"": ""Back""}, {""type"": ""PassEndX"", ""value"": ""44.6""}, {""type"": ""PassEndY"", ""value"": ""71.1""}, {""type"": ""Length"", ""value"": ""9.3""}, {""type"": ""Angle"", ""value"": ""0.33""}]"
2944992619.0,3,58.0,FirstHalf,Azzedine Ounahi,392361,495,a,40.0,67.7,30.9,53.1,Successful,17.203778654702578,-121.93477846315268,Backward,Short,"[{""type"": ""Zone"", ""value"": ""Back""}, {""type"": ""PassEndX"", ""value"": ""30.9""}, {""type"": ""PassEndY"", ""value"": ""53.1""}, {""type"": ""Length"", ""value"": ""13.8""}, {""type"": ""Angle"", ""value"": ""3.95""}]"
2944992621.0,4,1.0,FirstHalf,Ayyoub Bouaddi,504830,495,a,32.2,40.8,32.6,17.3,Successful,23.503404008781363,-89.02484685690744,Lateral,Short,"[{""type"": ""Zone"", ""value"": ""Back""}, {""type"": ""PassEndX"", ""value"": ""32.6""}, {""type"": ""PassEndY"", ""value"": ""17.3""}, {""type"": ""Length"", ""value"": ""16.0""}, {""type"": ""Angle"", ""value"": ""4.74""}]"
2944992623.0,4,6.0,FirstHalf,Issa Diop,300359,495,a,34.5,13.8,44.6,11.4,Successful,10.381233067415453,-13.366930696316848,Forward,Short,"[{""type"": ""Zone"", ""value"": ""Back""}, {""type"": ""PassEndX"", ""value"": ""44.6""}, {""type"": ""PassEndY"", ""value"": ""11.4""}, {""type"": ""Length"", ""value"": ""10.7""}, {""type"": ""Angle"", ""value"": ""6.13""}]"
2944992625.0,4,8.0,FirstHalf,Achraf Hakimi,320834,495,a,42.6,9.7,29.1,4.8,Successful,14.36175476743702,-160.05097781644287,Backward,Short,"[{""type"": ""Zone"", ""value"": ""Back""}, {""type"": ""PassEndX"", ""value"": ""29.1""}, {""type"": ""PassEndY"", ""value"": ""4.8""}, {""type"": ""Length"", ""value"": ""14.6""}, {""type"": ""Angle"", ""value"": ""3.37""}]"
2944992627.0,4,11.0,FirstHalf,Issa Diop,300359,495,a,28.3,11.0,24.3,43.6,Successful,32.844482032755515,96.995192297258,Lateral,Short,"[{""type"": ""Zone"", ""value"": ""Back""}, {""type"": ""PassEndX"", ""value"": ""24.3""}, {""type"": ""PassEndY"", ""value"": ""43.6""}, {""type"": ""Length"", ""value"": ""22.6""}, {""type"": ""Angle"", ""value"": ""1.76""}]"
2944992629.0,4,15.0,FirstHalf,Chadi Riad,454342,495,a,25.4,56.4,26.6,84.8,Successful,28.42534080710379,87.58049078334366,Lateral,Short,"[{""type"": ""Zone"", ""value"": ""Back""}, {""type"": ""PassEndX"", ""value"": ""26.6""}, {""type"": ""PassEndY"", ""value"": ""84.8""}, {""type"": ""Length"", ""value"": ""19.4""}, {""type"": ""Angle"", ""value"": ""1.51""}]"
2944992631.0,4,20.0,FirstHalf,Noussair Mazraoui,349932,495,a,32.1,85.3,37.7,96.7,Successful,12.701181047445948,63.83843355798077,Forward,Short,"[{""type"": ""Zone"", ""value"": ""Back""}, {""type"": ""PassEndX"", ""value"": ""37.7""}, {""type"": ""PassEndY"", ""value"": ""96.7""}, {""type"": ""Length"", ""value"": ""9.7""}, {""type"": ""Angle"", ""value"": ""0.92""}]"
2944992633.0,4,22.0,FirstHalf,Azzedine Ounahi,392361,495,a,37.7,96.7,30.8,85.7,Successful,12.984991336154215,-122.09892725478522,Backward,Short,"[{""type"": ""Zone"", ""value"": ""Back""}, {""type"": ""PassEndX"", ""value"": ""30.8""}, {""type"": ""PassEndY"", ""value"": ""85.7""}, {""type"": ""Length"", ""value"": ""10.4""}, {""type"": ""Angle"", ""value"": ""3.94""}]"
2944992635.0,4,24.0,FirstHalf,Noussair Mazraoui,349932,495,a,31.4,85.7,35.8,97.0,Successful,12.126417442921875,68.72503002829329,Lateral,Short,"[{""type"": ""Zone"", ""value"": ""Back""}, {""type"": ""PassEndX"", ""value"": ""35.8""}, {""type"": ""PassEndY"", ""value"": ""97.0""}, {""type"": ""Length"", ""value"": ""9.0""}, {""type"": ""Angle"", ""value"": ""1.03""}]"
2944992637.0,4,26.0,FirstHalf,Azzedine Ounahi,392361,495,a,35.8,97.0,28.5,86.3,Successful,12.952991932368368,-124.30348926422187,Backward,Short,"[{""type"": ""Zone"", ""value"": ""Back""}, {""type"": ""PassEndX"", ""value"": ""28.5""}, {""type"": ""PassEndY"", ""value"": ""86.3""}, {""type"": ""Length"", ""value"": ""10.6""}, {""type"": ""Angle"", ""value"": ""3.90""}]"
2944992639.0,4,29.0,FirstHalf,Noussair Mazraoui,349932,495,a,28.4,86.2,23.0,68.5,Successful,18.505404615949363,-106.96614810853619,Backward,Short,"[{""type"": ""Zone"", ""value"": ""Back""}, {""type"": ""PassEndX"", ""value"": ""23.0""}, {""type"": ""PassEndY"", ""value"": ""68.5""}, {""type"": ""Length"", ""value"": ""13.3""}, {""type"": ""Angle"", ""value"": ""4.27""}]"
2944992641.0,4,31.0,FirstHalf,Chadi Riad,454342,495,a,23.9,66.0,27.5,23.9,Successful,42.25363889654949,-85.11248790976398,Lateral,Short,"[{""type"": ""Zone"", ""value"": ""Back""}, {""type"": ""PassEndX"", ""value"": ""27.5""}, {""type"": ""PassEndY"", ""value"": ""23.9""}, {""type"": ""Length"", ""value"": ""28.9""}, {""type"": ""Angle"", ""value"": ""4.84""}]"
2944992643.0,4,36.0,FirstHalf,Issa Diop,300359,495,a,36.1,13.8,40.4,3.0,Successful,11.624543001770006,-68.29011724012878,Lateral,Short,"[{""type"": ""Zone"", ""value"": ""Back""}, {""type"": ""PassEndX"", ""value"": ""40.4""}, {""type"": ""PassEndY"", ""value"": ""3.0""}, {""type"": ""Length"", ""value"": ""8.6""}, {""type"": ""Angle"", ""value"": ""5.26""}]"
2944992645.0,4,39.0,FirstHalf,Brahim Díaz,317541,495,a,38.7,4.8,31.4,20.5,Successful,17.31415605797753,114.93692733391177,Backward,Short,"[{""type"": ""Zone"", ""value"": ""Back""}, {""type"": ""PassEndX"", ""value"": ""31.4""}, {""type"": ""PassEndY"", ""value"": ""20.5""}, {""type"": ""Length"", ""value"": ""13.1""}, {""type"": ""Angle"", ""value"": ""2.19""}]"
2944992647.0,4,41.0,FirstHalf,Issa Diop,300359,495,a,31.4,20.5,30.2,40.4,Successful,19.936148073286372,93.45084319375115,Lateral,Short,"[{""type"": ""Zone"", ""value"": ""Back""}, {""type"": ""PassEndX"", ""value"": ""30.2""}, {""type"": ""PassEndY"", ""value"": ""40.4""}, {""type"": ""Length"", ""value"": ""13.6""}, {""type"": ""Angle"", ""value"": ""1.66""}]"
2944992649.0,4,44.0,FirstHalf,Chadi Riad,454342,495,a,30.8,43.6,34.9,29.7,Successful,14.492066795319433,-73.56583679374658,Lateral,Short,"[{""type"": ""Zone"", ""value"": ""Back""}, {""type"": ""PassEndX"", ""value"": ""34.9""}, {""type"": ""PassEndY"", ""value"": ""29.7""}, {""type"": ""Length"", ""value"": ""10.4""}, {""type"": ""Angle"", ""value"": ""5.14""}]"
2944992651.0,4,46.0,FirstHalf,Neil El Aynaoui,486734,495,a,34.7,27.5,37.3,13.5,Successful,14.23938200906205,-79.47921568612566,Lateral,Short,"[{""type"": ""Zone"", ""value"": ""Back""}, {""type"": ""PassEndX"", ""value"": ""37.3""}, {""type"": ""PassEndY"", ""value"": ""13.5""}, {""type"": ""Length"", ""value"": ""9.9""}, {""type"": ""Angle"", ""value"": ""4.99""}]"
2944992653.0,4,49.0,FirstHalf,Issa Diop,300359,495,a,38.1,9.7,53.9,14.5,Successful,16.513025161974408,16.898648694038233,Forward,Short,"[{""type"": ""Zone"", ""value"": ""Right""}, {""type"": ""PassEndX"", ""value"": ""53.9""}, {""type"": ""PassEndY"", ""value"": ""14.5""}, {""type"": ""Length"", ""value"": ""16.9""}, {""type"": ""Angle"", ""value"": ""0.19""}]"
2944992659.0,4,53.0,FirstHalf,Andy Robertson,115726,424,h,56.3,82.6,69.8,69.7,Successful,18.672439583514517,-43.69804732742111,Forward,Short,"[{""type"": ""Zone"", ""value"": ""Center""}, {""type"": ""PassEndX"", ""value"": ""69.8""}, {""type"": ""PassEndY"", ""value"": ""69.7""}, {""type"": ""Length"", ""value"": ""16.7""}, {""type"": ""Angle"", ""value"": ""5.73""}]"
2944992661.0,4,54.0,FirstHalf,Ché Adams,256419,424,h,71.9,70.2,63.5,57.5,Successful,15.226621424334427,-123.48134065512053,Backward,Short,"[{""type"": ""Zone"", ""value"": ""Center""}, {""type"": ""PassEndX"", ""value"": ""63.5""}, {""type"": ""PassEndY"", ""value"": ""57.5""}, {""type"": ""Length"", ""value"": ""12.3""}, {""type"": ""Angle"", ""value"": ""3.92""}]"
2944992665.0,4,56.0,FirstHalf,Ryan Christie,128882,424,h,63.8,49.9,71.4,48.9,Successful,7.665507158694728,-7.49585763972985,Forward,Short,"[{""type"": ""Zone"", ""value"": ""Center""}, {""type"": ""PassEndX"", ""value"": ""71.4""}, {""type"": ""PassEndY"", ""value"": ""48.9""}, {""type"": ""Length"", ""value"": ""8.0""}, {""type"": ""Angle"", ""value"": ""6.20""}, {""type"": ""OppositeRelatedEvent"", ""value"": ""69""}]"
2944992667.0,4,57.0,FirstHalf,John McGinn,318449,424,h,68.5,50.7,70.9,51.9,Unsuccessful,2.683281572999751,26.565051177077855,Lateral,Short,"[{""type"": ""Zone"", ""value"": ""Center""}, {""type"": ""PassEndX"", ""value"": ""70.9""}, {""type"": ""PassEndY"", ""value"": ""51.9""}, {""type"": ""Length"", ""value"": ""2.6""}, {""type"": ""Angle"", ""value"": ""0.31""}, {""type"": ""OppositeRelatedEvent"", ""value"": ""69""}, {""type"": ""Offensive""}]"
2944992669.0,4,58.0,FirstHalf,Neil El Aynaoui,486734,495,a,31.1,35.3,28.8,54.0,Successful,18.84091292904885,97.01185827447512,Lateral,Short,"[{""type"": ""Zone"", ""value"": ""Back""}, {""type"": ""PassEndX"", ""value"": ""28.8""}, {""type"": ""PassEndY"", ""value"": ""54.0""}, {""type"": ""Length"", ""value"": ""12.9""}, {""type"": ""Angle"", ""value"": ""1.76""}]"
2944992673.0,4,59.0,FirstHalf,Ismael Saibari,404776,495,a,28.9,55.4,33.8,67.0,Successful,12.592458060283546,67.10013347153443,Lateral,Short,"[{""type"": ""Zone"", ""value"": ""Back""}, {""type"": ""PassEndX"", ""value"": ""33.8""}, {""type"": ""PassEndY"", ""value"": ""67.0""}, {""type"": ""Length"", ""value"": ""9.4""}, {""type"": ""Angle"", ""value"": ""0.99""}]"
2944992675.0,5,2.0,FirstHalf,Azzedine Ounahi,392361,495,a,35.7,71.3,36.9,90.3,Successful,19.037857022259622,86.38611924799638,Lateral,Short,"[{""type"": ""Zone"", ""value"": ""Back""}, {""type"": ""PassEndX"", ""value"": ""36.9""}, {""type"": ""PassEndY"", ""value"": ""90.3""}, {""type"": ""Length"", ""value"": ""13.0""}, {""type"": ""Angle"", ""value"": ""1.47""}]"
2944992677.0,5,5.0,FirstHalf,Bilal El Khannouss,433572,495,a,37.3,88.3,44.8,72.6,Successful,17.399425277864786,-64.46586700835243,Forward,Short,"[{""type"": ""Zone"", ""value"": ""Back""}, {""type"": ""PassEndX"", ""value"": ""44.8""}, {""type"": ""PassEndY"", ""value"": ""72.6""}, {""type"": ""Length"", ""value"": ""13.3""}, {""type"": ""Angle"", ""value"": ""5.35""}]"
2944992679.0,5,7.0,FirstHalf,Neil El Aynaoui,486734,495,a,55.6,76.1,67.4,90.6,Successful,18.694651641579206,50.861541398196465,Forward,Short,"[{""type"": ""Zone"", ""value"": ""Left""}, {""type"": ""PassEndX"", ""value"": ""67.4""}, {""type"": ""PassEndY"", ""value"": ""90.6""}, {""type"": ""Length"", ""value"": ""15.8""}, {""type"": ""Angle"", ""value"": ""0.67""}]"
2944992681.0,5,9.0,FirstHalf,Azzedine Ounahi,392361,495,a,65.3,88.8,61.6,71.6,Successful,17.593464695732905,-102.14024796027822,Lateral,Short,"[{""type"": ""Zone"", ""value"": ""Center""}, {""type"": ""PassEndX"", ""value"": ""61.6""}, {""type"": ""PassEndY"", ""value"": ""71.6""}, {""type"": ""Length"", ""value"": ""12.3""}, {""type"": ""Angle"", ""value"": ""4.39""}]"
2944992683.0,5,12.0,FirstHalf,Bilal El Khannouss,433572,495,a,62.8,67.3,64.3,34.5,Successful,32.83428086619227,-87.38159053486653,Lateral,Short,"[{""type"": ""Zone"", ""value"": ""Center""}, {""type"": ""PassEndX"", ""value"": ""64.3""}, {""type"": ""PassEndY"", ""value"": ""34.5""}, {""type"": ""Length"", ""value"": ""22.4""}, {""type"": ""Angle"", ""value"": ""4.78""}]"
2944992685.0,5,19.0,FirstHalf,Brahim Díaz,317541,495,a,60.2,23.4,62.8,31.0,Successful,8.032434251209281,71.11391263029076,Lateral,Short,"[{""type"": ""Zone"", ""value"": ""Center""}, {""type"": ""PassEndX"", ""value"": ""62.8""}, {""type"": ""PassEndY"", ""value"": ""31.0""}, {""type"": ""Length"", ""value"": ""5.8""}, {""type"": ""Angle"", ""value"": ""1.08""}]"
2944992687.0,5,23.0,FirstHalf,Bilal El Khannouss,433572,495,a,64.3,17.1,69.3,3.6,Successful,14.39618004888797,-69.67686317033707,Lateral,Short,"[{""type"": ""Zone"", ""value"": ""Right""}, {""type"": ""PassEndX"", ""value"": ""69.3""}, {""type"": ""PassEndY"", ""value"": ""3.6""}, {""type"": ""Length"", ""value"": ""10.6""}, {""type"": ""Angle"", ""value"": ""5.23""}]"
2944992689.0,5,27.0,FirstHalf,Achraf Hakimi,320834,495,a,69.3,3.6,63.9,11.0,Successful,9.16078599247903,126.11934084947974,Backward,Short,"[{""type"": ""Zone"", ""value"": ""Right""}, {""type"": ""PassEndX"", ""value"": ""63.9""}, {""type"": ""PassEndY"", ""value"": ""11.0""}, {""type"": ""Length"", ""value"": ""7.6""}, {""type"": ""Angle"", ""value"": ""2.42""}]"
2944992691.0,5,28.0,FirstHalf,Bilal El Khannouss,433572,495,a,63.9,11.0,62.6,26.1,Successful,15.155856953666461,94.92061603636398,Lateral,Short,"[{""type"": ""Zone"", ""value"": ""Center""}, {""type"": ""PassEndX"", ""value"": ""62.6""}, {""type"": ""PassEndY"", ""value"": ""26.1""}, {""type"": ""Length"", ""value"": ""10.4""}, {""type"": ""Angle"", ""value"": ""1.70""}]"
2944992693.0,5,29.0,FirstHalf,Ayyoub Bouaddi,504830,495,a,62.6,26.1,64.1,10.7,Successful,15.472879499304582,-84.43679117925603,Lateral,Short,"[{""type"": ""Zone"", ""value"": ""Right""}, {""type"": ""PassEndX"", ""value"": ""64.1""}, {""type"": ""PassEndY"", ""value"": ""10.7""}, {""type"": ""Length"", ""value"": ""10.6""}, {""type"": ""Angle"", ""value"": ""4.86""}]"
2944992695.0,5,31.0,FirstHalf,Bilal El Khannouss,433572,495,a,62.4,13.5,53.7,42.4,Successful,30.18111992620552,106.75379430908194,Backward,Short,"[{""type"": ""Zone"", ""value"": ""Center""}, {""type"": ""PassEndX"", ""value"": ""53.7""}, {""type"": ""PassEndY"", ""value"": ""42.4""}, {""type"": ""Length"", ""value"": ""21.7""}, {""type"": ""Angle"", ""value"": ""2.01""}]"
2944992697.0,5,33.0,FirstHalf,Neil El Aynaoui,486734,495,a,53.3,45.0,60.8,60.4,Successful,17.12921480979207,64.03331641021936,Forward,Short,"[{""type"": ""Zone"", ""value"": ""Center""}, {""type"": ""PassEndX"", ""value"": ""60.8""}, {""type"": ""PassEndY"", ""value"": ""60.4""}, {""type"": ""Length"", ""value"": ""13.1""}, {""type"": ""Angle"", ""value"": ""0.93""}]"
2944992699.0,5,35.0,FirstHalf,Azzedine Ounahi,392361,495,a,60.8,60.4,46.4,57.3,Successful,14.72990156111031,-167.85090839255867,Backward,Short,"[{""type"": ""Zone"", ""value"": ""Back""}, {""type"": ""PassEndX"", ""value"": ""46.4""}, {""type"": ""PassEndY"", ""value"": ""57.3""}, {""type"": ""Length"", ""value"": ""15.3""}, {""type"": ""Angle"", ""value"": ""3.28""}]"
2944992701.0,5,37.0,FirstHalf,Chadi Riad,454342,495,a,46.0,66.5,62.7,93.7,Successful,31.917550031291565,58.45129882045654,Forward,Short,"[{""type"": ""Zone"", ""value"": ""Left""}, {""type"": ""PassEndX"", ""value"": ""62.7""}, {""type"": ""PassEndY"", ""value"": ""93.7""}, {""type"": ""Length"", ""value"": ""25.5""}, {""type"": ""Angle"", ""value"": ""0.81""}]"
2944992703.0,5,41.0,FirstHalf,Noussair Mazraoui,349932,495,a,58.2,93.4,44.2,64.0,Successful,32.56316937891643,-115.46334506187162,Backward,Short,"[{""type"": ""Zone"", ""value"": ""Back""}, {""type"": ""PassEndX"", ""value"": ""44.2""}, {""type"": ""PassEndY"", ""value"": ""64.0""}, {""type"": ""Length"", ""value"": ""24.8""}, {""type"": ""Angle"", ""value"": ""4.08""}]"
2944992705.0,5,44.0,FirstHalf,Neil El Aynaoui,486734,495,a,45.8,54.5,44.1,24.4,Successful,30.147968422432715,-93.23254011374587,Lateral,Short,"[{""type"": ""Zone"", ""value"": ""Back""}, {""type"": ""PassEndX"", ""value"": ""44.1""}, {""type"": ""PassEndY"", ""value"": ""24.4""}, {""type"": ""Length"", ""value"": ""20.5""}, {""type"": ""Angle"", ""value"": ""4.63""}]"
2944992707.0,5,48.0,FirstHalf,Issa Diop,300359,495,a,46.6,21.9,62.8,4.8,Successful,23.555254190944318,-46.548157698977974,Forward,Short,"[{""type"": ""Zone"", ""value"": ""Right""}, {""type"": ""PassEndX"", ""value"": ""62.8""}, {""type"": ""PassEndY"", ""value"": ""4.8""}, {""type"": ""Length"", ""value"": ""20.6""}, {""type"": ""Angle"", ""value"": ""5.68""}]"
2944992709.0,5,52.0,FirstHalf,Brahim Díaz,317541,495,a,62.5,4.6,54.1,15.5,Successful,13.761177275218861,127.61936364115917,Backward,Short,"[{""type"": ""Zone"", ""value"": ""Right""}, {""type"": ""PassEndX"", ""value"": ""54.1""}, {""type"": ""PassEndY"", ""value"": ""15.5""}, {""type"": ""Length"", ""value"": ""11.5""}, {""type"": ""Angle"", ""value"": ""2.44""}]"
2944992711.0,5,54.0,FirstHalf,Achraf Hakimi,320834,495,a,54.1,15.5,42.7,36.0,Successful,23.45655558687166,119.07832905818206,Backward,Short,"[{""type"": ""Zone"", ""value"": ""Back""}, {""type"": ""PassEndX"", ""value"": ""42.7""}, {""type"": ""PassEndY"", ""value"": ""36.0""}, {""type"": ""Length"", ""value"": ""18.4""}, {""type"": ""Angle"", ""value"": ""2.28""}]"
2944992715.0,5,57.0,FirstHalf,Neil El Aynaoui,486734,495,a,42.7,36.0,63.0,93.4,Successful,60.8839059193807,70.52342450106802,Forward,Chipped,"[{""type"": ""Longball""}, {""type"": ""Zone"", ""value"": ""Left""}, {""type"": ""PassEndX"", ""value"": ""63.0""}, {""type"": ""PassEndY"", ""value"": ""93.4""}, {""type"": ""Chipped""}, {""type"": ""Length"", ""value"": ""44.5""}, {""type"": ""Angle"", ""value"": ""1.07""}]"
2944992723.0,6,7.0,FirstHalf,John McGinn,318449,424,h,38.5,31.3,60.1,70.5,Successful,44.75712233823797,61.14433878028348,Forward,Short,"[{""type"": ""Longball""}, {""type"": ""Zone"", ""value"": ""Center""}, {""type"": ""PassEndX"", ""value"": ""60.1""}, {""type"": ""PassEndY"", ""value"": ""70.5""}, {""type"": ""Length"", ""value"": ""35.0""}, {""type"": ""Angle"", ""value"": ""0.87""}]"
2944992725.0,6,11.0,FirstHalf,Kieran Tierney,297403,424,h,64.8,73.0,83.4,38.2,Unsuccessful,39.45883931389772,-61.876264616711175,Forward,Chipped,"[{""type"": ""Zone"", ""value"": ""Center""}, {""type"": ""PassEndX"", ""value"": ""83.4""}, {""type"": ""PassEndY"", ""value"": ""38.2""}, {""type"": ""Chipped""}, {""type"": ""Length"", ""value"": ""30.7""}, {""type"": ""Angle"", ""value"": ""5.40""}]"
2944992729.0,6,17.0,FirstHalf,Ryan Christie,128882,424,h,83.3,35.4,87.1,38.6,Unsuccessful,4.9678969393496875,40.100907546212284,Lateral,Short,"[{""type"": ""Zone"", ""value"": ""Center""}, {""type"": ""PassEndX"", ""value"": ""87.1""}, {""type"": ""PassEndY"", ""value"": ""38.6""}, {""type"": ""Length"", ""value"": ""4.5""}, {""type"": ""Angle"", ""value"": ""0.50""}, {""type"": ""OppositeRelatedEvent"", ""value"": ""96""}, {""type"": ""Offensive""}]"
2944992739.0,6,19.0,FirstHalf,Noussair Mazraoui,349932,495,a,13.5,63.7,20.0,78.2,Successful,15.890248582070704,65.85445803957835,Forward,Short,"[{""type"": ""Zone"", ""value"": ""Back""}, {""type"": ""PassEndX"", ""value"": ""20.0""}, {""type"": ""PassEndY"", ""value"": ""78.2""}, {""type"": ""Length"", ""value"": ""12.0""}, {""type"": ""Angle"", ""value"": ""0.97""}]"
2944992741.0,6,21.0,FirstHalf,Bilal El Khannouss,433572,495,a,9.5,75.9,3.6,56.8,Successful,19.990497742677654,-107.16594605944917,Backward,Short,"[{""type"": ""Zone"", ""value"": ""Back""}, {""type"": ""PassEndX"", ""value"": ""3.6""}, {""type"": ""PassEndY"", ""value"": ""56.8""}, {""type"": ""Length"", ""value"": ""14.4""}, {""type"": ""Angle"", ""value"": ""4.27""}]"
2944992743.0,6,23.0,FirstHalf,Yassine Bounou,136220,495,a,3.6,56.8,37.5,92.1,Unsuccessful,48.941802173602056,46.159005058893406,Forward,Short,"[{""type"": ""Longball""}, {""type"": ""Zone"", ""value"": ""Back""}, {""type"": ""PassEndX"", ""value"": ""37.5""}, {""type"": ""PassEndY"", ""value"": ""92.1""}, {""type"": ""Length"", ""value"": ""42.9""}, {""type"": ""Angle"", ""value"": ""0.59""}]"
2944992747.0,6,27.0,FirstHalf,Grant Hanley,86593,424,h,55.8,5.0,72.6,21.9,Successful,23.829603437741046,45.1700166508803,Forward,Short,"[{""type"": ""HeadPass""}, {""type"": ""Zone"", ""value"": ""Center""}, {""type"": ""PassEndX"", ""value"": ""72.6""}, {""type"": ""PassEndY"", ""value"": ""21.9""}, {""type"": ""Length"", ""value"": ""21.1""}, {""type"": ""Angle"", ""value"": ""0.58""}]"
2944992749.0,6,29.0,FirstHalf,Ryan Christie,128882,424,h,72.2,21.6,55.7,0.0,Unsuccessful,27.181059581995697,-127.37580749554817,Backward,Short,"[{""type"": ""HeadPass""}, {""type"": ""Zone"", ""value"": ""Right""}, {""type"": ""PassEndX"", ""value"": ""55.7""}, {""type"": ""PassEndY"", ""value"": ""0.0""}, {""type"": ""Length"", ""value"": ""23.4""}, {""type"": ""Angle"", ""value"": ""3.88""}]"
2944992753.0,6,38.0,FirstHalf,Noussair Mazraoui,349932,495,a,32.0,100.0,25.8,80.8,Successful,20.176223630798706,-107.89613292503924,Backward,ThrowIn,"[{""type"": ""Zone"", ""value"": ""Back""}, {""type"": ""ThrowIn""}, {""type"": ""PassEndX"", ""value"": ""25.8""}, {""type"": ""PassEndY"", ""value"": ""80.8""}, {""type"": ""Length"", ""value"": ""15.0""}, {""type"": ""Angle"", ""value"": ""4.26""}]"
2944992755.0,6,41.0,FirstHalf,Chadi Riad,454342,495,a,32.2,80.9,39.5,82.7,Successful,7.518643494673753,13.851419013804975,Forward,Short,"[{""type"": ""Zone"", ""value"": ""Back""}, {""type"": ""PassEndX"", ""value"": ""39.5""}, {""type"": ""PassEndY"", ""value"": ""82.7""}, {""type"": ""Length"", ""value"": ""7.8""}, {""type"": ""Angle"", ""value"": ""0.16""}]"
2944992757.0,6,42.0,FirstHalf,Neil El Aynaoui,486734,495,a,39.5,82.7,37.7,65.5,Successful,17.293929570806053,-95.97432328648061,Lateral,Short,"[{""type"": ""Zone"", ""value"": ""Back""}, {""type"": ""PassEndX"", ""value"": ""37.7""}, {""type"": ""PassEndY"", ""value"": ""65.5""}, {""type"": ""Length"", ""value"": ""11.8""}, {""type"": ""Angle"", ""value"": ""4.55""}]"
2944992759.0,6,43.0,FirstHalf,Ayyoub Bouaddi,504830,495,a,37.7,65.5,35.3,81.5,Successful,16.17899873292535,98.53076560994815,Lateral,Short,"[{""type"": ""Zone"", ""value"": ""Back""}, {""type"": ""PassEndX"", ""value"": ""35.3""}, {""type"": ""PassEndY"", ""value"": ""81.5""}, {""type"": ""Length"", ""value"": ""11.2""}, {""type"": ""Angle"", ""value"": ""1.80""}]"
2944992761.0,6,45.0,FirstHalf,Neil El Aynaoui,486734,495,a,35.3,81.5,36.7,62.5,Successful,19.051509126575773,-85.78582147726594,Lateral,Short,"[{""type"": ""Zone"", ""value"": ""Back""}, {""type"": ""PassEndX"", ""value"": ""36.7""}, {""type"": ""PassEndY"", ""value"": ""62.5""}, {""type"": ""Length"", ""value"": ""13.0""}, {""type"": ""Angle"", ""value"": ""4.83""}]"
2944992763.0,6,51.0,FirstHalf,Ayyoub Bouaddi,504830,495,a,44.3,46.0,43.1,65.8,Successful,19.836330305779846,93.46822925891715,Lateral,Short,"[{""type"": ""Zone"", ""value"": ""Back""}, {""type"": ""PassEndX"", ""value"": ""43.1""}, {""type"": ""PassEndY"", ""value"": ""65.8""}, {""type"": ""Length"", ""value"": ""13.5""}, {""type"": ""Angle"", ""value"": ""1.66""}]"
2944992765.0,6,54.0,FirstHalf,Neil El Aynaoui,486734,495,a,45.2,67.2,60.2,94.1,Successful,30.79951298316257,60.855052583311725,Forward,Short,"[{""type"": ""Zone"", ""value"": ""Left""}, {""type"": ""PassEndX"", ""value"": ""60.2""}, {""type"": ""PassEndY"", ""value"": ""94.1""}, {""type"": ""Length"", ""value"": ""24.1""}, {""type"": ""Angle"", ""value"": ""0.86""}]"
2944992767.0,6,57.0,FirstHalf,Bilal El Khannouss,433572,495,a,60.2,94.1,43.8,74.6,Successful,25.479599682883563,-130.0646959665729,Backward,Short,"[{""type"": ""Zone"", ""value"": ""Back""}, {""type"": ""PassEndX"", ""value"": ""43.8""}, {""type"": ""PassEndY"", ""value"": ""74.6""}, {""type"": ""Length"", ""value"": ""21.7""}, {""type"": ""Angle"", ""value"": ""3.80""}]"
2944992769.0,7,1.0,FirstHalf,Neil El Aynaoui,486734,495,a,45.5,65.7,54.7,27.5,Successful,39.29223841931127,-76.45889291794853,Forward,Short,"[{""type"": ""Zone"", ""value"": ""Center""}, {""type"": ""PassEndX"", ""value"": ""54.7""}, {""type"": ""PassEndY"", ""value"": ""27.5""}, {""type"": ""Length"", ""value"": ""27.7""}, {""type"": ""Angle"", ""value"": ""5.07""}]"
2944992771.0,7,5.0,FirstHalf,Azzedine Ounahi,392361,495,a,59.2,22.8,60.5,3.8,Successful,19.04442175546425,-86.08586278138758,Lateral,Short,"[{""type"": ""Zone"", ""value"": ""Right""}, {""type"": ""PassEndX"", ""value"": ""60.5""}, {""type"": ""PassEndY"", ""value"": ""3.8""}, {""type"": ""Length"", ""value"": ""13.0""}, {""type"": ""Angle"", ""value"": ""4.82""}]"
2944992773.0,7,8.0,FirstHalf,Brahim Díaz,317541,495,a,60.4,14.3,61.1,25.1,Successful,10.82266141020775,86.29157184286954,Lateral,Short,"[{""type"": ""Zone"", ""value"": ""Center""}, {""type"": ""PassEndX"", ""value"": ""61.1""}, {""type"": ""PassEndY"", ""value"": ""25.1""}, {""type"": ""Length"", ""value"": ""7.4""}, {""type"": ""Angle"", ""value"": ""1.47""}]"
2944992775.0,7,9.0,FirstHalf,Ayyoub Bouaddi,504830,495,a,61.1,25.1,64.9,2.3,Successful,23.114497615133235,-80.53767779197437,Lateral,Short,"[{""type"": ""Zone"", ""value"": ""Right""}, {""type"": ""PassEndX"", ""value"": ""64.9""}, {""type"": ""PassEndY"", ""value"": ""2.3""}, {""type"": ""Length"", ""value"": ""16.0""}, {""type"": ""Angle"", ""value"": ""4.96""}]"
2944992777.0,7,11.0,FirstHalf,Azzedine Ounahi,392361,495,a,64.9,2.3,65.4,12.2,Successful,9.91261822123701,87.10873040377943,Lateral,Short,"[{""type"": ""Zone"", ""value"": ""Right""}, {""type"": ""PassEndX"", ""value"": ""65.4""}, {""type"": ""PassEndY"", ""value"": ""12.2""}, {""type"": ""Length"", ""value"": ""6.8""}, {""type"": ""Angle"", ""value"": ""1.49""}]"
2944992779.0,7,13.0,FirstHalf,Achraf Hakimi,320834,495,a,65.4,12.2,64.0,26.6,Successful,14.467895493125463,95.55297103303683,Lateral,Short,"[{""type"": ""Zone"", ""value"": ""Center""}, {""type"": ""PassEndX"", ""value"": ""64.0""}, {""type"": ""PassEndY"", ""value"": ""26.6""}, {""type"": ""Length"", ""value"": ""9.9""}, {""type"": ""Angle"", ""value"": ""1.72""}]"
2944992781.0,7,16.0,FirstHalf,Brahim Díaz,317541,495,a,63.9,26.1,38.8,10.5,Successful,29.552834043455125,-148.13847246401946,Backward,Short,"[{""type"": ""Zone"", ""value"": ""Back""}, {""type"": ""PassEndX"", ""value"": ""38.8""}, {""type"": ""PassEndY"", ""value"": ""10.5""}, {""type"": ""Length"", ""value"": ""28.4""}, {""type"": ""Angle"", ""value"": ""3.52""}]"
2944992783.0,7,19.0,FirstHalf,Issa Diop,300359,495,a,38.9,10.5,57.4,4.3,Successful,19.511278789459187,-18.52781062088744,Forward,Short,"[{""type"": ""Zone"", ""value"": ""Right""}, {""type"": ""PassEndX"", ""value"": ""57.4""}, {""type"": ""PassEndY"", ""value"": ""4.3""}, {""type"": ""Length"", ""value"": ""19.9""}, {""type"": ""Angle"", ""value"": ""6.07""}]"
2944992785.0,7,22.0,FirstHalf,Azzedine Ounahi,392361,495,a,51.4,10.2,57.9,22.1,Successful,13.55949851580065,61.35581710101725,Forward,Short,"[{""type"": ""Zone"", ""value"": ""Center""}, {""type"": ""PassEndX"", ""value"": ""57.9""}, {""type"": ""PassEndY"", ""value"": ""22.1""}, {""type"": ""Length"", ""value"": ""10.6""}, {""type"": ""Angle"", ""value"": ""0.87""}]"
2944992787.0,7,23.0,FirstHalf,Ayyoub Bouaddi,504830,495,a,57.9,22.1,60.8,14.7,Successful,7.947955712005448,-68.60018986791779,Lateral,Short,"[{""type"": ""Zone"", ""value"": ""Right""}, {""type"": ""PassEndX"", ""value"": ""60.8""}, {""type"": ""PassEndY"", ""value"": ""14.7""}, {""type"": ""Length"", ""value"": ""5.9""}, {""type"": ""Angle"", ""value"": ""5.26""}]"
2944992789.0,7,28.0,FirstHalf,Brahim Díaz,317541,495,a,61.0,28.7,79.8,26.9,Unsuccessful,18.88597363124284,-5.4690949701119385,Forward,Chipped,"[{""type"": ""Zone"", ""value"": ""Center""}, {""type"": ""PassEndX"", ""value"": ""79.8""}, {""type"": ""PassEndY"", ""value"": ""26.9""}, {""type"": ""Chipped""}, {""type"": ""Length"", ""value"": ""19.8""}, {""type"": ""Angle"", ""value"": ""6.22""}]"
2944992793.0,7,31.0,FirstHalf,Andy Robertson,115726,424,h,24.3,79.1,46.4,56.0,Successful,31.969047530384756,-46.26739898523326,Forward,Short,"[{""type"": ""Longball""}, {""type"": ""Zone"", ""value"": ""Back""}, {""type"": ""PassEndX"", ""value"": ""46.4""}, {""type"": ""PassEndY"", ""value"": ""56.0""}, {""type"": ""Length"", ""value"": ""28.0""}, {""type"": ""Angle"", ""value"": ""5.69""}]"
2944992799.0,7,35.0,FirstHalf,Neil El Aynaoui,486734,495,a,56.7,44.6,47.3,58.3,Successful,16.614752480852673,124.45524112499326,Backward,Short,"[{""type"": ""Zone"", ""value"": ""Back""}, {""type"": ""PassEndX"", ""value"": ""47.3""}, {""type"": ""PassEndY"", ""value"": ""58.3""}, {""type"": ""Length"", ""value"": ""13.6""}, {""type"": ""Angle"", ""value"": ""2.39""}]"
2944992801.0,7,36.0,FirstHalf,Noussair Mazraoui,349932,495,a,50.4,58.1,70.7,60.7,Successful,20.465825172711707,7.298639391740287,Forward,Short,"[{""type"": ""Zone"", ""value"": ""Center""}, {""type"": ""PassEndX"", ""value"": ""70.7""}, {""type"": ""PassEndY"", ""value"": ""60.7""}, {""type"": ""Length"", ""value"": ""21.4""}, {""type"": ""Angle"", ""value"": ""0.08""}]"
2944992803.0,7,40.0,FirstHalf,Ismael Saibari,404776,495,a,71.6,68.8,72.4,91.1,Successful,22.314345161801185,87.94542711907428,Lateral,Short,"[{""type"": ""Zone"", ""value"": ""Left""}, {""type"": ""PassEndX"", ""value"": ""72.4""}, {""type"": ""PassEndY"", ""value"": ""91.1""}, {""type"": ""Length"", ""value"": ""15.2""}, {""type"": ""Angle"", ""value"": ""1.52""}]"
2944992805.0,7,43.0,FirstHalf,Bilal El Khannouss,433572,495,a,71.4,87.1,98.6,74.6,Successful,29.934762400927777,-24.681563783954637,Forward,Short,"[{""type"": ""Zone"", ""value"": ""Center""}, {""type"": ""PassEndX"", ""value"": ""98.6""}, {""type"": ""PassEndY"", ""value"": ""74.6""}, {""type"": ""Length"", ""value"": ""29.8""}, {""type"": ""Angle"", ""value"": ""5.99""}]"
2944992813.0,8,12.0,FirstHalf,Jack Hendry,280210,424,h,5.4,62.6,2.7,49.4,Successful,13.473306943731375,-101.56013079421777,Lateral,GoalKick,"[{""type"": ""Zone"", ""value"": ""Back""}, {""type"": ""GoalKick""}, {""type"": ""PassEndX"", ""value"": ""2.7""}, {""type"": ""PassEndY"", ""value"": ""49.4""}, {""type"": ""Length"", ""value"": ""9.4""}, {""type"": ""Angle"", ""value"": ""4.41""}]"
2944992815.0,8,14.0,FirstHalf,Angus Gunn,318896,424,h,4.3,46.3,60.5,8.8,Successful,67.56248959296867,-33.71358795959827,Forward,Short,"[{""type"": ""Longball""}, {""type"": ""Zone"", ""value"": ""Right""}, {""type"": ""PassEndX"", ""value"": ""60.5""}, {""type"": ""PassEndY"", ""value"": ""8.8""}, {""type"": ""Length"", ""value"": ""64.3""}, {""type"": ""Angle"", ""value"": ""5.88""}]"
2944992819.0,8,19.0,FirstHalf,John McGinn,318449,424,h,57.4,8.8,85.3,44.2,Unsuccessful,45.072940884748135,51.7570975445059,Forward,Chipped,"[{""type"": ""Longball""}, {""type"": ""Zone"", ""value"": ""Center""}, {""type"": ""PassEndX"", ""value"": ""85.3""}, {""type"": ""PassEndY"", ""value"": ""44.2""}, {""type"": ""Chipped""}, {""type"": ""Length"", ""value"": ""37.9""}, {""type"": ""Angle"", ""value"": ""0.69""}]"
2944992821.0,8,27.0,FirstHalf,Yassine Bounou,136220,495,a,14.4,53.1,23.2,26.6,Successful,27.922929645723062,-71.62993878185485,Forward,Short,"[{""type"": ""Zone"", ""value"": ""Back""}, {""type"": ""KeeperThrow""}, {""type"": ""PassEndX"", ""value"": ""23.2""}, {""type"": ""PassEndY"", ""value"": ""26.6""}, {""type"": ""Length"", ""value"": ""20.3""}, {""type"": ""Angle"", ""value"": ""5.19""}]"
2944992823.0,8,32.0,FirstHalf,Issa Diop,300359,495,a,25.3,27.4,22.4,60.1,Successful,32.828341414089145,95.06801812660518,Lateral,Short,"[{""type"": ""Zone"", ""value"": ""Back""}, {""type"": ""PassEndX"", ""value"": ""22.4""}, {""type"": ""PassEndY"", ""value"": ""60.1""}, {""type"": ""Length"", ""value"": ""22.4""}, {""type"": ""Angle"", ""value"": ""1.71""}]"
2944992825.0,8,37.0,FirstHalf,Chadi Riad,454342,495,a,23.3,57.4,25.5,23.4,Successful,34.07110212482126,-86.29778714680059,Lateral,Short,"[{""type"": ""Zone"", ""value"": ""Back""}, {""type"": ""PassEndX"", ""value"": ""25.5""}, {""type"": ""PassEndY"", ""value"": ""23.4""}, {""type"": ""Length"", ""value"": ""23.2""}, {""type"": ""Angle"", ""value"": ""4.81""}]"
2944992827.0,8,42.0,FirstHalf,Issa Diop,300359,495,a,25.5,23.4,17.9,49.2,Successful,26.896096371034965,106.413583882566,Backward,Short,"[{""type"": ""Zone"", ""value"": ""Back""}, {""type"": ""PassEndX"", ""value"": ""17.9""}, {""type"": ""PassEndY"", ""value"": ""49.2""}, {""type"": ""Length"", ""value"": ""19.3""}, {""type"": ""Angle"", ""value"": ""2.00""}]"
2944992829.0,8,45.0,FirstHalf,Chadi Riad,454342,495,a,17.9,49.2,23.0,18.1,Successful,31.515393064342383,-80.68711871421561,Forward,Short,"[{""type"": ""Zone"", ""value"": ""Back""}, {""type"": ""PassEndX"", ""value"": ""23.0""}, {""type"": ""PassEndY"", ""value"": ""18.1""}, {""type"": ""Length"", ""value"": ""21.8""}, {""type"": ""Angle"", ""value"": ""4.96""}]"
2944992831.0,8,48.0,FirstHalf,Issa Diop,300359,495,a,23.9,12.9,32.4,4.8,Successful,11.741379816699569,-43.619645926555556,Forward,Short,"[{""type"": ""Zone"", ""value"": ""Back""}, {""type"": ""PassEndX"", ""value"": ""32.4""}, {""type"": ""PassEndY"", ""value"": ""4.8""}, {""type"": ""Length"", ""value"": ""10.5""}, {""type"": ""Angle"", ""value"": ""5.73""}]"
2944992833.0,8,52.0,FirstHalf,Azzedine Ounahi,392361,495,a,31.1,4.8,26.1,18.5,Successful,14.583895227270387,110.05023687139668,Lateral,Short,"[{""type"": ""Zone"", ""value"": ""Back""}, {""type"": ""PassEndX"", ""value"": ""26.1""}, {""type"": ""PassEndY"", ""value"": ""18.5""}, {""type"": ""Length"", ""value"": ""10.7""}, {""type"": ""Angle"", ""value"": ""2.08""}]"
2944992835.0,8,53.0,FirstHalf,Ayyoub Bouaddi,504830,495,a,26.1,18.5,12.7,9.4,Successful,16.197839362087773,-145.8193984019788,Backward,Short,"[{""type"": ""Zone"", ""value"": ""Back""}, {""type"": ""PassEndX"", ""value"": ""12.7""}, {""type"": ""PassEndY"", ""value"": ""9.4""}, {""type"": ""Length"", ""value"": ""15.4""}, {""type"": ""Angle"", ""value"": ""3.56""}]"
2944992837.0,8,55.0,FirstHalf,Issa Diop,300359,495,a,13.2,10.2,24.5,6.1,Successful,12.020815280171307,-19.942384581696977,Forward,Short,"[{""type"": ""Zone"", ""value"": ""Back""}, {""type"": ""PassEndX"", ""value"": ""24.5""}, {""type"": ""PassEndY"", ""value"": ""6.1""}, {""type"": ""Length"", ""value"": ""12.2""}, {""type"": ""Angle"", ""value"": ""6.05""}]"
2944992843.0,9,4.0,FirstHalf,Scott McTominay,336915,424,h,81.9,94.1,63.4,96.8,Successful,18.695988874622287,171.69653726863694,Backward,Short,"[{""type"": ""Zone"", ""value"": ""Left""}, {""type"": ""PassEndX"", ""value"": ""63.4""}, {""type"": ""PassEndY"", ""value"": ""96.8""}, {""type"": ""Length"", ""value"": ""19.5""}, {""type"": ""Angle"", ""value"": ""3.05""}]"
2944992845.0,9,7.0,FirstHalf,Andy Robertson,115726,424,h,60.6,95.6,40.5,79.0,Successful,26.06856344335069,-140.44769936792173,Backward,Short,"[{""type"": ""Zone"", ""value"": ""Back""}, {""type"": ""PassEndX"", ""value"": ""40.5""}, {""type"": ""PassEndY"", ""value"": ""79.0""}, {""type"": ""Length"", ""value"": ""23.9""}, {""type"": ""Angle"", ""value"": ""3.63""}]"
2944992847.0,9,10.0,FirstHalf,Jack Hendry,280210,424,h,33.4,75.1,27.7,40.7,Successful,34.86904070948898,-99.40829508635524,Backward,Short,"[{""type"": ""Zone"", ""value"": ""Back""}, {""type"": ""PassEndX"", ""value"": ""27.7""}, {""type"": ""PassEndY"", ""value"": ""40.7""}, {""type"": ""Length"", ""value"": ""24.1""}, {""type"": ""Angle"", ""value"": ""4.46""}]"
2944992849.0,9,15.0,FirstHalf,Grant Hanley,86593,424,h,27.6,33.7,26.8,63.7,Successful,30.010664771044308,91.52752544221293,Lateral,Short,"[{""type"": ""Zone"", ""value"": ""Back""}, {""type"": ""PassEndX"", ""value"": ""26.8""}, {""type"": ""PassEndY"", ""value"": ""63.7""}, {""type"": ""Length"", ""value"": ""20.4""}, {""type"": ""Angle"", ""value"": ""1.61""}]"
2944992851.0,9,18.0,FirstHalf,Jack Hendry,280210,424,h,26.5,63.3,26.8,34.0,Successful,29.301535795927144,-89.41337429248945,Lateral,Short,"[{""type"": ""Zone"", ""value"": ""Back""}, {""type"": ""PassEndX"", ""value"": ""26.8""}, {""type"": ""PassEndY"", ""value"": ""34.0""}, {""type"": ""Length"", ""value"": ""19.9""}, {""type"": ""Angle"", ""value"": ""4.73""}]"
2944992855.0,9,22.0,FirstHalf,Grant Hanley,86593,424,h,28.8,32.7,26.7,66.9,Successful,34.264413025761876,93.51375026060498,Lateral,Short,"[{""type"": ""Zone"", ""value"": ""Back""}, {""type"": ""PassEndX"", ""value"": ""26.7""}, {""type"": ""PassEndY"", ""value"": ""66.9""}, {""type"": ""Length"", ""value"": ""23.4""}, {""type"": ""Angle"", ""value"": ""1.67""}]"
2944992857.0,9,26.0,FirstHalf,Jack Hendry,280210,424,h,38.2,72.7,33.7,87.8,Successful,15.756268593801002,106.59475356652925,Lateral,Short,"[{""type"": ""Zone"", ""value"": ""Back""}, {""type"": ""PassEndX"", ""value"": ""33.7""}, {""type"": ""PassEndY"", ""value"": ""87.8""}, {""type"": ""Length"", ""value"": ""11.3""}, {""type"": ""Angle"", ""value"": ""2.00""}]"
2944992859.0,9,29.0,FirstHalf,Andy Robertson,115726,424,h,34.0,86.8,23.9,70.0,Successful,19.60229578391266,-121.0138840604151,Backward,Short,"[{""type"": ""Zone"", ""value"": ""Back""}, {""type"": ""PassEndX"", ""value"": ""23.9""}, {""type"": ""PassEndY"", ""value"": ""70.0""}, {""type"": ""Length"", ""value"": ""15.6""}, {""type"": ""Angle"", ""value"": ""3.96""}]"
2944992861.0,9,32.0,FirstHalf,Lewis Ferguson,396971,424,h,23.3,67.0,26.2,31.8,Successful,35.31925820285585,-85.29024569476094,Lateral,Short,"[{""type"": ""Zone"", ""value"": ""Back""}, {""type"": ""PassEndX"", ""value"": ""26.2""}, {""type"": ""PassEndY"", ""value"": ""31.8""}, {""type"": ""Length"", ""value"": ""24.1""}, {""type"": ""Angle"", ""value"": ""4.84""}]"
2944992865.0,9,35.0,FirstHalf,Grant Hanley,86593,424,h,22.9,28.0,33.8,31.2,Successful,11.360017605620158,16.361077455346305,Forward,Short,"[{""type"": ""Zone"", ""value"": ""Back""}, {""type"": ""PassEndX"", ""value"": ""33.8""}, {""type"": ""PassEndY"", ""value"": ""31.2""}, {""type"": ""Length"", ""value"": ""11.7""}, {""type"": ""Angle"", ""value"": ""0.19""}]"
2944992873.0,9,41.0,FirstHalf,Ismael Saibari,404776,495,a,69.6,55.3,88.8,69.5,Successful,23.880536007384762,36.48601207024966,Forward,Short,"[{""type"": ""Zone"", ""value"": ""Center""}, {""type"": ""PassEndX"", ""value"": ""88.8""}, {""type"": ""PassEndY"", ""value"": ""69.5""}, {""type"": ""Length"", ""value"": ""22.4""}, {""type"": ""Angle"", ""value"": ""0.45""}]"
2944992875.0,9,44.0,FirstHalf,Azzedine Ounahi,392361,495,a,89.9,68.3,100.0,31.3,Unsuccessful,38.353748187106824,-74.7317791294338,Forward,Short,"[{""type"": ""Zone"", ""value"": ""Center""}, {""type"": ""PassEndX"", ""value"": ""100.0""}, {""type"": ""PassEndY"", ""value"": ""31.3""}, {""type"": ""IntentionalAssist""}, {""type"": ""ShotAssist"", ""value"": ""60""}, {""type"": ""Length"", ""value"": ""27.5""}, {""type"": ""Angle"", ""value"": ""5.13""}, {""type"": ""BigChanceCreated""}, {""type"": ""KeyPass""}]"
2944992885.0,10,16.0,FirstHalf,Angus Gunn,318896,424,h,4.5,42.2,71.3,26.2,Successful,68.68944605978417,-13.46977822956417,Forward,GoalKick,"[{""type"": ""Longball""}, {""type"": ""Zone"", ""value"": ""Center""}, {""type"": ""MissHigh""}, {""type"": ""GoalKick""}, {""type"": ""PassEndX"", ""value"": ""71.3""}, {""type"": ""PassEndY"", ""value"": ""26.2""}, {""type"": ""Length"", ""value"": ""71.0""}, {""type"": ""Angle"", ""value"": ""6.13""}]"
2944992889.0,10,21.0,FirstHalf,John McGinn,318449,424,h,71.3,26.2,79.6,29.8,Successful,9.047098982546835,23.448062577957835,Forward,Short,"[{""type"": ""HeadPass""}, {""type"": ""Zone"", ""value"": ""Center""}, {""type"": ""PassEndX"", ""value"": ""79.6""}, {""type"": ""PassEndY"", ""value"": ""29.8""}, {""type"": ""Length"", ""value"": ""9.1""}, {""type"": ""Angle"", ""value"": ""0.27""}]"
2944992893.0,10,27.0,FirstHalf,Lewis Ferguson,396971,424,h,59.2,56.6,76.9,50.7,Successful,18.65743819499344,-18.434948822922003,Forward,Short,"[{""type"": ""HeadPass""}, {""type"": ""Zone"", ""value"": ""Center""}, {""type"": ""PassEndX"", ""value"": ""76.9""}, {""type"": ""PassEndY"", ""value"": ""50.7""}, {""type"": ""Length"", ""value"": ""19.0""}, {""type"": ""Angle"", ""value"": ""6.07""}]"
2944992895.0,10,29.0,FirstHalf,Kieran Tierney,297403,424,h,77.1,53.6,68.9,49.6,Successful,9.123595782365625,-153.99665415548853,Backward,Short,"[{""type"": ""HeadPass""}, {""type"": ""Zone"", ""value"": ""Center""}, {""type"": ""PassEndX"", ""value"": ""68.9""}, {""type"": ""PassEndY"", ""value"": ""49.6""}, {""type"": ""Length"", ""value"": ""9.0""}, {""type"": ""Angle"", ""value"": ""3.45""}]"
2944992907.0,10,32.0,FirstHalf,Azzedine Ounahi,392361,495,a,31.5,48.3,25.3,52.5,Successful,7.488658090739623,145.88552705465872,Backward,Short,"[{""type"": ""Zone"", ""value"": ""Back""}, {""type"": ""PassEndX"", ""value"": ""25.3""}, {""type"": ""PassEndY"", ""value"": ""52.5""}, {""type"": ""Length"", ""value"": ""7.1""}, {""type"": ""Angle"", ""value"": ""2.73""}]"
2944992917.0,10,36.0,FirstHalf,Neil El Aynaoui,486734,495,a,25.9,58.4,38.3,61.7,Successful,12.83160161476345,14.902654239031145,Forward,Short,"[{""type"": ""Zone"", ""value"": ""Back""}, {""type"": ""PassEndX"", ""value"": ""38.3""}, {""type"": ""PassEndY"", ""value"": ""61.7""}, {""type"": ""Length"", ""value"": ""13.2""}, {""type"": ""Angle"", ""value"": ""0.17""}]"
2944992919.0,10,38.0,FirstHalf,Bilal El Khannouss,433572,495,a,38.4,62.1,60.9,82.4,Successful,30.30412513173743,42.05747954363138,Forward,Short,"[{""type"": ""Zone"", ""value"": ""Left""}, {""type"": ""PassEndX"", ""value"": ""60.9""}, {""type"": ""PassEndY"", ""value"": ""82.4""}, {""type"": ""Length"", ""value"": ""27.4""}, {""type"": ""Angle"", ""value"": ""0.53""}]"
2944992921.0,10,44.0,FirstHalf,Ismael Saibari,404776,495,a,82.2,80.9,79.2,63.5,Successful,17.656726763474598,-99.7824070318073,Lateral,Short,"[{""type"": ""Zone"", ""value"": ""Center""}, {""type"": ""PassEndX"", ""value"": ""79.2""}, {""type"": ""PassEndY"", ""value"": ""63.5""}, {""type"": ""Length"", ""value"": ""12.2""}, {""type"": ""Angle"", ""value"": ""4.45""}]"
2944992923.0,10,46.0,FirstHalf,Bilal El Khannouss,433572,495,a,80.1,59.2,86.3,41.7,Unsuccessful,18.56582882609877,-70.49149101319188,Forward,Short,"[{""type"": ""Zone"", ""value"": ""Center""}, {""type"": ""PassEndX"", ""value"": ""86.3""}, {""type"": ""PassEndY"", ""value"": ""41.7""}, {""type"": ""Length"", ""value"": ""13.6""}, {""type"": ""Angle"", ""value"": ""5.21""}]"
2944992925.0,10,54.0,FirstHalf,Ismael Saibari,404776,495,a,95.0,81.7,92.2,64.7,Successful,17.229045243425418,-99.35297925009324,Lateral,Short,"[{""type"": ""Zone"", ""value"": ""Center""}, {""type"": ""PassEndX"", ""value"": ""92.2""}, {""type"": ""PassEndY"", ""value"": ""64.7""}, {""type"": ""Length"", ""value"": ""11.9""}, {""type"": ""Angle"", ""value"": ""4.46""}]"
2944992937.0,11,29.0,FirstHalf,Azzedine Ounahi,392361,495,a,99.5,99.5,88.4,91.4,Successful,13.741178988718538,-143.88065915052024,Backward,Short,"[{""type"": ""CornerTaken""}, {""type"": ""Zone"", ""value"": ""Left""}, {""type"": ""PassEndX"", ""value"": ""88.4""}, {""type"": ""PassEndY"", ""value"": ""91.4""}, {""type"": ""Length"", ""value"": ""12.9""}, {""type"": ""Angle"", ""value"": ""3.58""}]"
2944992939.0,11,32.0,FirstHalf,Brahim Díaz,317541,495,a,88.4,91.4,69.6,89.5,Successful,18.89576672167606,-174.22906377842565,Backward,Short,"[{""type"": ""Zone"", ""value"": ""Left""}, {""type"": ""PassEndX"", ""value"": ""69.6""}, {""type"": ""PassEndY"", ""value"": ""89.5""}, {""type"": ""Length"", ""value"": ""19.8""}, {""type"": ""Angle"", ""value"": ""3.21""}]"
2944992941.0,11,34.0,FirstHalf,Achraf Hakimi,320834,495,a,69.4,89.5,79.3,94.7,Successful,11.182575731914355,27.710814015253128,Forward,Short,"[{""type"": ""Zone"", ""value"": ""Left""}, {""type"": ""PassEndX"", ""value"": ""79.3""}, {""type"": ""PassEndY"", ""value"": ""94.7""}, {""type"": ""Length"", ""value"": ""11.0""}, {""type"": ""Angle"", ""value"": ""0.33""}]"
2944992943.0,11,37.0,FirstHalf,Azzedine Ounahi,392361,495,a,79.5,94.7,93.0,87.5,Successful,15.3,-28.072486935852968,Forward,Short,"[{""type"": ""Zone"", ""value"": ""Left""}, {""type"": ""PassEndX"", ""value"": ""93.0""}, {""type"": ""PassEndY"", ""value"": ""87.5""}, {""type"": ""Length"", ""value"": ""15.0""}, {""type"": ""Angle"", ""value"": ""5.95""}]"
2944992945.0,11,40.0,FirstHalf,Achraf Hakimi,320834,495,a,97.4,82.0,89.8,64.7,Unsuccessful,18.89576672167605,-113.71618945136717,Backward,Short,"[{""type"": ""Zone"", ""value"": ""Center""}, {""type"": ""PassEndX"", ""value"": ""89.8""}, {""type"": ""PassEndY"", ""value"": ""64.7""}, {""type"": ""Length"", ""value"": ""14.2""}, {""type"": ""Angle"", ""value"": ""4.12""}]"
2944992953.0,11,55.0,FirstHalf,Noussair Mazraoui,349932,495,a,72.1,100.0,56.5,89.9,Successful,18.584133017173542,-147.079530986615,Backward,ThrowIn,"[{""type"": ""Zone"", ""value"": ""Left""}, {""type"": ""ThrowIn""}, {""type"": ""PassEndX"", ""value"": ""56.5""}, {""type"": ""PassEndY"", ""value"": ""89.9""}, {""type"": ""Length"", ""value"": ""18.3""}, {""type"": ""Angle"", ""value"": ""3.61""}]"
2944992955.0,12,2.0,FirstHalf,Chadi Riad,454342,495,a,52.5,82.9,44.4,64.0,Successful,20.562587385832558,-113.19859051364818,Backward,Short,"[{""type"": ""Zone"", ""value"": ""Back""}, {""type"": ""PassEndX"", ""value"": ""44.4""}, {""type"": ""PassEndY"", ""value"": ""64.0""}, {""type"": ""Length"", ""value"": ""15.4""}, {""type"": ""Angle"", ""value"": ""4.13""}]"
2944992957.0,12,5.0,FirstHalf,Neil El Aynaoui,486734,495,a,44.8,62.4,57.3,63.4,Successful,12.539936203984453,4.573921259900861,Forward,Short,"[{""type"": ""Zone"", ""value"": ""Center""}, {""type"": ""PassEndX"", ""value"": ""57.3""}, {""type"": ""PassEndY"", ""value"": ""63.4""}, {""type"": ""Length"", ""value"": ""13.1""}, {""type"": ""Angle"", ""value"": ""0.05""}]"
2944992959.0,12,6.0,FirstHalf,Ayyoub Bouaddi,504830,495,a,57.3,63.4,41.8,62.4,Successful,15.532224567009067,-176.30861401354872,Backward,Short,"[{""type"": ""Zone"", ""value"": ""Back""}, {""type"": ""PassEndX"", ""value"": ""41.8""}, {""type"": ""PassEndY"", ""value"": ""62.4""}, {""type"": ""Length"", ""value"": ""16.3""}, {""type"": ""Angle"", ""value"": ""3.18""}]"
2944992961.0,12,8.0,FirstHalf,Neil El Aynaoui,486734,495,a,44.5,51.8,46.0,20.1,Successful,31.735469115801642,-87.29086399943814,Lateral,Short,"[{""type"": ""Zone"", ""value"": ""Back""}, {""type"": ""PassEndX"", ""value"": ""46.0""}, {""type"": ""PassEndY"", ""value"": ""20.1""}, {""type"": ""Length"", ""value"": ""21.6""}, {""type"": ""Angle"", ""value"": ""4.79""}]"
2944992963.0,12,11.0,FirstHalf,Issa Diop,300359,495,a,46.3,16.2,58.2,26.7,Successful,15.870097668256491,41.42366562500264,Forward,Short,"[{""type"": ""Zone"", ""value"": ""Center""}, {""type"": ""PassEndX"", ""value"": ""58.2""}, {""type"": ""PassEndY"", ""value"": ""26.7""}, {""type"": ""Length"", ""value"": ""14.4""}, {""type"": ""Angle"", ""value"": ""0.52""}]"
2944992965.0,12,13.0,FirstHalf,Achraf Hakimi,320834,495,a,58.2,26.7,60.8,3.9,Successful,22.947766775876037,-83.49437335431634,Lateral,Short,"[{""type"": ""Zone"", ""value"": ""Right""}, {""type"": ""PassEndX"", ""value"": ""60.8""}, {""type"": ""PassEndY"", ""value"": ""3.9""}, {""type"": ""Length"", ""value"": ""15.7""}, {""type"": ""Angle"", ""value"": ""4.89""}]"
2944992967.0,12,15.0,FirstHalf,Brahim Díaz,317541,495,a,60.4,5.4,57.2,20.3,Successful,15.239750654128171,102.12101545258575,Lateral,Short,"[{""type"": ""Zone"", ""value"": ""Right""}, {""type"": ""PassEndX"", ""value"": ""57.2""}, {""type"": ""PassEndY"", ""value"": ""20.3""}, {""type"": ""Length"", ""value"": ""10.7""}, {""type"": ""Angle"", ""value"": ""1.89""}]"
2944992969.0,12,17.0,FirstHalf,Achraf Hakimi,320834,495,a,57.2,20.3,41.8,26.2,Successful,16.491512968797014,159.0373201634358,Backward,Short,"[{""type"": ""Zone"", ""value"": ""Back""}, {""type"": ""PassEndX"", ""value"": ""41.8""}, {""type"": ""PassEndY"", ""value"": ""26.2""}, {""type"": ""Length"", ""value"": ""16.7""}, {""type"": ""Angle"", ""value"": ""2.90""}]"
2944992971.0,12,19.0,FirstHalf,Neil El Aynaoui,486734,495,a,41.8,26.2,39.6,60.6,Successful,34.47027705139604,93.65928151866079,Lateral,Short,"[{""type"": ""Zone"", ""value"": ""Back""}, {""type"": ""PassEndX"", ""value"": ""39.6""}, {""type"": ""PassEndY"", ""value"": ""60.6""}, {""type"": ""Length"", ""value"": ""23.5""}, {""type"": ""Angle"", ""value"": ""1.67""}]"
2944992973.0,12,25.0,FirstHalf,Chadi Riad,454342,495,a,46.0,65.7,44.8,87.0,Successful,21.33377603707323,93.22452260651991,Lateral,Short,"[{""type"": ""Zone"", ""value"": ""Back""}, {""type"": ""PassEndX"", ""value"": ""44.8""}, {""type"": ""PassEndY"", ""value"": ""87.0""}, {""type"": ""Length"", ""value"": ""14.5""}, {""type"": ""Angle"", ""value"": ""1.66""}]"
2944992975.0,12,27.0,FirstHalf,Noussair Mazraoui,349932,495,a,45.3,86.3,45.0,53.5,Successful,32.80137192252787,-90.52403215143039,Lateral,Short,"[{""type"": ""Zone"", ""value"": ""Back""}, {""type"": ""PassEndX"", ""value"": ""45.0""}, {""type"": ""PassEndY"", ""value"": ""53.5""}, {""type"": ""Length"", ""value"": ""22.3""}, {""type"": ""Angle"", ""value"": ""4.70""}]"
2944992977.0,12,30.0,FirstHalf,Neil El Aynaoui,486734,495,a,45.0,53.1,51.3,26.4,Successful,27.433191575170397,-76.72360295768404,Forward,Short,"[{""type"": ""Zone"", ""value"": ""Center""}, {""type"": ""PassEndX"", ""value"": ""51.3""}, {""type"": ""PassEndY"", ""value"": ""26.4""}, {""type"": ""Length"", ""value"": ""19.3""}, {""type"": ""Angle"", ""value"": ""5.06""}]"
2944992979.0,12,32.0,FirstHalf,Achraf Hakimi,320834,495,a,45.8,27.7,43.1,42.1,Successful,14.650938536489736,100.61965527615511,Lateral,Short,"[{""type"": ""Zone"", ""value"": ""Back""}, {""type"": ""PassEndX"", ""value"": ""43.1""}, {""type"": ""PassEndY"", ""value"": ""42.1""}, {""type"": ""Length"", ""value"": ""10.2""}, {""type"": ""Angle"", ""value"": ""1.85""}]"
2944992981.0,12,35.0,FirstHalf,Neil El Aynaoui,486734,495,a,43.1,41.9,46.5,7.9,Successful,34.16957711181102,-84.28940686250037,Lateral,Short,"[{""type"": ""Zone"", ""value"": ""Back""}, {""type"": ""PassEndX"", ""value"": ""46.5""}, {""type"": ""PassEndY"", ""value"": ""7.9""}, {""type"": ""Length"", ""value"": ""23.4""}, {""type"": ""Angle"", ""value"": ""4.87""}]"
2944992983.0,12,37.0,FirstHalf,Issa Diop,300359,495,a,50.7,7.9,95.7,26.6,Unsuccessful,48.73079108736077,22.56559903260461,Forward,Short,"[{""type"": ""Longball""}, {""type"": ""Zone"", ""value"": ""Center""}, {""type"": ""PassEndX"", ""value"": ""95.7""}, {""type"": ""PassEndY"", ""value"": ""26.6""}, {""type"": ""Length"", ""value"": ""48.9""}, {""type"": ""Angle"", ""value"": ""0.26""}]"
2944992989.0,12,50.0,FirstHalf,Angus Gunn,318896,424,h,11.6,56.3,17.8,48.1,Successful,10.280077820717114,-52.90716270295844,Forward,Short,"[{""type"": ""Zone"", ""value"": ""Back""}, {""type"": ""KeeperThrow""}, {""type"": ""PassEndX"", ""value"": ""17.8""}, {""type"": ""PassEndY"", ""value"": ""48.1""}, {""type"": ""Length"", ""value"": ""8.6""}, {""type"": ""Angle"", ""value"": ""5.57""}]"
2944992991.0,12,53.0,FirstHalf,Lewis Ferguson,396971,424,h,21.7,47.2,28.5,68.4,Successful,22.263872080121196,72.21611155730749,Forward,Short,"[{""type"": ""Zone"", ""value"": ""Back""}, {""type"": ""PassEndX"", ""value"": ""28.5""}, {""type"": ""PassEndY"", ""value"": ""68.4""}, {""type"": ""Length"", ""value"": ""16.1""}, {""type"": ""Angle"", ""value"": ""1.11""}]"
2944992993.0,12,57.0,FirstHalf,Scott McTominay,336915,424,h,28.6,70.8,23.8,58.7,Successful,13.017296186228531,-111.637941229429,Lateral,Short,"[{""type"": ""Zone"", ""value"": ""Back""}, {""type"": ""PassEndX"", ""value"": ""23.8""}, {""type"": ""PassEndY"", ""value"": ""58.7""}, {""type"": ""Length"", ""value"": ""9.6""}, {""type"": ""Angle"", ""value"": ""4.16""}]"
2944992995.0,12,58.0,FirstHalf,Lewis Ferguson,396971,424,h,25.4,59.4,19.4,70.3,Successful,12.442266674525184,118.8309683123904,Backward,Short,"[{""type"": ""Zone"", ""value"": ""Back""}, {""type"": ""PassEndX"", ""value"": ""19.4""}, {""type"": ""PassEndY"", ""value"": ""70.3""}, {""type"": ""Length"", ""value"": ""9.7""}, {""type"": ""Angle"", ""value"": ""2.28""}]"
2944992997.0,13,0.0,FirstHalf,Jack Hendry,280210,424,h,18.8,69.9,24.0,27.0,Successful,43.21400236034613,-83.08877288097533,Forward,Short,"[{""type"": ""Zone"", ""value"": ""Back""}, {""type"": ""PassEndX"", ""value"": ""24.0""}, {""type"": ""PassEndY"", ""value"": ""27.0""}, {""type"": ""Length"", ""value"": ""29.7""}, {""type"": ""Angle"", ""value"": ""4.90""}]"
2944992999.0,13,4.0,FirstHalf,Grant Hanley,86593,424,h,25.5,24.7,10.3,40.3,Successful,21.78072542409917,134.2559407971113,Backward,Short,"[{""type"": ""Zone"", ""value"": ""Back""}, {""type"": ""PassEndX"", ""value"": ""10.3""}, {""type"": ""PassEndY"", ""value"": ""40.3""}, {""type"": ""Length"", ""value"": ""19.2""}, {""type"": ""Angle"", ""value"": ""2.55""}]"
2944993001.0,13,7.0,FirstHalf,Angus Gunn,318896,424,h,10.7,40.6,17.6,11.9,Successful,29.517791245281213,-76.48161718308802,Forward,Short,"[{""type"": ""Zone"", ""value"": ""Back""}, {""type"": ""PassEndX"", ""value"": ""17.6""}, {""type"": ""PassEndY"", ""value"": ""11.9""}, {""type"": ""Length"", ""value"": ""20.8""}, {""type"": ""Angle"", ""value"": ""5.07""}]"
2944993003.0,13,11.0,FirstHalf,Grant Hanley,86593,424,h,19.3,12.8,96.2,9.1,Successful,76.98896024755757,-2.754629676643219,Forward,Chipped,"[{""type"": ""Longball""}, {""type"": ""Zone"", ""value"": ""Right""}, {""type"": ""PassEndX"", ""value"": ""96.2""}, {""type"": ""PassEndY"", ""value"": ""9.1""}, {""type"": ""Chipped""}, {""type"": ""Length"", ""value"": ""80.8""}, {""type"": ""Angle"", ""value"": ""6.25""}]"
2944993005.0,13,19.0,FirstHalf,Ché Adams,256419,424,h,97.0,8.8,93.9,23.3,Unsuccessful,14.827676824101609,102.06776895865332,Lateral,Short,"[{""type"": ""Zone"", ""value"": ""Center""}, {""type"": ""PassEndX"", ""value"": ""93.9""}, {""type"": ""PassEndY"", ""value"": ""23.3""}, {""type"": ""Length"", ""value"": ""10.4""}, {""type"": ""Angle"", ""value"": ""1.89""}]"
2944993009.0,13,21.0,FirstHalf,Noussair Mazraoui,349932,495,a,2.4,77.2,2.4,52.3,Successful,24.900000000000006,-90.0,Lateral,Short,"[{""type"": ""Zone"", ""value"": ""Back""}, {""type"": ""PassEndX"", ""value"": ""2.4""}, {""type"": ""PassEndY"", ""value"": ""52.3""}, {""type"": ""Length"", ""value"": ""16.9""}, {""type"": ""Angle"", ""value"": ""4.71""}]"
2944993011.0,13,27.0,FirstHalf,Yassine Bounou,136220,495,a,6.3,52.3,17.9,45.5,Successful,13.446189051177285,-30.37912601136834,Forward,Short,"[{""type"": ""Zone"", ""value"": ""Back""}, {""type"": ""PassEndX"", ""value"": ""17.9""}, {""type"": ""PassEndY"", ""value"": ""45.5""}, {""type"": ""Length"", ""value"": ""13.0""}, {""type"": ""Angle"", ""value"": ""5.92""}]"
2944993013.0,13,30.0,FirstHalf,Ayyoub Bouaddi,504830,495,a,16.2,45.7,10.1,59.9,Successful,15.454772725601623,113.24727000874316,Backward,Short,"[{""type"": ""Zone"", ""value"": ""Back""}, {""type"": ""PassEndX"", ""value"": ""10.1""}, {""type"": ""PassEndY"", ""value"": ""59.9""}, {""type"": ""Length"", ""value"": ""11.6""}, {""type"": ""Angle"", ""value"": ""2.16""}]"
2944993015.0,13,35.0,FirstHalf,Chadi Riad,454342,495,a,14.2,60.6,18.5,50.7,Successful,10.793516572461451,-66.52260010790707,Lateral,Short,"[{""type"": ""Zone"", ""value"": ""Back""}, {""type"": ""PassEndX"", ""value"": ""18.5""}, {""type"": ""PassEndY"", ""value"": ""50.7""}, {""type"": ""Length"", ""value"": ""8.1""}, {""type"": ""Angle"", ""value"": ""5.30""}]"
2944993017.0,13,42.0,FirstHalf,Ayyoub Bouaddi,504830,495,a,27.4,39.9,25.3,87.0,Successful,47.14679204357387,92.55289814717176,Lateral,Short,"[{""type"": ""Longball""}, {""type"": ""Zone"", ""value"": ""Back""}, {""type"": ""PassEndX"", ""value"": ""25.3""}, {""type"": ""PassEndY"", ""value"": ""87.0""}, {""type"": ""Length"", ""value"": ""32.1""}, {""type"": ""Angle"", ""value"": ""1.64""}]"
2944993023.0,13,46.0,FirstHalf,Noussair Mazraoui,349932,495,a,27.1,88.6,37.4,93.9,Unsuccessful,11.583609109426995,27.2286791770913,Forward,Short,"[{""type"": ""Zone"", ""value"": ""Back""}, {""type"": ""PassEndX"", ""value"": ""37.4""}, {""type"": ""PassEndY"", ""value"": ""93.9""}, {""type"": ""Length"", ""value"": ""11.4""}, {""type"": ""Angle"", ""value"": ""0.32""}]"
2944993029.0,13,52.0,FirstHalf,Noussair Mazraoui,349932,495,a,30.1,100.0,24.3,83.2,Successful,17.773013250431113,-109.04662429763582,Backward,ThrowIn,"[{""type"": ""Zone"", ""value"": ""Back""}, {""type"": ""ThrowIn""}, {""type"": ""PassEndX"", ""value"": ""24.3""}, {""type"": ""PassEndY"", ""value"": ""83.2""}, {""type"": ""Length"", ""value"": ""14.2""}, {""type"": ""Angle"", ""value"": ""4.27""}]"
2944993031.0,14,4.0,FirstHalf,Chadi Riad,454342,495,a,28.1,70.5,30.4,85.5,Successful,15.175308893067053,81.28254303540035,Lateral,Short,"[{""type"": ""Zone"", ""value"": ""Back""}, {""type"": ""PassEndX"", ""value"": ""30.4""}, {""type"": ""PassEndY"", ""value"": ""85.5""}, {""type"": ""Length"", ""value"": ""10.5""}, {""type"": ""Angle"", ""value"": ""1.34""}]"
2944993033.0,14,6.0,FirstHalf,Neil El Aynaoui,486734,495,a,30.4,84.0,27.6,25.4,Successful,58.666856060300354,-92.73560169911316,Lateral,Short,"[{""type"": ""Longball""}, {""type"": ""Zone"", ""value"": ""Back""}, {""type"": ""PassEndX"", ""value"": ""27.6""}, {""type"": ""PassEndY"", ""value"": ""25.4""}, {""type"": ""Length"", ""value"": ""40.0""}, {""type"": ""Angle"", ""value"": ""4.64""}]"
2944993035.0,14,10.0,FirstHalf,Issa Diop,300359,495,a,30.0,25.4,41.7,13.8,Successful,16.47573974060042,-44.75409687672929,Forward,Short,"[{""type"": ""Zone"", ""value"": ""Back""}, {""type"": ""PassEndX"", ""value"": ""41.7""}, {""type"": ""PassEndY"", ""value"": ""13.8""}, {""type"": ""Length"", ""value"": ""14.6""}, {""type"": ""Angle"", ""value"": ""5.71""}]"
2944993037.0,14,15.0,FirstHalf,Ismael Saibari,404776,495,a,42.3,32.3,38.5,57.9,Successful,25.880494585691366,98.44319092917664,Lateral,Short,"[{""type"": ""Zone"", ""value"": ""Back""}, {""type"": ""PassEndX"", ""value"": ""38.5""}, {""type"": ""PassEndY"", ""value"": ""57.9""}, {""type"": ""Length"", ""value"": ""17.9""}, {""type"": ""Angle"", ""value"": ""1.80""}]"
2944993039.0,14,19.0,FirstHalf,Neil El Aynaoui,486734,495,a,40.3,58.3,46.5,43.4,Successful,16.138463371709214,-67.40744476367267,Forward,Short,"[{""type"": ""Zone"", ""value"": ""Back""}, {""type"": ""PassEndX"", ""value"": ""46.5""}, {""type"": ""PassEndY"", ""value"": ""43.4""}, {""type"": ""Length"", ""value"": ""12.0""}, {""type"": ""Angle"", ""value"": ""5.28""}]"
2944993041.0,14,20.0,FirstHalf,Ayyoub Bouaddi,504830,495,a,46.5,43.4,39.2,39.1,Successful,8.472307831990049,-149.50016676655255,Backward,Short,"[{""type"": ""Zone"", ""value"": ""Back""}, {""type"": ""PassEndX"", ""value"": ""39.2""}, {""type"": ""PassEndY"", ""value"": ""39.1""}, {""type"": ""Length"", ""value"": ""8.2""}, {""type"": ""Angle"", ""value"": ""3.51""}]"
2944993043.0,14,22.0,FirstHalf,Neil El Aynaoui,486734,495,a,41.8,35.3,46.9,9.9,Successful,25.90694887477103,-78.64669449905428,Forward,Short,"[{""type"": ""Zone"", ""value"": ""Back""}, {""type"": ""PassEndX"", ""value"": ""46.9""}, {""type"": ""PassEndY"", ""value"": ""9.9""}, {""type"": ""Length"", ""value"": ""18.1""}, {""type"": ""Angle"", ""value"": ""5.01""}]"
2944993045.0,14,26.0,FirstHalf,Brahim Díaz,317541,495,a,44.4,13.4,48.1,31.2,Successful,18.180484041961037,78.25742153496044,Lateral,Short,"[{""type"": ""Zone"", ""value"": ""Back""}, {""type"": ""PassEndX"", ""value"": ""48.1""}, {""type"": ""PassEndY"", ""value"": ""31.2""}, {""type"": ""Length"", ""value"": ""12.7""}, {""type"": ""Angle"", ""value"": ""1.26""}]"
2944993047.0,14,28.0,FirstHalf,Ayyoub Bouaddi,504830,495,a,48.2,27.5,54.8,5.8,Successful,22.681490250863146,-73.08299413902017,Forward,Short,"[{""type"": ""Zone"", ""value"": ""Right""}, {""type"": ""PassEndX"", ""value"": ""54.8""}, {""type"": ""PassEndY"", ""value"": ""5.8""}, {""type"": ""Length"", ""value"": ""16.3""}, {""type"": ""Angle"", ""value"": ""5.15""}]"
2944993049.0,14,29.0,FirstHalf,Achraf Hakimi,320834,495,a,54.8,5.8,34.2,17.5,Successful,23.69071548096426,150.40510731204523,Backward,Short,"[{""type"": ""Zone"", ""value"": ""Back""}, {""type"": ""PassEndX"", ""value"": ""34.2""}, {""type"": ""PassEndY"", ""value"": ""17.5""}, {""type"": ""Length"", ""value"": ""23.0""}, {""type"": ""Angle"", ""value"": ""2.79""}]"
2944993051.0,14,32.0,FirstHalf,Issa Diop,300359,495,a,32.3,24.4,32.3,45.0,Successful,20.6,90.0,Lateral,Short,"[{""type"": ""Zone"", ""value"": ""Back""}, {""type"": ""PassEndX"", ""value"": ""32.3""}, {""type"": ""PassEndY"", ""value"": ""45.0""}, {""type"": ""Length"", ""value"": ""14.0""}, {""type"": ""Angle"", ""value"": ""1.57""}]"
2944993053.0,14,39.0,FirstHalf,Chadi Riad,454342,495,a,45.2,66.7,42.3,90.9,Successful,24.37314095474771,96.83343729090926,Lateral,Short,"[{""type"": ""Zone"", ""value"": ""Back""}, {""type"": ""PassEndX"", ""value"": ""42.3""}, {""type"": ""PassEndY"", ""value"": ""90.9""}, {""type"": ""Length"", ""value"": ""16.7""}, {""type"": ""Angle"", ""value"": ""1.75""}]"
2944993055.0,14,43.0,FirstHalf,Noussair Mazraoui,349932,495,a,44.1,86.5,38.4,65.8,Successful,21.47044480209947,-105.3955492539951,Backward,Short,"[{""type"": ""Zone"", ""value"": ""Back""}, {""type"": ""PassEndX"", ""value"": ""38.4""}, {""type"": ""PassEndY"", ""value"": ""65.8""}, {""type"": ""Length"", ""value"": ""15.3""}, {""type"": ""Angle"", ""value"": ""4.31""}]"
2944993057.0,14,46.0,FirstHalf,Ayyoub Bouaddi,504830,495,a,39.5,64.0,40.8,44.1,Successful,19.94241710525582,-86.2623704565899,Lateral,Short,"[{""type"": ""Zone"", ""value"": ""Back""}, {""type"": ""PassEndX"", ""value"": ""40.8""}, {""type"": ""PassEndY"", ""value"": ""44.1""}, {""type"": ""Length"", ""value"": ""13.6""}, {""type"": ""Angle"", ""value"": ""4.81""}]"
2944993059.0,14,50.0,FirstHalf,Azzedine Ounahi,392361,495,a,42.6,30.5,43.7,6.4,Successful,24.125090673404735,-87.38665372469076,Lateral,Short,"[{""type"": ""Zone"", ""value"": ""Back""}, {""type"": ""PassEndX"", ""value"": ""43.7""}, {""type"": ""PassEndY"", ""value"": ""6.4""}, {""type"": ""Length"", ""value"": ""16.4""}, {""type"": ""Angle"", ""value"": ""4.78""}]"
2944993061.0,14,52.0,FirstHalf,Issa Diop,300359,495,a,44.9,6.4,62.0,12.9,Successful,18.293714767646293,20.812646483259375,Forward,Short,"[{""type"": ""Zone"", ""value"": ""Right""}, {""type"": ""PassEndX"", ""value"": ""62.0""}, {""type"": ""PassEndY"", ""value"": ""12.9""}, {""type"": ""Length"", ""value"": ""18.5""}, {""type"": ""Angle"", ""value"": ""0.24""}]"
2944993063.0,14,54.0,FirstHalf,Azzedine Ounahi,392361,495,a,62.0,12.9,61.6,4.8,Successful,8.109870529176161,-92.82712457816127,Lateral,Short,"[{""type"": ""Zone"", ""value"": ""Right""}, {""type"": ""PassEndX"", ""value"": ""61.6""}, {""type"": ""PassEndY"", ""value"": ""4.8""}, {""type"": ""Length"", ""value"": ""5.5""}, {""type"": ""Angle"", ""value"": ""4.64""}]"
2944993065.0,14,55.0,FirstHalf,Achraf Hakimi,320834,495,a,61.6,4.8,46.4,10.5,Successful,16.23360711610331,159.44395478041653,Backward,Short,"[{""type"": ""Zone"", ""value"": ""Back""}, {""type"": ""PassEndX"", ""value"": ""46.4""}, {""type"": ""PassEndY"", ""value"": ""10.5""}, {""type"": ""Length"", ""value"": ""16.4""}, {""type"": ""Angle"", ""value"": ""2.90""}]"
2944993069.0,14,58.0,FirstHalf,Issa Diop,300359,495,a,46.4,10.5,63.6,14.5,Unsuccessful,17.658992043715294,13.091893064346843,Forward,Short,"[{""type"": ""Zone"", ""value"": ""Right""}, {""type"": ""PassEndX"", ""value"": ""63.6""}, {""type"": ""PassEndY"", ""value"": ""14.5""}, {""type"": ""Length"", ""value"": ""18.3""}, {""type"": ""Angle"", ""value"": ""0.15""}]"
2944993073.0,15,0.0,FirstHalf,Andy Robertson,115726,424,h,24.1,88.0,8.1,60.6,Successful,31.729481558953967,-120.2824334319419,Backward,Short,"[{""type"": ""Zone"", ""value"": ""Back""}, {""type"": ""PassEndX"", ""value"": ""8.1""}, {""type"": ""PassEndY"", ""value"": ""60.6""}, {""type"": ""Length"", ""value"": ""25.1""}, {""type"": ""Angle"", ""value"": ""3.98""}]"
2944993075.0,15,3.0,FirstHalf,Angus Gunn,318896,424,h,7.7,59.9,25.6,67.2,Successful,19.331321734428823,22.186677893447996,Forward,Short,"[{""type"": ""Zone"", ""value"": ""Back""}, {""type"": ""PassEndX"", ""value"": ""25.6""}, {""type"": ""PassEndY"", ""value"": ""67.2""}, {""type"": ""Length"", ""value"": ""19.4""}, {""type"": ""Angle"", ""value"": ""0.26""}]"
2944993077.0,15,6.0,FirstHalf,Lewis Ferguson,396971,424,h,21.4,65.7,31.0,74.7,Successful,13.159027319676786,43.1523897340054,Forward,Short,"[{""type"": ""Zone"", ""value"": ""Back""}, {""type"": ""PassEndX"", ""value"": ""31.0""}, {""type"": ""PassEndY"", ""value"": ""74.7""}, {""type"": ""Length"", ""value"": ""11.8""}, {""type"": ""Angle"", ""value"": ""0.55""}]"
2944993079.0,15,9.0,FirstHalf,Scott McTominay,336915,424,h,37.3,76.7,34.7,43.1,Successful,33.70044510091818,-94.42478445174396,Lateral,Short,"[{""type"": ""Zone"", ""value"": ""Back""}, {""type"": ""PassEndX"", ""value"": ""34.7""}, {""type"": ""PassEndY"", ""value"": ""43.1""}, {""type"": ""Length"", ""value"": ""23.0""}, {""type"": ""Angle"", ""value"": ""4.59""}]"
2944993081.0,15,12.0,FirstHalf,Ryan Christie,128882,424,h,37.2,35.1,45.7,20.4,Successful,16.980577139779438,-59.96215525432656,Forward,Short,"[{""type"": ""Zone"", ""value"": ""Back""}, {""type"": ""PassEndX"", ""value"": ""45.7""}, {""type"": ""PassEndY"", ""value"": ""20.4""}, {""type"": ""Length"", ""value"": ""13.4""}, {""type"": ""Angle"", ""value"": ""5.44""}]"
2944993083.0,15,14.0,FirstHalf,Nathan Patterson,396975,424,h,45.8,20.4,58.9,35.8,Successful,20.218061232472316,49.61387089748842,Forward,Short,"[{""type"": ""Zone"", ""value"": ""Center""}, {""type"": ""PassEndX"", ""value"": ""58.9""}, {""type"": ""PassEndY"", ""value"": ""35.8""}, {""type"": ""Length"", ""value"": ""17.3""}, {""type"": ""Angle"", ""value"": ""0.65""}]"
2944993085.0,15,15.0,FirstHalf,John McGinn,318449,424,h,58.6,38.3,52.3,65.1,Successful,27.530528509274934,103.22860315589294,Backward,Short,"[{""type"": ""Zone"", ""value"": ""Center""}, {""type"": ""PassEndX"", ""value"": ""52.3""}, {""type"": ""PassEndY"", ""value"": ""65.1""}, {""type"": ""Length"", ""value"": ""19.4""}, {""type"": ""Angle"", ""value"": ""1.92""}]"
2944993087.0,15,18.0,FirstHalf,Scott McTominay,336915,424,h,52.2,64.9,66.3,93.3,Successful,31.707570074037513,63.59657259595431,Forward,Short,"[{""type"": ""Zone"", ""value"": ""Left""}, {""type"": ""PassEndX"", ""value"": ""66.3""}, {""type"": ""PassEndY"", ""value"": ""93.3""}, {""type"": ""Length"", ""value"": ""24.3""}, {""type"": ""Angle"", ""value"": ""0.92""}]"
2944993089.0,15,21.0,FirstHalf,Kieran Tierney,297403,424,h,66.1,95.1,46.5,85.9,Successful,21.651789764358963,-154.8552143693211,Backward,Short,"[{""type"": ""Zone"", ""value"": ""Back""}, {""type"": ""PassEndX"", ""value"": ""46.5""}, {""type"": ""PassEndY"", ""value"": ""85.9""}, {""type"": ""Length"", ""value"": ""21.5""}, {""type"": ""Angle"", ""value"": ""3.44""}]"
2944993091.0,15,25.0,FirstHalf,Andy Robertson,115726,424,h,55.3,82.1,75.8,6.5,Successful,78.33013468646661,-74.82828120821931,Forward,Chipped,"[{""type"": ""Longball""}, {""type"": ""Zone"", ""value"": ""Right""}, {""type"": ""PassEndX"", ""value"": ""75.8""}, {""type"": ""PassEndY"", ""value"": ""6.5""}, {""type"": ""Chipped""}, {""type"": ""Length"", ""value"": ""55.7""}, {""type"": ""Angle"", ""value"": ""5.11""}]"
2944993093.0,15,30.0,FirstHalf,Nathan Patterson,396975,424,h,75.5,5.3,67.8,15.9,Successful,13.101526628603251,125.99522087472272,Backward,Short,"[{""type"": ""Zone"", ""value"": ""Right""}, {""type"": ""PassEndX"", ""value"": ""67.8""}, {""type"": ""PassEndY"", ""value"": ""15.9""}, {""type"": ""Length"", ""value"": ""10.8""}, {""type"": ""Angle"", ""value"": ""2.41""}]"
2944993095.0,15,31.0,FirstHalf,Ryan Christie,128882,424,h,68.1,17.7,64.7,5.6,Successful,12.568611697399199,-105.69492414341998,Lateral,Short,"[{""type"": ""Zone"", ""value"": ""Right""}, {""type"": ""PassEndX"", ""value"": ""64.7""}, {""type"": ""PassEndY"", ""value"": ""5.6""}, {""type"": ""Length"", ""value"": ""9.0""}, {""type"": ""Angle"", ""value"": ""4.30""}]"
2944993099.0,15,32.0,FirstHalf,Nathan Patterson,396975,424,h,63.5,5.5,70.5,13.8,Successful,10.857716150277646,49.856603933943184,Forward,Short,"[{""type"": ""Zone"", ""value"": ""Right""}, {""type"": ""PassEndX"", ""value"": ""70.5""}, {""type"": ""PassEndY"", ""value"": ""13.8""}, {""type"": ""Length"", ""value"": ""9.3""}, {""type"": ""Angle"", ""value"": ""0.65""}]"
2944993107.0,15,45.0,FirstHalf,Issa Diop,300359,495,a,32.9,37.1,38.3,26.9,Successful,11.54123043700281,-62.102728969052386,Forward,Short,"[{""type"": ""FreekickTaken""}, {""type"": ""Zone"", ""value"": ""Back""}, {""type"": ""PassEndX"", ""value"": ""38.3""}, {""type"": ""PassEndY"", ""value"": ""26.9""}, {""type"": ""Length"", ""value"": ""9.0""}, {""type"": ""Angle"", ""value"": ""5.40""}]"
2944993109.0,15,45.0,FirstHalf,Ayyoub Bouaddi,504830,495,a,38.3,26.9,46.5,14.5,Successful,14.866068747318506,-56.523721703897316,Forward,Short,"[{""type"": ""Zone"", ""value"": ""Back""}, {""type"": ""PassEndX"", ""value"": ""46.5""}, {""type"": ""PassEndY"", ""value"": ""14.5""}, {""type"": ""Length"", ""value"": ""12.1""}, {""type"": ""Angle"", ""value"": ""5.51""}]"
2944993111.0,15,49.0,FirstHalf,Brahim Díaz,317541,495,a,53.3,8.9,65.4,21.6,Successful,17.541379649275033,46.38591785081218,Forward,Short,"[{""type"": ""Zone"", ""value"": ""Center""}, {""type"": ""PassEndX"", ""value"": ""65.4""}, {""type"": ""PassEndY"", ""value"": ""21.6""}, {""type"": ""Length"", ""value"": ""15.4""}, {""type"": ""Angle"", ""value"": ""0.60""}]"
2944993113.0,15,51.0,FirstHalf,Achraf Hakimi,320834,495,a,65.4,21.6,64.8,3.1,Successful,18.509727172489605,-91.85759037032028,Lateral,Short,"[{""type"": ""Zone"", ""value"": ""Right""}, {""type"": ""PassEndX"", ""value"": ""64.8""}, {""type"": ""PassEndY"", ""value"": ""3.1""}, {""type"": ""Length"", ""value"": ""12.6""}, {""type"": ""Angle"", ""value"": ""4.66""}]"
2944993115.0,15,53.0,FirstHalf,Ismael Saibari,404776,495,a,64.8,3.1,53.2,12.5,Successful,14.930505684671228,140.98059952476345,Backward,Short,"[{""type"": ""Zone"", ""value"": ""Right""}, {""type"": ""PassEndX"", ""value"": ""53.2""}, {""type"": ""PassEndY"", ""value"": ""12.5""}, {""type"": ""Length"", ""value"": ""13.8""}, {""type"": ""Angle"", ""value"": ""2.66""}]"
2944993117.0,15,54.0,FirstHalf,Brahim Díaz,317541,495,a,53.2,12.5,43.4,20.1,Successful,12.401612798342,142.20605700138327,Backward,Short,"[{""type"": ""Zone"", ""value"": ""Back""}, {""type"": ""PassEndX"", ""value"": ""43.4""}, {""type"": ""PassEndY"", ""value"": ""20.1""}, {""type"": ""Length"", ""value"": ""11.5""}, {""type"": ""Angle"", ""value"": ""2.68""}]"
2944993119.0,15,57.0,FirstHalf,Ayyoub Bouaddi,504830,495,a,45.3,22.9,47.5,19.3,Successful,4.219004621945797,-58.57043438516144,Lateral,Short,"[{""type"": ""Zone"", ""value"": ""Back""}, {""type"": ""PassEndX"", ""value"": ""47.5""}, {""type"": ""PassEndY"", ""value"": ""19.3""}, {""type"": ""Length"", ""value"": ""3.4""}, {""type"": ""Angle"", ""value"": ""5.47""}]"
2944993121.0,15,59.0,FirstHalf,Brahim Díaz,317541,495,a,45.6,26.6,43.7,51.7,Successful,25.17180962902747,94.32887506719041,Lateral,Short,"[{""type"": ""Zone"", ""value"": ""Back""}, {""type"": ""PassEndX"", ""value"": ""43.7""}, {""type"": ""PassEndY"", ""value"": ""51.7""}, {""type"": ""Length"", ""value"": ""17.2""}, {""type"": ""Angle"", ""value"": ""1.69""}]"
2944993123.0,16,1.0,FirstHalf,Neil El Aynaoui,486734,495,a,44.9,53.3,48.9,35.3,Successful,18.439088914585774,-77.47119229084849,Lateral,Short,"[{""type"": ""Zone"", ""value"": ""Back""}, {""type"": ""PassEndX"", ""value"": ""48.9""}, {""type"": ""PassEndY"", ""value"": ""35.3""}, {""type"": ""Length"", ""value"": ""12.9""}, {""type"": ""Angle"", ""value"": ""5.04""}]"
2944993125.0,16,5.0,FirstHalf,Brahim Díaz,317541,495,a,56.9,27.7,62.5,2.8,Successful,25.52195133605579,-77.3250920222607,Forward,Short,"[{""type"": ""Zone"", ""value"": ""Right""}, {""type"": ""PassEndX"", ""value"": ""62.5""}, {""type"": ""PassEndY"", ""value"": ""2.8""}, {""type"": ""Length"", ""value"": ""17.9""}, {""type"": ""Angle"", ""value"": ""5.05""}]"
2944993127.0,16,8.0,FirstHalf,Ismael Saibari,404776,495,a,62.3,5.6,64.8,25.1,Successful,19.6596032513375,82.69424046668918,Lateral,Short,"[{""type"": ""Zone"", ""value"": ""Center""}, {""type"": ""PassEndX"", ""value"": ""64.8""}, {""type"": ""PassEndY"", ""value"": ""25.1""}, {""type"": ""Length"", ""value"": ""13.5""}, {""type"": ""Angle"", ""value"": ""1.38""}]"
2944993129.0,16,9.0,FirstHalf,Achraf Hakimi,320834,495,a,64.8,25.1,60.2,4.8,Successful,20.81465829649865,-102.76766314468286,Lateral,Short,"[{""type"": ""Zone"", ""value"": ""Right""}, {""type"": ""PassEndX"", ""value"": ""60.2""}, {""type"": ""PassEndY"", ""value"": ""4.8""}, {""type"": ""LayOff""}, {""type"": ""Length"", ""value"": ""14.6""}, {""type"": ""Angle"", ""value"": ""4.38""}]"
2944993131.0,16,12.0,FirstHalf,Ismael Saibari,404776,495,a,59.6,10.2,61.7,28.2,Successful,18.122085972646747,83.3455749539934,Lateral,Short,"[{""type"": ""Zone"", ""value"": ""Center""}, {""type"": ""PassEndX"", ""value"": ""61.7""}, {""type"": ""PassEndY"", ""value"": ""28.2""}, {""type"": ""Length"", ""value"": ""12.4""}, {""type"": ""Angle"", ""value"": ""1.39""}]"
2944993133.0,16,13.0,FirstHalf,Ayyoub Bouaddi,504830,495,a,61.7,28.2,39.7,19.3,Successful,23.732045845227926,-157.97442976567663,Backward,Short,"[{""type"": ""Zone"", ""value"": ""Back""}, {""type"": ""PassEndX"", ""value"": ""39.7""}, {""type"": ""PassEndY"", ""value"": ""19.3""}, {""type"": ""Length"", ""value"": ""23.9""}, {""type"": ""Angle"", ""value"": ""3.40""}]"
2944993135.0,16,15.0,FirstHalf,Issa Diop,300359,495,a,40.4,22.4,42.1,49.2,Successful,26.853863781586444,86.37042914367878,Lateral,Short,"[{""type"": ""Zone"", ""value"": ""Back""}, {""type"": ""PassEndX"", ""value"": ""42.1""}, {""type"": ""PassEndY"", ""value"": ""49.2""}, {""type"": ""Length"", ""value"": ""18.3""}, {""type"": ""Angle"", ""value"": ""1.47""}]"
2944993137.0,16,17.0,FirstHalf,Chadi Riad,454342,495,a,42.1,49.2,43.8,26.4,Successful,22.86328935214704,-85.73583665084729,Lateral,Short,"[{""type"": ""Zone"", ""value"": ""Back""}, {""type"": ""PassEndX"", ""value"": ""43.8""}, {""type"": ""PassEndY"", ""value"": ""26.4""}, {""type"": ""Length"", ""value"": ""15.6""}, {""type"": ""Angle"", ""value"": ""4.83""}]"
2944993139.0,16,19.0,FirstHalf,Issa Diop,300359,495,a,45.0,26.6,48.9,32.5,Successful,7.072481884034767,56.53462065364472,Lateral,Short,"[{""type"": ""Zone"", ""value"": ""Back""}, {""type"": ""PassEndX"", ""value"": ""48.9""}, {""type"": ""PassEndY"", ""value"": ""32.5""}, {""type"": ""Length"", ""value"": ""5.7""}, {""type"": ""Angle"", ""value"": ""0.78""}]"
2944993141.0,16,22.0,FirstHalf,Neil El Aynaoui,486734,495,a,51.8,27.9,68.8,25.4,Unsuccessful,17.18284027743958,-8.36588612403259,Forward,Short,"[{""type"": ""Zone"", ""value"": ""Center""}, {""type"": ""PassEndX"", ""value"": ""68.8""}, {""type"": ""PassEndY"", ""value"": ""25.4""}, {""type"": ""Length"", ""value"": ""17.9""}, {""type"": ""Angle"", ""value"": ""6.19""}]"
2944993145.0,16,25.0,FirstHalf,Kieran Tierney,297403,424,h,36.7,76.9,46.0,45.4,Successful,32.84417756619886,-73.5513918729602,Forward,Short,"[{""type"": ""Zone"", ""value"": ""Back""}, {""type"": ""PassEndX"", ""value"": ""46.0""}, {""type"": ""PassEndY"", ""value"": ""45.4""}, {""type"": ""Length"", ""value"": ""23.5""}, {""type"": ""Angle"", ""value"": ""5.14""}]"
2944993147.0,16,28.0,FirstHalf,Ryan Christie,128882,424,h,53.1,44.8,60.5,19.2,Unsuccessful,26.64807685368683,-73.87740122228281,Forward,Short,"[{""type"": ""Zone"", ""value"": ""Right""}, {""type"": ""PassEndX"", ""value"": ""60.5""}, {""type"": ""PassEndY"", ""value"": ""19.2""}, {""type"": ""Length"", ""value"": ""19.1""}, {""type"": ""Angle"", ""value"": ""5.13""}]"
2944993151.0,16,32.0,FirstHalf,John McGinn,318449,424,h,67.1,27.9,71.7,6.8,Successful,21.595601403989654,-77.7014101559201,Lateral,Short,"[{""type"": ""Zone"", ""value"": ""Right""}, {""type"": ""PassEndX"", ""value"": ""71.7""}, {""type"": ""PassEndY"", ""value"": ""6.8""}, {""type"": ""Length"", ""value"": ""15.1""}, {""type"": ""Angle"", ""value"": ""5.04""}]"
2944993163.0,16,45.0,FirstHalf,Noussair Mazraoui,349932,495,a,21.7,100.0,12.6,92.3,Successful,11.920570456148482,-139.7636416907262,Backward,ThrowIn,"[{""type"": ""Zone"", ""value"": ""Back""}, {""type"": ""ThrowIn""}, {""type"": ""PassEndX"", ""value"": ""12.6""}, {""type"": ""PassEndY"", ""value"": ""92.3""}, {""type"": ""Length"", ""value"": ""11.6""}, {""type"": ""Angle"", ""value"": ""3.75""}]"
2944993165.0,16,47.0,FirstHalf,Chadi Riad,454342,495,a,12.6,92.3,53.6,55.1,Unsuccessful,55.36099710084709,-42.21799446274787,Forward,Short,"[{""type"": ""Longball""}, {""type"": ""Zone"", ""value"": ""Center""}, {""type"": ""PassEndX"", ""value"": ""53.6""}, {""type"": ""PassEndY"", ""value"": ""55.1""}, {""type"": ""Length"", ""value"": ""49.9""}, {""type"": ""Angle"", ""value"": ""5.75""}]"
2944993169.0,16,53.0,FirstHalf,Grant Hanley,86593,424,h,44.5,43.0,45.8,56.1,Successful,13.16434578701122,84.33271432176088,Lateral,Short,"[{""type"": ""Zone"", ""value"": ""Back""}, {""type"": ""PassEndX"", ""value"": ""45.8""}, {""type"": ""PassEndY"", ""value"": ""56.1""}, {""type"": ""Length"", ""value"": ""9.0""}, {""type"": ""Angle"", ""value"": ""1.42""}]"
2944993171.0,16,56.0,FirstHalf,Andy Robertson,115726,424,h,46.5,56.4,51.5,43.0,Successful,14.302447343024898,-69.5377284765778,Lateral,Short,"[{""type"": ""Zone"", ""value"": ""Center""}, {""type"": ""PassEndX"", ""value"": ""51.5""}, {""type"": ""PassEndY"", ""value"": ""43.0""}, {""type"": ""Length"", ""value"": ""10.5""}, {""type"": ""Angle"", ""value"": ""5.24""}]"
2944993173.0,16,58.0,FirstHalf,Lewis Ferguson,396971,424,h,53.7,40.6,55.7,51.6,Successful,11.180339887498949,79.69515353123397,Lateral,Short,"[{""type"": ""Zone"", ""value"": ""Center""}, {""type"": ""PassEndX"", ""value"": ""55.7""}, {""type"": ""PassEndY"", ""value"": ""51.6""}, {""type"": ""Length"", ""value"": ""7.8""}, {""type"": ""Angle"", ""value"": ""1.30""}]"
2944993175.0,16,58.0,FirstHalf,Scott McTominay,336915,424,h,55.7,51.6,65.2,30.4,Unsuccessful,23.23122898169617,-65.86221854061624,Forward,Short,"[{""type"": ""Zone"", ""value"": ""Center""}, {""type"": ""PassEndX"", ""value"": ""65.2""}, {""type"": ""PassEndY"", ""value"": ""30.4""}, {""type"": ""Length"", ""value"": ""17.5""}, {""type"": ""Angle"", ""value"": ""5.32""}]"
2944993179.0,17,2.0,FirstHalf,Nathan Patterson,396975,424,h,57.7,15.9,61.5,24.7,Unsuccessful,9.585405573057406,66.64443514071402,Lateral,Short,"[{""type"": ""Zone"", ""value"": ""Center""}, {""type"": ""PassEndX"", ""value"": ""61.5""}, {""type"": ""PassEndY"", ""value"": ""24.7""}, {""type"": ""Length"", ""value"": ""7.2""}, {""type"": ""Angle"", ""value"": ""0.98""}, {""type"": ""OppositeRelatedEvent"", ""value"": ""235""}, {""type"": ""Offensive""}]"
2944993185.0,17,4.0,FirstHalf,Bilal El Khannouss,433572,495,a,56.7,77.1,45.7,60.9,Successful,19.581624038878896,-124.17698877379291,Backward,Short,"[{""type"": ""Zone"", ""value"": ""Back""}, {""type"": ""PassEndX"", ""value"": ""45.7""}, {""type"": ""PassEndY"", ""value"": ""60.9""}, {""type"": ""Length"", ""value"": ""16.0""}, {""type"": ""Angle"", ""value"": ""3.90""}]"
2944993187.0,17,8.0,FirstHalf,Neil El Aynaoui,486734,495,a,44.5,66.0,45.0,43.1,Successful,22.905457864884518,-88.74919918523459,Lateral,Short,"[{""type"": ""Zone"", ""value"": ""Back""}, {""type"": ""PassEndX"", ""value"": ""45.0""}, {""type"": ""PassEndY"", ""value"": ""43.1""}, {""type"": ""Length"", ""value"": ""15.6""}, {""type"": ""Angle"", ""value"": ""4.75""}]"
2944993189.0,17,12.0,FirstHalf,Achraf Hakimi,320834,495,a,45.1,36.3,55.4,8.2,Successful,29.928247526375475,-69.86968797395873,Forward,Short,"[{""type"": ""Zone"", ""value"": ""Right""}, {""type"": ""PassEndX"", ""value"": ""55.4""}, {""type"": ""PassEndY"", ""value"": ""8.2""}, {""type"": ""Length"", ""value"": ""22.0""}, {""type"": ""Angle"", ""value"": ""5.23""}]"
2944993191.0,17,17.0,FirstHalf,Brahim Díaz,317541,495,a,62.7,10.5,93.0,33.5,Successful,38.040636167130536,37.20125755539804,Forward,Chipped,"[{""type"": ""Longball""}, {""type"": ""Zone"", ""value"": ""Center""}, {""type"": ""PassEndX"", ""value"": ""93.0""}, {""type"": ""PassEndY"", ""value"": ""33.5""}, {""type"": ""Chipped""}, {""type"": ""Length"", ""value"": ""35.5""}, {""type"": ""Angle"", ""value"": ""0.46""}]"
2944993199.0,17,23.0,FirstHalf,Lewis Ferguson,396971,424,h,12.6,59.3,21.7,94.4,Successful,36.260446770551525,75.46554491945989,Forward,Short,"[{""type"": ""Zone"", ""value"": ""Back""}, {""type"": ""PassEndX"", ""value"": ""21.7""}, {""type"": ""PassEndY"", ""value"": ""94.4""}, {""type"": ""Length"", ""value"": ""25.7""}, {""type"": ""Angle"", ""value"": ""1.19""}]"
2944993201.0,17,27.0,FirstHalf,Andy Robertson,115726,424,h,23.3,94.7,14.2,82.1,Successful,15.54252231782217,-125.83765295427827,Backward,Short,"[{""type"": ""Zone"", ""value"": ""Back""}, {""type"": ""PassEndX"", ""value"": ""14.2""}, {""type"": ""PassEndY"", ""value"": ""82.1""}, {""type"": ""Length"", ""value"": ""12.8""}, {""type"": ""Angle"", ""value"": ""3.87""}]"
2944993203.0,17,31.0,FirstHalf,Lewis Ferguson,396971,424,h,12.2,81.7,23.9,95.0,Successful,17.713836399831628,48.6619355755198,Forward,Short,"[{""type"": ""Zone"", ""value"": ""Back""}, {""type"": ""PassEndX"", ""value"": ""23.9""}, {""type"": ""PassEndY"", ""value"": ""95.0""}, {""type"": ""Length"", ""value"": ""15.3""}, {""type"": ""Angle"", ""value"": ""0.63""}]"
2944993205.0,17,32.0,FirstHalf,Andy Robertson,115726,424,h,22.4,95.1,9.2,88.3,Successful,14.848568954616466,-152.74467162505695,Backward,Short,"[{""type"": ""Zone"", ""value"": ""Back""}, {""type"": ""PassEndX"", ""value"": ""9.2""}, {""type"": ""PassEndY"", ""value"": ""88.3""}, {""type"": ""Length"", ""value"": ""14.6""}, {""type"": ""Angle"", ""value"": ""3.46""}]"
2944993207.0,17,33.0,FirstHalf,Lewis Ferguson,396971,424,h,9.2,88.3,23.5,80.6,Successful,16.241305366256743,-28.300755766006386,Forward,Short,"[{""type"": ""Zone"", ""value"": ""Back""}, {""type"": ""PassEndX"", ""value"": ""23.5""}, {""type"": ""PassEndY"", ""value"": ""80.6""}, {""type"": ""Length"", ""value"": ""15.9""}, {""type"": ""Angle"", ""value"": ""5.95""}]"
2944993209.0,17,34.0,FirstHalf,Scott McTominay,336915,424,h,23.5,80.6,8.5,89.4,Successful,17.390802166662702,149.60127228583391,Backward,Short,"[{""type"": ""Zone"", ""value"": ""Back""}, {""type"": ""PassEndX"", ""value"": ""8.5""}, {""type"": ""PassEndY"", ""value"": ""89.4""}, {""type"": ""Length"", ""value"": ""16.8""}, {""type"": ""Angle"", ""value"": ""2.78""}]"
2944993211.0,17,36.0,FirstHalf,Lewis Ferguson,396971,424,h,9.2,88.6,24.6,98.1,Successful,18.094474294656923,31.66973514666302,Forward,Short,"[{""type"": ""Zone"", ""value"": ""Back""}, {""type"": ""PassEndX"", ""value"": ""24.6""}, {""type"": ""PassEndY"", ""value"": ""98.1""}, {""type"": ""Length"", ""value"": ""17.4""}, {""type"": ""Angle"", ""value"": ""0.38""}]"
2944993213.0,17,37.0,FirstHalf,Andy Robertson,115726,424,h,24.6,98.1,40.4,73.6,Successful,29.152872928752664,-57.18211293268838,Forward,Short,"[{""type"": ""Zone"", ""value"": ""Back""}, {""type"": ""PassEndX"", ""value"": ""40.4""}, {""type"": ""PassEndY"", ""value"": ""73.6""}, {""type"": ""Length"", ""value"": ""23.5""}, {""type"": ""Angle"", ""value"": ""5.50""}]"
2944993215.0,17,39.0,FirstHalf,Ryan Christie,128882,424,h,40.4,73.6,31.3,79.4,Successful,10.791200118615171,147.48808576894845,Backward,Short,"[{""type"": ""Zone"", ""value"": ""Back""}, {""type"": ""PassEndX"", ""value"": ""31.3""}, {""type"": ""PassEndY"", ""value"": ""79.4""}, {""type"": ""LayOff""}, {""type"": ""Length"", ""value"": ""10.3""}, {""type"": ""Angle"", ""value"": ""2.75""}]"
2944993217.0,17,42.0,FirstHalf,Ché Adams,256419,424,h,33.7,73.3,25.5,78.8,Successful,9.873702446397706,146.14898969644182,Backward,Short,"[{""type"": ""Zone"", ""value"": ""Back""}, {""type"": ""PassEndX"", ""value"": ""25.5""}, {""type"": ""PassEndY"", ""value"": ""78.8""}, {""type"": ""Length"", ""value"": ""9.4""}, {""type"": ""Angle"", ""value"": ""2.73""}]"
2944993219.0,17,44.0,FirstHalf,Kieran Tierney,297403,424,h,24.7,78.2,5.0,48.8,Successful,35.389970330589435,-123.8247752233378,Backward,Short,"[{""type"": ""Zone"", ""value"": ""Back""}, {""type"": ""PassEndX"", ""value"": ""5.0""}, {""type"": ""PassEndY"", ""value"": ""48.8""}, {""type"": ""Length"", ""value"": ""28.8""}, {""type"": ""Angle"", ""value"": ""3.91""}]"
2944993223.0,17,48.0,FirstHalf,Angus Gunn,318896,424,h,6.8,44.0,60.5,28.3,Unsuccessful,55.94801158218226,-16.297071938200464,Forward,Short,"[{""type"": ""Longball""}, {""type"": ""Zone"", ""value"": ""Center""}, {""type"": ""PassEndX"", ""value"": ""60.5""}, {""type"": ""PassEndY"", ""value"": ""28.3""}, {""type"": ""Length"", ""value"": ""57.4""}, {""type"": ""Angle"", ""value"": ""6.10""}]"
2944993225.0,17,51.0,FirstHalf,Noussair Mazraoui,349932,495,a,36.3,73.2,38.7,74.6,Unsuccessful,2.7784887978899615,30.256437163529053,Lateral,Short,"[{""type"": ""HeadPass""}, {""type"": ""Zone"", ""value"": ""Back""}, {""type"": ""PassEndX"", ""value"": ""38.7""}, {""type"": ""PassEndY"", ""value"": ""74.6""}, {""type"": ""Length"", ""value"": ""2.7""}, {""type"": ""Angle"", ""value"": ""0.36""}]"
2944993235.0,18,4.0,FirstHalf,Ayyoub Bouaddi,504830,495,a,37.3,72.1,34.3,50.8,Successful,21.51023012429202,-98.01709307365533,Lateral,Short,"[{""type"": ""FreekickTaken""}, {""type"": ""Zone"", ""value"": ""Back""}, {""type"": ""PassEndX"", ""value"": ""34.3""}, {""type"": ""PassEndY"", ""value"": ""50.8""}, {""type"": ""Length"", ""value"": ""14.8""}, {""type"": ""Angle"", ""value"": ""4.50""}]"
2944993237.0,18,10.0,FirstHalf,Neil El Aynaoui,486734,495,a,32.6,46.7,37.4,26.1,Successful,21.151832071950647,-76.88356387460854,Lateral,Short,"[{""type"": ""Zone"", ""value"": ""Back""}, {""type"": ""PassEndX"", ""value"": ""37.4""}, {""type"": ""PassEndY"", ""value"": ""26.1""}, {""type"": ""Length"", ""value"": ""14.9""}, {""type"": ""Angle"", ""value"": ""5.06""}]"
2944993243.0,18,12.0,FirstHalf,Azzedine Ounahi,392361,495,a,37.4,26.1,43.5,6.6,Successful,20.43183790068823,-72.62924666946569,Forward,Short,"[{""type"": ""Zone"", ""value"": ""Back""}, {""type"": ""PassEndX"", ""value"": ""43.5""}, {""type"": ""PassEndY"", ""value"": ""6.6""}, {""type"": ""Length"", ""value"": ""14.7""}, {""type"": ""Angle"", ""value"": ""5.16""}]"
2944993245.0,18,20.0,FirstHalf,Brahim Díaz,317541,495,a,31.6,10.1,22.3,25.2,Successful,17.7341478509682,121.62866803010809,Backward,Short,"[{""type"": ""Zone"", ""value"": ""Back""}, {""type"": ""PassEndX"", ""value"": ""22.3""}, {""type"": ""PassEndY"", ""value"": ""25.2""}, {""type"": ""Length"", ""value"": ""14.2""}, {""type"": ""Angle"", ""value"": ""2.33""}]"
2944993247.0,18,22.0,FirstHalf,Issa Diop,300359,495,a,24.7,25.2,23.0,55.1,Successful,29.9482887658043,93.25411614169379,Lateral,Short,"[{""type"": ""Zone"", ""value"": ""Back""}, {""type"": ""PassEndX"", ""value"": ""23.0""}, {""type"": ""PassEndY"", ""value"": ""55.1""}, {""type"": ""Length"", ""value"": ""20.4""}, {""type"": ""Angle"", ""value"": ""1.66""}]"
2944993249.0,18,30.0,FirstHalf,Chadi Riad,454342,495,a,29.2,64.0,27.5,26.4,Successful,37.63841123108148,-92.58873766916618,Lateral,Short,"[{""type"": ""Zone"", ""value"": ""Back""}, {""type"": ""PassEndX"", ""value"": ""27.5""}, {""type"": ""PassEndY"", ""value"": ""26.4""}, {""type"": ""Length"", ""value"": ""25.6""}, {""type"": ""Angle"", ""value"": ""4.64""}]"
2944993251.0,18,34.0,FirstHalf,Issa Diop,300359,495,a,29.7,26.4,41.8,3.9,Successful,25.547211198093617,-61.7296237536881,Forward,Short,"[{""type"": ""Zone"", ""value"": ""Back""}, {""type"": ""PassEndX"", ""value"": ""41.8""}, {""type"": ""PassEndY"", ""value"": ""3.9""}, {""type"": ""Length"", ""value"": ""19.9""}, {""type"": ""Angle"", ""value"": ""5.41""}]"
2944993253.0,18,37.0,FirstHalf,Achraf Hakimi,320834,495,a,43.1,4.6,37.4,27.7,Successful,23.792856070678024,103.86102756302115,Backward,Short,"[{""type"": ""Zone"", ""value"": ""Back""}, {""type"": ""PassEndX"", ""value"": ""37.4""}, {""type"": ""PassEndY"", ""value"": ""27.7""}, {""type"": ""Length"", ""value"": ""16.8""}, {""type"": ""Angle"", ""value"": ""1.93""}]"
2944993255.0,18,40.0,FirstHalf,Neil El Aynaoui,486734,495,a,37.4,27.5,31.6,49.2,Successful,22.461745257214545,104.96427968070722,Backward,Short,"[{""type"": ""Zone"", ""value"": ""Back""}, {""type"": ""PassEndX"", ""value"": ""31.6""}, {""type"": ""PassEndY"", ""value"": ""49.2""}, {""type"": ""Length"", ""value"": ""16.0""}, {""type"": ""Angle"", ""value"": ""1.96""}]"
2944993257.0,18,44.0,FirstHalf,Chadi Riad,454342,495,a,31.6,57.4,33.5,24.2,Successful,33.254323027239636,-86.7245973590799,Lateral,Short,"[{""type"": ""Zone"", ""value"": ""Back""}, {""type"": ""PassEndX"", ""value"": ""33.5""}, {""type"": ""PassEndY"", ""value"": ""24.2""}, {""type"": ""Length"", ""value"": ""22.7""}, {""type"": ""Angle"", ""value"": ""4.80""}]"
2944993259.0,18,47.0,FirstHalf,Issa Diop,300359,495,a,33.8,21.3,47.9,6.9,Successful,20.15365971728212,-45.60309119438053,Forward,Short,"[{""type"": ""Zone"", ""value"": ""Back""}, {""type"": ""PassEndX"", ""value"": ""47.9""}, {""type"": ""PassEndY"", ""value"": ""6.9""}, {""type"": ""Length"", ""value"": ""17.8""}, {""type"": ""Angle"", ""value"": ""5.70""}]"
2944993261.0,18,51.0,FirstHalf,Azzedine Ounahi,392361,495,a,54.7,6.3,47.2,23.8,Successful,19.03943276465977,113.19859051364818,Backward,Short,"[{""type"": ""Zone"", ""value"": ""Back""}, {""type"": ""PassEndX"", ""value"": ""47.2""}, {""type"": ""PassEndY"", ""value"": ""23.8""}, {""type"": ""Length"", ""value"": ""14.3""}, {""type"": ""Angle"", ""value"": ""2.16""}]"
2944993263.0,18,53.0,FirstHalf,Neil El Aynaoui,486734,495,a,46.9,25.4,46.0,7.1,Successful,18.322117781522962,-92.81555668421123,Lateral,Short,"[{""type"": ""Zone"", ""value"": ""Back""}, {""type"": ""PassEndX"", ""value"": ""46.0""}, {""type"": ""PassEndY"", ""value"": ""7.1""}, {""type"": ""Length"", ""value"": ""12.5""}, {""type"": ""Angle"", ""value"": ""4.64""}]"
2944993265.0,18,56.0,FirstHalf,Azzedine Ounahi,392361,495,a,46.9,7.7,93.1,12.0,Unsuccessful,46.39967672301176,5.3174050261412535,Forward,Chipped,"[{""type"": ""Longball""}, {""type"": ""Zone"", ""value"": ""Right""}, {""type"": ""PassEndX"", ""value"": ""93.1""}, {""type"": ""PassEndY"", ""value"": ""12.0""}, {""type"": ""Chipped""}, {""type"": ""Length"", ""value"": ""48.6""}, {""type"": ""Angle"", ""value"": ""0.06""}]"
2944993273.0,19,34.0,FirstHalf,Achraf Hakimi,320834,495,a,99.5,0.5,92.7,55.1,Unsuccessful,55.0218138559608,97.09918416872557,Backward,Cross,"[{""type"": ""Longball""}, {""type"": ""Cross""}, {""type"": ""CornerTaken""}, {""type"": ""RightFoot""}, {""type"": ""Zone"", ""value"": ""Center""}, {""type"": ""PassEndX"", ""value"": ""92.7""}, {""type"": ""PassEndY"", ""value"": ""55.1""}, {""type"": ""Chipped""}, {""type"": ""Length"", ""value"": ""37.8""}, {""type"": ""Angle"", ""value"": ""1.76""}]"
2944993281.0,19,55.0,FirstHalf,Achraf Hakimi,320834,495,a,99.5,0.5,92.7,45.0,Unsuccessful,45.01655251127079,98.68810204309756,Backward,Cross,"[{""type"": ""Cross""}, {""type"": ""CornerTaken""}, {""type"": ""RightFoot""}, {""type"": ""Zone"", ""value"": ""Center""}, {""type"": ""PassEndX"", ""value"": ""92.7""}, {""type"": ""PassEndY"", ""value"": ""45.0""}, {""type"": ""Chipped""}, {""type"": ""Length"", ""value"": ""31.1""}, {""type"": ""Angle"", ""value"": ""1.80""}]"
2944993289.0,20,5.0,FirstHalf,Achraf Hakimi,320834,495,a,82.4,6.9,97.2,50.0,Unsuccessful,45.57027539965059,71.04817058888864,Forward,Cross,"[{""type"": ""Longball""}, {""type"": ""Cross""}, {""type"": ""RightFoot""}, {""type"": ""Zone"", ""value"": ""Center""}, {""type"": ""PassEndX"", ""value"": ""97.2""}, {""type"": ""PassEndY"", ""value"": ""50.0""}, {""type"": ""Chipped""}, {""type"": ""Length"", ""value"": ""33.2""}, {""type"": ""Angle"", ""value"": ""1.08""}]"
2944993293.0,20,15.0,FirstHalf,Angus Gunn,318896,424,h,7.2,50.4,21.5,34.8,Successful,21.16246677492962,-47.48955292199916,Forward,Short,"[{""type"": ""Zone"", ""value"": ""Back""}, {""type"": ""KeeperThrow""}, {""type"": ""PassEndX"", ""value"": ""21.5""}, {""type"": ""PassEndY"", ""value"": ""34.8""}, {""type"": ""Length"", ""value"": ""18.4""}, {""type"": ""Angle"", ""value"": ""5.67""}]"
2944993295.0,20,21.0,FirstHalf,Lewis Ferguson,396971,424,h,25.7,32.1,37.4,33.4,Successful,11.77200067957864,6.340191745909896,Forward,Short,"[{""type"": ""Zone"", ""value"": ""Back""}, {""type"": ""PassEndX"", ""value"": ""37.4""}, {""type"": ""PassEndY"", ""value"": ""33.4""}, {""type"": ""Length"", ""value"": ""12.3""}, {""type"": ""Angle"", ""value"": ""0.07""}]"
2944993297.0,20,22.0,FirstHalf,Ryan Christie,128882,424,h,37.4,33.4,29.4,63.4,Successful,31.04834939252005,104.93141717813755,Backward,Short,"[{""type"": ""Zone"", ""value"": ""Back""}, {""type"": ""PassEndX"", ""value"": ""29.4""}, {""type"": ""PassEndY"", ""value"": ""63.4""}, {""type"": ""LayOff""}, {""type"": ""Length"", ""value"": ""22.1""}, {""type"": ""Angle"", ""value"": ""1.96""}]"
2944993299.0,20,23.0,FirstHalf,Scott McTominay,336915,424,h,29.4,62.9,28.9,80.8,Successful,17.906981878585793,91.60002471514774,Lateral,Short,"[{""type"": ""Zone"", ""value"": ""Back""}, {""type"": ""PassEndX"", ""value"": ""28.9""}, {""type"": ""PassEndY"", ""value"": ""80.8""}, {""type"": ""Length"", ""value"": ""12.2""}, {""type"": ""Angle"", ""value"": ""1.61""}]"
2944993301.0,20,27.0,FirstHalf,Andy Robertson,115726,424,h,29.9,80.2,27.5,58.7,Successful,21.633538776631067,-96.3694392061123,Lateral,Short,"[{""type"": ""Zone"", ""value"": ""Back""}, {""type"": ""PassEndX"", ""value"": ""27.5""}, {""type"": ""PassEndY"", ""value"": ""58.7""}, {""type"": ""Length"", ""value"": ""14.8""}, {""type"": ""Angle"", ""value"": ""4.54""}]"
2944993303.0,20,31.0,FirstHalf,Lewis Ferguson,396971,424,h,29.5,49.9,27.7,70.5,Successful,20.678491240900534,94.99374398582339,Lateral,Short,"[{""type"": ""Zone"", ""value"": ""Back""}, {""type"": ""PassEndX"", ""value"": ""27.7""}, {""type"": ""PassEndY"", ""value"": ""70.5""}, {""type"": ""Length"", ""value"": ""14.1""}, {""type"": ""Angle"", ""value"": ""1.70""}]"
2944993305.0,20,36.0,FirstHalf,Jack Hendry,280210,424,h,32.3,72.1,29.4,54.6,Successful,17.73865834836445,-99.40922140811017,Lateral,Short,"[{""type"": ""Zone"", ""value"": ""Back""}, {""type"": ""PassEndX"", ""value"": ""29.4""}, {""type"": ""PassEndY"", ""value"": ""54.6""}, {""type"": ""Length"", ""value"": ""12.3""}, {""type"": ""Angle"", ""value"": ""4.46""}]"
2944993307.0,20,39.0,FirstHalf,Lewis Ferguson,396971,424,h,29.8,49.9,33.4,68.7,Successful,19.141577782408643,79.15969454566944,Lateral,Short,"[{""type"": ""Zone"", ""value"": ""Back""}, {""type"": ""PassEndX"", ""value"": ""33.4""}, {""type"": ""PassEndY"", ""value"": ""68.7""}, {""type"": ""Length"", ""value"": ""13.3""}, {""type"": ""Angle"", ""value"": ""1.28""}]"
2944993309.0,20,42.0,FirstHalf,Jack Hendry,280210,424,h,32.1,67.6,37.0,79.1,Successful,12.500399993600205,66.92177859395915,Lateral,Short,"[{""type"": ""Zone"", ""value"": ""Back""}, {""type"": ""PassEndX"", ""value"": ""37.0""}, {""type"": ""PassEndY"", ""value"": ""79.1""}, {""type"": ""Length"", ""value"": ""9.4""}, {""type"": ""Angle"", ""value"": ""0.99""}]"
2944993311.0,20,45.0,FirstHalf,Andy Robertson,115726,424,h,38.5,78.2,30.0,62.9,Successful,17.502571239677906,-119.05460409907714,Backward,Short,"[{""type"": ""Zone"", ""value"": ""Back""}, {""type"": ""PassEndX"", ""value"": ""30.0""}, {""type"": ""PassEndY"", ""value"": ""62.9""}, {""type"": ""Length"", ""value"": ""13.7""}, {""type"": ""Angle"", ""value"": ""4.00""}]"
2944993313.0,20,53.0,FirstHalf,Jack Hendry,280210,424,h,32.8,44.0,44.1,50.6,Successful,13.086252328302406,30.28795299066601,Forward,Short,"[{""type"": ""Zone"", ""value"": ""Back""}, {""type"": ""PassEndX"", ""value"": ""44.1""}, {""type"": ""PassEndY"", ""value"": ""50.6""}, {""type"": ""Length"", ""value"": ""12.7""}, {""type"": ""Angle"", ""value"": ""0.36""}]"
2944993315.0,20,55.0,FirstHalf,Ryan Christie,128882,424,h,45.3,53.9,56.4,67.9,Successful,17.86644900364928,51.59060876814889,Forward,Short,"[{""type"": ""Zone"", ""value"": ""Center""}, {""type"": ""PassEndX"", ""value"": ""56.4""}, {""type"": ""PassEndY"", ""value"": ""67.9""}, {""type"": ""Length"", ""value"": ""15.0""}, {""type"": ""Angle"", ""value"": ""0.68""}]"
2944993317.0,20,57.0,FirstHalf,Scott McTominay,336915,424,h,56.4,67.9,51.9,63.7,Successful,6.15548535860496,-136.97493401088198,Lateral,Short,"[{""type"": ""Zone"", ""value"": ""Center""}, {""type"": ""PassEndX"", ""value"": ""51.9""}, {""type"": ""PassEndY"", ""value"": ""63.7""}, {""type"": ""Length"", ""value"": ""5.5""}, {""type"": ""Angle"", ""value"": ""3.69""}]"
2944993319.0,20,58.0,FirstHalf,Ryan Christie,128882,424,h,54.6,63.9,54.3,83.5,Successful,19.60229578391266,90.87690774143066,Lateral,Short,"[{""type"": ""Zone"", ""value"": ""Left""}, {""type"": ""PassEndX"", ""value"": ""54.3""}, {""type"": ""PassEndY"", ""value"": ""83.5""}, {""type"": ""Length"", ""value"": ""13.3""}, {""type"": ""Angle"", ""value"": ""1.59""}]"
2944993321.0,21,2.0,FirstHalf,Andy Robertson,115726,424,h,56.5,80.5,47.1,68.7,Successful,15.086417732516885,-128.54118362128133,Backward,Short,"[{""type"": ""Zone"", ""value"": ""Back""}, {""type"": ""PassEndX"", ""value"": ""47.1""}, {""type"": ""PassEndY"", ""value"": ""68.7""}, {""type"": ""Length"", ""value"": ""12.7""}, {""type"": ""Angle"", ""value"": ""3.82""}]"
2944993323.0,21,5.0,FirstHalf,Lewis Ferguson,396971,424,h,47.1,67.6,46.3,48.8,Successful,18.817013578142518,-92.43664824681014,Lateral,Short,"[{""type"": ""Zone"", ""value"": ""Back""}, {""type"": ""PassEndX"", ""value"": ""46.3""}, {""type"": ""PassEndY"", ""value"": ""48.8""}, {""type"": ""Length"", ""value"": ""12.8""}, {""type"": ""Angle"", ""value"": ""4.65""}]"
2944993325.0,21,8.0,FirstHalf,Jack Hendry,280210,424,h,53.3,45.4,53.0,62.6,Successful,17.20261608011991,90.99924367025729,Lateral,Short,"[{""type"": ""Zone"", ""value"": ""Center""}, {""type"": ""PassEndX"", ""value"": ""53.0""}, {""type"": ""PassEndY"", ""value"": ""62.6""}, {""type"": ""Length"", ""value"": ""11.7""}, {""type"": ""Angle"", ""value"": ""1.60""}]"
2944993327.0,21,10.0,FirstHalf,Lewis Ferguson,396971,424,h,53.3,63.4,48.1,79.3,Successful,16.728717822953435,108.11002349990052,Backward,Short,"[{""type"": ""Zone"", ""value"": ""Back""}, {""type"": ""PassEndX"", ""value"": ""48.1""}, {""type"": ""PassEndY"", ""value"": ""79.3""}, {""type"": ""Length"", ""value"": ""12.1""}, {""type"": ""Angle"", ""value"": ""2.04""}]"
2944993329.0,21,12.0,FirstHalf,Andy Robertson,115726,424,h,46.8,76.9,57.4,96.6,Successful,22.370739817896045,61.716590821266536,Forward,Short,"[{""type"": ""Zone"", ""value"": ""Left""}, {""type"": ""PassEndX"", ""value"": ""57.4""}, {""type"": ""PassEndY"", ""value"": ""96.6""}, {""type"": ""Length"", ""value"": ""17.4""}, {""type"": ""Angle"", ""value"": ""0.88""}]"
2944993331.0,21,14.0,FirstHalf,Kieran Tierney,297403,424,h,57.5,97.5,33.2,87.7,Successful,26.20171750095783,-158.0361649260413,Backward,Short,"[{""type"": ""Zone"", ""value"": ""Back""}, {""type"": ""PassEndX"", ""value"": ""33.2""}, {""type"": ""PassEndY"", ""value"": ""87.7""}, {""type"": ""Length"", ""value"": ""26.4""}, {""type"": ""Angle"", ""value"": ""3.40""}]"
2944993333.0,21,17.0,FirstHalf,Andy Robertson,115726,424,h,33.5,86.3,28.9,67.5,Successful,19.35458601985586,-103.74904898341931,Lateral,Short,"[{""type"": ""Zone"", ""value"": ""Back""}, {""type"": ""PassEndX"", ""value"": ""28.9""}, {""type"": ""PassEndY"", ""value"": ""67.5""}, {""type"": ""Length"", ""value"": ""13.7""}, {""type"": ""Angle"", ""value"": ""4.35""}]"
2944993335.0,21,21.0,FirstHalf,Jack Hendry,280210,424,h,30.9,65.4,27.8,28.0,Successful,37.52825602129681,-94.73828396743687,Lateral,Short,"[{""type"": ""Zone"", ""value"": ""Back""}, {""type"": ""PassEndX"", ""value"": ""27.8""}, {""type"": ""PassEndY"", ""value"": ""28.0""}, {""type"": ""Length"", ""value"": ""25.6""}, {""type"": ""Angle"", ""value"": ""4.59""}]"
2944993337.0,21,24.0,FirstHalf,Grant Hanley,86593,424,h,27.3,21.3,34.7,35.7,Successful,16.19012044427095,62.801872051490875,Forward,Short,"[{""type"": ""Zone"", ""value"": ""Back""}, {""type"": ""PassEndX"", ""value"": ""34.7""}, {""type"": ""PassEndY"", ""value"": ""35.7""}, {""type"": ""Length"", ""value"": ""12.5""}, {""type"": ""Angle"", ""value"": ""0.90""}]"
2944993339.0,21,27.0,FirstHalf,Lewis Ferguson,396971,424,h,34.7,35.7,26.1,21.2,Successful,16.858528998699743,-120.67232578233511,Backward,Short,"[{""type"": ""Zone"", ""value"": ""Back""}, {""type"": ""PassEndX"", ""value"": ""26.1""}, {""type"": ""PassEndY"", ""value"": ""21.2""}, {""type"": ""Length"", ""value"": ""13.4""}, {""type"": ""Angle"", ""value"": ""3.97""}]"
2944993341.0,21,28.0,FirstHalf,Grant Hanley,86593,424,h,26.1,21.2,30.3,61.5,Successful,40.51826748517266,84.05020681513444,Lateral,Short,"[{""type"": ""Zone"", ""value"": ""Back""}, {""type"": ""PassEndX"", ""value"": ""30.3""}, {""type"": ""PassEndY"", ""value"": ""61.5""}, {""type"": ""Length"", ""value"": ""27.8""}, {""type"": ""Angle"", ""value"": ""1.41""}]"
2944993343.0,21,32.0,FirstHalf,Jack Hendry,280210,424,h,29.0,67.3,32.1,83.5,Successful,16.493938280471408,79.1669536080293,Lateral,Short,"[{""type"": ""Zone"", ""value"": ""Back""}, {""type"": ""PassEndX"", ""value"": ""32.1""}, {""type"": ""PassEndY"", ""value"": ""83.5""}, {""type"": ""Length"", ""value"": ""11.5""}, {""type"": ""Angle"", ""value"": ""1.28""}]"
2944993345.0,21,34.0,FirstHalf,Andy Robertson,115726,424,h,29.7,83.0,39.6,96.5,Successful,16.740967713964448,53.74616226255521,Forward,Short,"[{""type"": ""Zone"", ""value"": ""Back""}, {""type"": ""PassEndX"", ""value"": ""39.6""}, {""type"": ""PassEndY"", ""value"": ""96.5""}, {""type"": ""Length"", ""value"": ""13.9""}, {""type"": ""Angle"", ""value"": ""0.72""}]"
2944993347.0,21,36.0,FirstHalf,Kieran Tierney,297403,424,h,39.9,96.8,28.1,92.4,Successful,12.593649193144927,-159.55045238920746,Backward,Short,"[{""type"": ""Zone"", ""value"": ""Back""}, {""type"": ""PassEndX"", ""value"": ""28.1""}, {""type"": ""PassEndY"", ""value"": ""92.4""}, {""type"": ""Length"", ""value"": ""12.7""}, {""type"": ""Angle"", ""value"": ""3.38""}]"
2944993349.0,21,39.0,FirstHalf,Andy Robertson,115726,424,h,32.1,90.3,29.6,69.9,Successful,20.55261540534439,-96.98670453666693,Lateral,Short,"[{""type"": ""Zone"", ""value"": ""Back""}, {""type"": ""PassEndX"", ""value"": ""29.6""}, {""type"": ""PassEndY"", ""value"": ""69.9""}, {""type"": ""Length"", ""value"": ""14.1""}, {""type"": ""Angle"", ""value"": ""4.53""}]"
2944993351.0,21,47.0,FirstHalf,Jack Hendry,280210,424,h,37.5,49.1,33.7,77.2,Successful,28.35577542582816,97.70146362145387,Lateral,Short,"[{""type"": ""Zone"", ""value"": ""Back""}, {""type"": ""PassEndX"", ""value"": ""33.7""}, {""type"": ""PassEndY"", ""value"": ""77.2""}, {""type"": ""Length"", ""value"": ""19.5""}, {""type"": ""Angle"", ""value"": ""1.78""}]"
2944993353.0,21,54.0,FirstHalf,Andy Robertson,115726,424,h,36.8,66.7,26.9,49.4,Successful,19.93238570768688,-119.78053516882619,Backward,Short,"[{""type"": ""Zone"", ""value"": ""Back""}, {""type"": ""PassEndX"", ""value"": ""26.9""}, {""type"": ""PassEndY"", ""value"": ""49.4""}, {""type"": ""Length"", ""value"": ""15.7""}, {""type"": ""Angle"", ""value"": ""3.99""}]"
2944993355.0,21,56.0,FirstHalf,Jack Hendry,280210,424,h,27.6,49.1,27.7,22.8,Successful,26.300190113381312,-89.78214637490285,Lateral,Short,"[{""type"": ""Zone"", ""value"": ""Back""}, {""type"": ""PassEndX"", ""value"": ""27.7""}, {""type"": ""PassEndY"", ""value"": ""22.8""}, {""type"": ""Length"", ""value"": ""17.9""}, {""type"": ""Angle"", ""value"": ""4.72""}]"
2944993357.0,21,58.0,FirstHalf,Grant Hanley,86593,424,h,27.3,21.5,32.6,3.4,Successful,18.860010604450892,-73.67903626938065,Forward,Short,"[{""type"": ""Zone"", ""value"": ""Back""}, {""type"": ""PassEndX"", ""value"": ""32.6""}, {""type"": ""PassEndY"", ""value"": ""3.4""}, {""type"": ""Length"", ""value"": ""13.5""}, {""type"": ""Angle"", ""value"": ""5.14""}]"
2944993359.0,22,1.0,FirstHalf,Nathan Patterson,396975,424,h,32.5,3.4,65.1,40.0,Unsuccessful,49.013467536994355,48.30821353387204,Forward,Chipped,"[{""type"": ""Longball""}, {""type"": ""Zone"", ""value"": ""Center""}, {""type"": ""PassEndX"", ""value"": ""65.1""}, {""type"": ""PassEndY"", ""value"": ""40.0""}, {""type"": ""Chipped""}, {""type"": ""Length"", ""value"": ""42.3""}, {""type"": ""Angle"", ""value"": ""0.63""}]"
2944993369.0,23,11.0,FirstHalf,Lewis Ferguson,396971,424,h,66.7,36.0,89.0,74.8,Successful,44.75187146924696,60.11219715480816,Forward,Chipped,"[{""type"": ""Longball""}, {""type"": ""FreekickTaken""}, {""type"": ""Zone"", ""value"": ""Center""}, {""type"": ""PassEndX"", ""value"": ""89.0""}, {""type"": ""PassEndY"", ""value"": ""74.8""}, {""type"": ""Chipped""}, {""type"": ""Length"", ""value"": ""35.3""}, {""type"": ""Angle"", ""value"": ""0.84""}]"
2944993371.0,23,13.0,FirstHalf,Kieran Tierney,297403,424,h,87.7,75.3,87.8,37.4,Unsuccessful,37.90013192589176,-89.8488241515751,Lateral,Cross,"[{""type"": ""Cross""}, {""type"": ""Zone"", ""value"": ""Center""}, {""type"": ""PassEndX"", ""value"": ""87.8""}, {""type"": ""PassEndY"", ""value"": ""37.4""}, {""type"": ""Chipped""}, {""type"": ""Length"", ""value"": ""25.8""}, {""type"": ""Angle"", ""value"": ""4.72""}]"
2944993373.0,23,23.0,FirstHalf,Lewis Ferguson,396971,424,h,39.8,12.2,26.0,43.4,Successful,34.1156855419908,113.86017519134235,Backward,Short,"[{""type"": ""Zone"", ""value"": ""Back""}, {""type"": ""PassEndX"", ""value"": ""26.0""}, {""type"": ""PassEndY"", ""value"": ""43.4""}, {""type"": ""Length"", ""value"": ""25.7""}, {""type"": ""Angle"", ""value"": ""2.17""}]"
2944993379.0,23,27.0,FirstHalf,Angus Gunn,318896,424,h,25.7,36.4,68.5,77.5,Unsuccessful,59.33843611016387,43.839219324948054,Forward,Chipped,"[{""type"": ""Longball""}, {""type"": ""Zone"", ""value"": ""Center""}, {""type"": ""PassEndX"", ""value"": ""68.5""}, {""type"": ""PassEndY"", ""value"": ""77.5""}, {""type"": ""Chipped""}, {""type"": ""Length"", ""value"": ""52.9""}, {""type"": ""Angle"", ""value"": ""0.56""}]"
2944993397.0,27,17.0,FirstHalf,Yassine Bounou,136220,495,a,25.5,25.7,69.6,62.7,Unsuccessful,57.56570159391788,39.99672623104462,Forward,Short,"[{""type"": ""Longball""}, {""type"": ""FreekickTaken""}, {""type"": ""Zone"", ""value"": ""Center""}, {""type"": ""PassEndX"", ""value"": ""69.6""}, {""type"": ""PassEndY"", ""value"": ""62.7""}, {""type"": ""Length"", ""value"": ""52.7""}, {""type"": ""Angle"", ""value"": ""0.50""}]"
2944993401.0,27,23.0,FirstHalf,Ayyoub Bouaddi,504830,495,a,62.8,41.4,70.6,31.3,Unsuccessful,12.761269529321913,-52.321908286973716,Forward,Short,"[{""type"": ""HeadPass""}, {""type"": ""Zone"", ""value"": ""Center""}, {""type"": ""PassEndX"", ""value"": ""70.6""}, {""type"": ""PassEndY"", ""value"": ""31.3""}, {""type"": ""Length"", ""value"": ""10.7""}, {""type"": ""Angle"", ""value"": ""5.59""}]"
2944993403.0,27,25.0,FirstHalf,Andy Robertson,115726,424,h,30.4,64.5,43.8,44.2,Unsuccessful,24.323856602109785,-56.57125690829496,Forward,Short,"[{""type"": ""Longball""}, {""type"": ""Zone"", ""value"": ""Back""}, {""type"": ""PassEndX"", ""value"": ""43.8""}, {""type"": ""PassEndY"", ""value"": ""44.2""}, {""type"": ""Length"", ""value"": ""19.7""}, {""type"": ""Angle"", ""value"": ""5.51""}]"
2944993405.0,27,27.0,FirstHalf,Neil El Aynaoui,486734,495,a,55.2,53.3,53.5,42.9,Successful,10.538026380684382,-99.28355280526137,Lateral,Short,"[{""type"": ""Zone"", ""value"": ""Center""}, {""type"": ""PassEndX"", ""value"": ""53.5""}, {""type"": ""PassEndY"", ""value"": ""42.9""}, {""type"": ""Length"", ""value"": ""7.3""}, {""type"": ""Angle"", ""value"": ""4.47""}]"
2944993407.0,27,30.0,FirstHalf,Ayyoub Bouaddi,504830,495,a,44.5,36.1,37.6,20.8,Successful,16.783920876839236,-114.27444113443946,Backward,Short,"[{""type"": ""Zone"", ""value"": ""Back""}, {""type"": ""PassEndX"", ""value"": ""37.6""}, {""type"": ""PassEndY"", ""value"": ""20.8""}, {""type"": ""Length"", ""value"": ""12.7""}, {""type"": ""Angle"", ""value"": ""4.10""}]"
2944993409.0,27,32.0,FirstHalf,Achraf Hakimi,320834,495,a,37.7,24.9,29.4,35.8,Successful,13.700364958642528,127.28810758734114,Backward,Short,"[{""type"": ""Zone"", ""value"": ""Back""}, {""type"": ""PassEndX"", ""value"": ""29.4""}, {""type"": ""PassEndY"", ""value"": ""35.8""}, {""type"": ""Length"", ""value"": ""11.4""}, {""type"": ""Angle"", ""value"": ""2.44""}]"
2944993411.0,27,34.0,FirstHalf,Issa Diop,300359,495,a,29.4,35.8,28.3,57.1,Successful,21.328384842739503,92.95631065750365,Lateral,Short,"[{""type"": ""Zone"", ""value"": ""Back""}, {""type"": ""PassEndX"", ""value"": ""28.3""}, {""type"": ""PassEndY"", ""value"": ""57.1""}, {""type"": ""Length"", ""value"": ""14.5""}, {""type"": ""Angle"", ""value"": ""1.65""}]"
2944993413.0,27,37.0,FirstHalf,Chadi Riad,454342,495,a,27.7,56.8,28.9,25.1,Successful,31.72270480271189,-87.83210972077889,Lateral,Short,"[{""type"": ""Zone"", ""value"": ""Back""}, {""type"": ""PassEndX"", ""value"": ""28.9""}, {""type"": ""PassEndY"", ""value"": ""25.1""}, {""type"": ""Length"", ""value"": ""21.6""}, {""type"": ""Angle"", ""value"": ""4.77""}]"
2944993415.0,27,40.0,FirstHalf,Issa Diop,300359,495,a,28.5,23.4,41.4,15.2,Successful,15.285614151874958,-32.44244378372113,Forward,Short,"[{""type"": ""Zone"", ""value"": ""Back""}, {""type"": ""PassEndX"", ""value"": ""41.4""}, {""type"": ""PassEndY"", ""value"": ""15.2""}, {""type"": ""Length"", ""value"": ""14.6""}, {""type"": ""Angle"", ""value"": ""5.89""}]"
2944993417.0,27,41.0,FirstHalf,Achraf Hakimi,320834,495,a,41.4,15.2,24.3,10.9,Successful,17.632356620712955,-165.88494533072864,Backward,Short,"[{""type"": ""Zone"", ""value"": ""Back""}, {""type"": ""PassEndX"", ""value"": ""24.3""}, {""type"": ""PassEndY"", ""value"": ""10.9""}, {""type"": ""LayOff""}, {""type"": ""Length"", ""value"": ""18.2""}, {""type"": ""Angle"", ""value"": ""3.30""}]"
2944993419.0,27,45.0,FirstHalf,Issa Diop,300359,495,a,25.3,14.5,23.6,45.2,Successful,30.74703237712544,93.1694935189457,Lateral,Short,"[{""type"": ""Zone"", ""value"": ""Back""}, {""type"": ""PassEndX"", ""value"": ""23.6""}, {""type"": ""PassEndY"", ""value"": ""45.2""}, {""type"": ""Length"", ""value"": ""21.0""}, {""type"": ""Angle"", ""value"": ""1.66""}]"
2944993421.0,27,51.0,FirstHalf,Chadi Riad,454342,495,a,28.6,58.7,28.4,83.3,Successful,24.60081299469592,90.465809082765,Lateral,Short,"[{""type"": ""Zone"", ""value"": ""Back""}, {""type"": ""PassEndX"", ""value"": ""28.4""}, {""type"": ""PassEndY"", ""value"": ""83.3""}, {""type"": ""Length"", ""value"": ""16.7""}, {""type"": ""Angle"", ""value"": ""1.58""}]"
2944993423.0,27,53.0,FirstHalf,Noussair Mazraoui,349932,495,a,28.4,83.3,39.8,95.1,Successful,16.407315441594946,45.987760399639804,Forward,Short,"[{""type"": ""Zone"", ""value"": ""Back""}, {""type"": ""PassEndX"", ""value"": ""39.8""}, {""type"": ""PassEndY"", ""value"": ""95.1""}, {""type"": ""Length"", ""value"": ""14.4""}, {""type"": ""Angle"", ""value"": ""0.59""}]"
2944993425.0,27,56.0,FirstHalf,Azzedine Ounahi,392361,495,a,38.8,91.4,27.8,84.0,Successful,13.25745073534124,-146.07020257793934,Backward,Short,"[{""type"": ""Zone"", ""value"": ""Back""}, {""type"": ""PassEndX"", ""value"": ""27.8""}, {""type"": ""PassEndY"", ""value"": ""84.0""}, {""type"": ""Length"", ""value"": ""12.6""}, {""type"": ""Angle"", ""value"": ""3.55""}]"
2944993429.0,27,58.0,FirstHalf,Noussair Mazraoui,349932,495,a,27.8,84.0,19.0,80.5,Successful,9.470480452437458,-158.3109350353842,Backward,Short,"[{""type"": ""Zone"", ""value"": ""Back""}, {""type"": ""PassEndX"", ""value"": ""19.0""}, {""type"": ""PassEndY"", ""value"": ""80.5""}, {""type"": ""Length"", ""value"": ""9.5""}, {""type"": ""Angle"", ""value"": ""3.39""}]"
2944993431.0,28,2.0,FirstHalf,Chadi Riad,454342,495,a,25.3,65.5,26.0,24.6,Successful,40.90598978144888,-89.01948336695902,Lateral,Short,"[{""type"": ""Zone"", ""value"": ""Back""}, {""type"": ""PassEndX"", ""value"": ""26.0""}, {""type"": ""PassEndY"", ""value"": ""24.6""}, {""type"": ""Length"", ""value"": ""27.8""}, {""type"": ""Angle"", ""value"": ""4.74""}]"
2944993433.0,28,6.0,FirstHalf,Issa Diop,300359,495,a,27.9,23.9,36.6,4.3,Successful,21.444113411377025,-66.06463970687608,Forward,Short,"[{""type"": ""Zone"", ""value"": ""Back""}, {""type"": ""PassEndX"", ""value"": ""36.6""}, {""type"": ""PassEndY"", ""value"": ""4.3""}, {""type"": ""Length"", ""value"": ""16.2""}, {""type"": ""Angle"", ""value"": ""5.31""}]"
2944993435.0,28,11.0,FirstHalf,Brahim Díaz,317541,495,a,36.5,9.6,26.2,20.8,Successful,15.216109883935514,132.6029714699404,Backward,Short,"[{""type"": ""Zone"", ""value"": ""Back""}, {""type"": ""PassEndX"", ""value"": ""26.2""}, {""type"": ""PassEndY"", ""value"": ""20.8""}, {""type"": ""Length"", ""value"": ""13.2""}, {""type"": ""Angle"", ""value"": ""2.53""}]"
2944993439.0,28,13.0,FirstHalf,Issa Diop,300359,495,a,25.9,24.4,26.0,46.0,Successful,21.600231480241135,89.73474365662402,Lateral,Short,"[{""type"": ""Zone"", ""value"": ""Back""}, {""type"": ""PassEndX"", ""value"": ""26.0""}, {""type"": ""PassEndY"", ""value"": ""46.0""}, {""type"": ""Length"", ""value"": ""14.7""}, {""type"": ""Angle"", ""value"": ""1.56""}]"
2944993441.0,28,19.0,FirstHalf,Chadi Riad,454342,495,a,27.4,47.0,28.2,24.6,Successful,22.41428116179504,-87.95459151111277,Lateral,Short,"[{""type"": ""Zone"", ""value"": ""Back""}, {""type"": ""PassEndX"", ""value"": ""28.2""}, {""type"": ""PassEndY"", ""value"": ""24.6""}, {""type"": ""Length"", ""value"": ""15.3""}, {""type"": ""Angle"", ""value"": ""4.77""}]"
2944993443.0,28,22.0,FirstHalf,Issa Diop,300359,495,a,28.2,24.6,40.5,15.5,Successful,15.300326793895614,-36.495420759121195,Forward,Short,"[{""type"": ""Zone"", ""value"": ""Back""}, {""type"": ""PassEndX"", ""value"": ""40.5""}, {""type"": ""PassEndY"", ""value"": ""15.5""}, {""type"": ""Length"", ""value"": ""14.3""}, {""type"": ""Angle"", ""value"": ""5.84""}]"
2944993445.0,28,24.0,FirstHalf,Ismael Saibari,404776,495,a,42.6,12.4,47.3,7.2,Unsuccessful,7.00927956355002,-47.891269596220596,Lateral,Short,"[{""type"": ""Zone"", ""value"": ""Back""}, {""type"": ""PassEndX"", ""value"": ""47.3""}, {""type"": ""PassEndY"", ""value"": ""7.2""}, {""type"": ""Length"", ""value"": ""6.1""}, {""type"": ""Angle"", ""value"": ""5.66""}]"
2944993451.0,28,27.0,FirstHalf,Kieran Tierney,297403,424,h,57.8,87.4,65.2,68.1,Unsuccessful,20.6700266085944,-69.02219278712636,Forward,Short,"[{""type"": ""Zone"", ""value"": ""Center""}, {""type"": ""PassEndX"", ""value"": ""65.2""}, {""type"": ""PassEndY"", ""value"": ""68.1""}, {""type"": ""Length"", ""value"": ""15.3""}, {""type"": ""Angle"", ""value"": ""5.25""}]"
2944993457.0,28,29.0,FirstHalf,Neil El Aynaoui,486734,495,a,31.4,36.5,4.2,50.5,Successful,30.59150208799823,152.76485330069747,Backward,Short,"[{""type"": ""Zone"", ""value"": ""Back""}, {""type"": ""PassEndX"", ""value"": ""4.2""}, {""type"": ""PassEndY"", ""value"": ""50.5""}, {""type"": ""Length"", ""value"": ""30.1""}, {""type"": ""Angle"", ""value"": ""2.82""}]"
2944993459.0,28,32.0,FirstHalf,Yassine Bounou,136220,495,a,4.2,50.5,8.7,23.9,Successful,26.977953962448673,-80.39801742381488,Lateral,Short,"[{""type"": ""Zone"", ""value"": ""Back""}, {""type"": ""PassEndX"", ""value"": ""8.7""}, {""type"": ""PassEndY"", ""value"": ""23.9""}, {""type"": ""Length"", ""value"": ""18.7""}, {""type"": ""Angle"", ""value"": ""4.97""}]"
2944993461.0,28,40.0,FirstHalf,Issa Diop,300359,495,a,14.1,16.0,18.2,3.6,Successful,13.060245020672468,-71.7037816069656,Lateral,Short,"[{""type"": ""Zone"", ""value"": ""Back""}, {""type"": ""PassEndX"", ""value"": ""18.2""}, {""type"": ""PassEndY"", ""value"": ""3.6""}, {""type"": ""Length"", ""value"": ""9.5""}, {""type"": ""Angle"", ""value"": ""5.18""}]"
2944993463.0,28,43.0,FirstHalf,Achraf Hakimi,320834,495,a,18.2,3.6,12.2,13.8,Successful,11.833849753989613,120.46554491945989,Backward,Short,"[{""type"": ""Zone"", ""value"": ""Back""}, {""type"": ""PassEndX"", ""value"": ""12.2""}, {""type"": ""PassEndY"", ""value"": ""13.8""}, {""type"": ""Length"", ""value"": ""9.4""}, {""type"": ""Angle"", ""value"": ""2.31""}]"
2944993465.0,28,45.0,FirstHalf,Issa Diop,300359,495,a,12.2,13.8,20.6,28.9,Successful,17.27917822120022,60.9131891704684,Forward,Short,"[{""type"": ""Zone"", ""value"": ""Back""}, {""type"": ""PassEndX"", ""value"": ""20.6""}, {""type"": ""PassEndY"", ""value"": ""28.9""}, {""type"": ""Length"", ""value"": ""13.5""}, {""type"": ""Angle"", ""value"": ""0.86""}]"
2944993467.0,28,46.0,FirstHalf,Ayyoub Bouaddi,504830,495,a,20.6,28.9,4.8,38.9,Successful,18.69866305381216,147.66981426494965,Backward,Short,"[{""type"": ""Zone"", ""value"": ""Back""}, {""type"": ""PassEndX"", ""value"": ""4.8""}, {""type"": ""PassEndY"", ""value"": ""38.9""}, {""type"": ""Length"", ""value"": ""17.9""}, {""type"": ""Angle"", ""value"": ""2.75""}]"
2944993469.0,28,50.0,FirstHalf,Yassine Bounou,136220,495,a,4.1,47.2,4.9,68.7,Successful,21.514878572745886,87.86904711289507,Lateral,Short,"[{""type"": ""Zone"", ""value"": ""Back""}, {""type"": ""PassEndX"", ""value"": ""4.9""}, {""type"": ""PassEndY"", ""value"": ""68.7""}, {""type"": ""Length"", ""value"": ""14.6""}, {""type"": ""Angle"", ""value"": ""1.51""}]"
2944993471.0,28,53.0,FirstHalf,Chadi Riad,454342,495,a,4.6,72.5,3.8,52.3,Successful,20.215835377248204,-92.26795453590583,Lateral,Short,"[{""type"": ""Zone"", ""value"": ""Back""}, {""type"": ""PassEndX"", ""value"": ""3.8""}, {""type"": ""PassEndY"", ""value"": ""52.3""}, {""type"": ""Length"", ""value"": ""13.8""}, {""type"": ""Angle"", ""value"": ""4.65""}]"
2944993473.0,28,55.0,FirstHalf,Yassine Bounou,136220,495,a,3.2,50.7,6.3,24.1,Successful,26.780029873022922,-83.35265856396079,Lateral,Short,"[{""type"": ""Zone"", ""value"": ""Back""}, {""type"": ""PassEndX"", ""value"": ""6.3""}, {""type"": ""PassEndY"", ""value"": ""24.1""}, {""type"": ""Length"", ""value"": ""18.4""}, {""type"": ""Angle"", ""value"": ""4.89""}]"
2944993475.0,28,58.0,FirstHalf,Issa Diop,300359,495,a,7.4,17.6,57.1,14.7,Unsuccessful,49.78453575157651,-3.339427978710927,Forward,Chipped,"[{""type"": ""Longball""}, {""type"": ""Zone"", ""value"": ""Right""}, {""type"": ""PassEndX"", ""value"": ""57.1""}, {""type"": ""PassEndY"", ""value"": ""14.7""}, {""type"": ""Chipped""}, {""type"": ""Length"", ""value"": ""52.2""}, {""type"": ""Angle"", ""value"": ""6.25""}]"
2944993481.0,29,4.0,FirstHalf,Neil El Aynaoui,486734,495,a,41.2,8.9,55.4,4.9,Successful,14.752626884728016,-15.732004785107309,Forward,Short,"[{""type"": ""Zone"", ""value"": ""Right""}, {""type"": ""PassEndX"", ""value"": ""55.4""}, {""type"": ""PassEndY"", ""value"": ""4.9""}, {""type"": ""Length"", ""value"": ""15.2""}, {""type"": ""Angle"", ""value"": ""6.10""}]"
2944993483.0,29,11.0,FirstHalf,Brahim Díaz,317541,495,a,71.2,36.8,77.5,47.7,Successful,12.589678312014176,59.97287576678694,Forward,Short,"[{""type"": ""Zone"", ""value"": ""Center""}, {""type"": ""PassEndX"", ""value"": ""77.5""}, {""type"": ""PassEndY"", ""value"": ""47.7""}, {""type"": ""Length"", ""value"": ""9.9""}, {""type"": ""Angle"", ""value"": ""0.84""}]"
2944993485.0,29,13.0,FirstHalf,Ismael Saibari,404776,495,a,77.5,47.7,93.0,27.5,Successful,25.46153962351845,-52.500009206965046,Forward,Short,"[{""type"": ""Zone"", ""value"": ""Center""}, {""type"": ""PassEndX"", ""value"": ""93.0""}, {""type"": ""PassEndY"", ""value"": ""27.5""}, {""type"": ""Length"", ""value"": ""21.3""}, {""type"": ""Angle"", ""value"": ""5.58""}]"
2944993487.0,29,17.0,FirstHalf,Brahim Díaz,317541,495,a,93.1,27.4,86.3,35.4,Successful,10.499523798725347,130.36453657309735,Backward,Short,"[{""type"": ""Zone"", ""value"": ""Center""}, {""type"": ""PassEndX"", ""value"": ""86.3""}, {""type"": ""PassEndY"", ""value"": ""35.4""}, {""type"": ""IntentionalAssist""}, {""type"": ""ShotAssist"", ""value"": ""13""}, {""type"": ""Length"", ""value"": ""9.0""}, {""type"": ""Angle"", ""value"": ""2.49""}, {""type"": ""KeyPass""}]"
2944993495.0,29,50.0,FirstHalf,Angus Gunn,318896,424,h,4.5,49.7,25.9,78.8,Successful,36.121600186038265,53.669415468804004,Forward,GoalKick,"[{""type"": ""Zone"", ""value"": ""Back""}, {""type"": ""GoalKick""}, {""type"": ""PassEndX"", ""value"": ""25.9""}, {""type"": ""PassEndY"", ""value"": ""78.8""}, {""type"": ""Length"", ""value"": ""29.9""}, {""type"": ""Angle"", ""value"": ""0.72""}]"
2944993497.0,29,57.0,FirstHalf,Andy Robertson,115726,424,h,34.9,89.6,28.0,67.2,Successful,23.438643305447513,-107.12070129578824,Backward,Short,"[{""type"": ""Zone"", ""value"": ""Back""}, {""type"": ""PassEndX"", ""value"": ""28.0""}, {""type"": ""PassEndY"", ""value"": ""67.2""}, {""type"": ""Length"", ""value"": ""16.9""}, {""type"": ""Angle"", ""value"": ""4.27""}]"
2944993499.0,29,59.0,FirstHalf,Jack Hendry,280210,424,h,28.0,67.0,32.8,88.7,Successful,22.224535990656815,77.52711787534535,Lateral,Short,"[{""type"": ""Zone"", ""value"": ""Back""}, {""type"": ""PassEndX"", ""value"": ""32.8""}, {""type"": ""PassEndY"", ""value"": ""88.7""}, {""type"": ""Length"", ""value"": ""15.6""}, {""type"": ""Angle"", ""value"": ""1.24""}]"
2944993501.0,30,1.0,FirstHalf,Andy Robertson,115726,424,h,36.0,87.8,28.9,70.6,Successful,18.6077940659284,-112.43037980334158,Backward,Short,"[{""type"": ""Zone"", ""value"": ""Back""}, {""type"": ""PassEndX"", ""value"": ""28.9""}, {""type"": ""PassEndY"", ""value"": ""70.6""}, {""type"": ""Length"", ""value"": ""13.9""}, {""type"": ""Angle"", ""value"": ""4.14""}]"
2944993503.0,30,4.0,FirstHalf,Jack Hendry,280210,424,h,28.9,70.6,29.2,33.7,Successful,36.901219492043886,-89.53419091723501,Lateral,Short,"[{""type"": ""Zone"", ""value"": ""Back""}, {""type"": ""PassEndX"", ""value"": ""29.2""}, {""type"": ""PassEndY"", ""value"": ""33.7""}, {""type"": ""Length"", ""value"": ""25.1""}, {""type"": ""Angle"", ""value"": ""4.72""}]"
2944993505.0,30,8.0,FirstHalf,Grant Hanley,86593,424,h,31.8,24.0,29.9,72.4,Successful,48.43727903175405,92.24806016881887,Lateral,Short,"[{""type"": ""Longball""}, {""type"": ""Zone"", ""value"": ""Back""}, {""type"": ""PassEndX"", ""value"": ""29.9""}, {""type"": ""PassEndY"", ""value"": ""72.4""}, {""type"": ""Length"", ""value"": ""33.0""}, {""type"": ""Angle"", ""value"": ""1.63""}]"
2944993507.0,30,11.0,FirstHalf,Jack Hendry,280210,424,h,29.1,71.8,31.5,89.1,Successful,17.46568063374571,82.10186309714224,Lateral,Short,"[{""type"": ""Zone"", ""value"": ""Back""}, {""type"": ""PassEndX"", ""value"": ""31.5""}, {""type"": ""PassEndY"", ""value"": ""89.1""}, {""type"": ""Length"", ""value"": ""12.0""}, {""type"": ""Angle"", ""value"": ""1.36""}]"
2944993511.0,30,14.0,FirstHalf,Andy Robertson,115726,424,h,31.1,88.4,87.8,63.0,Unsuccessful,62.12930065597069,-24.131033026947772,Forward,Chipped,"[{""type"": ""Longball""}, {""type"": ""Zone"", ""value"": ""Center""}, {""type"": ""PassEndX"", ""value"": ""87.8""}, {""type"": ""PassEndY"", ""value"": ""63.0""}, {""type"": ""Chipped""}, {""type"": ""Length"", ""value"": ""62.0""}, {""type"": ""Angle"", ""value"": ""6.00""}]"
2944993515.0,30,20.0,FirstHalf,Yassine Bounou,136220,495,a,12.5,30.9,16.4,36.3,Successful,6.661080993352353,54.16234704572172,Lateral,Short,"[{""type"": ""Zone"", ""value"": ""Back""}, {""type"": ""KeeperThrow""}, {""type"": ""PassEndX"", ""value"": ""16.4""}, {""type"": ""PassEndY"", ""value"": ""36.3""}, {""type"": ""Length"", ""value"": ""5.5""}, {""type"": ""Angle"", ""value"": ""0.73""}]"
2944993517.0,30,22.0,FirstHalf,Chadi Riad,454342,495,a,16.2,42.1,29.9,50.5,Successful,16.070158679988197,31.51407260298883,Forward,Short,"[{""type"": ""Zone"", ""value"": ""Back""}, {""type"": ""PassEndX"", ""value"": ""29.9""}, {""type"": ""PassEndY"", ""value"": ""50.5""}, {""type"": ""Length"", ""value"": ""15.5""}, {""type"": ""Angle"", ""value"": ""0.38""}]"
2944993519.0,30,25.0,FirstHalf,Neil El Aynaoui,486734,495,a,29.9,50.5,23.3,74.9,Successful,25.2768668944551,105.13583550374804,Backward,Short,"[{""type"": ""Zone"", ""value"": ""Back""}, {""type"": ""PassEndX"", ""value"": ""23.3""}, {""type"": ""PassEndY"", ""value"": ""74.9""}, {""type"": ""Length"", ""value"": ""18.0""}, {""type"": ""Angle"", ""value"": ""1.97""}]"
2944993521.0,30,29.0,FirstHalf,Chadi Riad,454342,495,a,23.3,75.3,25.9,88.6,Successful,13.551752654177243,78.93881753840822,Lateral,Short,"[{""type"": ""Zone"", ""value"": ""Back""}, {""type"": ""PassEndX"", ""value"": ""25.9""}, {""type"": ""PassEndY"", ""value"": ""88.6""}, {""type"": ""Length"", ""value"": ""9.4""}, {""type"": ""Angle"", ""value"": ""1.28""}]"
2944993523.0,30,30.0,FirstHalf,Noussair Mazraoui,349932,495,a,25.9,88.6,25.0,73.8,Successful,14.827339613025659,-93.47991750426971,Lateral,Short,"[{""type"": ""Zone"", ""value"": ""Back""}, {""type"": ""PassEndX"", ""value"": ""25.0""}, {""type"": ""PassEndY"", ""value"": ""73.8""}, {""type"": ""Length"", ""value"": ""10.1""}, {""type"": ""Angle"", ""value"": ""4.62""}]"
2944993525.0,30,39.0,FirstHalf,Chadi Riad,454342,495,a,28.2,51.5,34.0,37.3,Successful,15.338839591051212,-67.7824057304817,Forward,Short,"[{""type"": ""Zone"", ""value"": ""Back""}, {""type"": ""PassEndX"", ""value"": ""34.0""}, {""type"": ""PassEndY"", ""value"": ""37.3""}, {""type"": ""Length"", ""value"": ""11.4""}, {""type"": ""Angle"", ""value"": ""5.28""}]"
2944993527.0,30,40.0,FirstHalf,Ayyoub Bouaddi,504830,495,a,34.0,37.3,26.6,24.4,Successful,14.87178536692888,-119.8404538179981,Backward,Short,"[{""type"": ""Zone"", ""value"": ""Back""}, {""type"": ""PassEndX"", ""value"": ""26.6""}, {""type"": ""PassEndY"", ""value"": ""24.4""}, {""type"": ""Length"", ""value"": ""11.7""}, {""type"": ""Angle"", ""value"": ""3.99""}]"
2944993529.0,30,42.0,FirstHalf,Issa Diop,300359,495,a,27.7,24.1,34.9,4.6,Successful,20.786774641584007,-69.7343025290525,Forward,Short,"[{""type"": ""Zone"", ""value"": ""Back""}, {""type"": ""PassEndX"", ""value"": ""34.9""}, {""type"": ""PassEndY"", ""value"": ""4.6""}, {""type"": ""Length"", ""value"": ""15.3""}, {""type"": ""Angle"", ""value"": ""5.23""}]"
2944993531.0,30,45.0,FirstHalf,Azzedine Ounahi,392361,495,a,34.9,4.6,55.9,11.7,Successful,22.167769396130048,18.68015037667331,Forward,Short,"[{""type"": ""Zone"", ""value"": ""Right""}, {""type"": ""PassEndX"", ""value"": ""55.9""}, {""type"": ""PassEndY"", ""value"": ""11.7""}, {""type"": ""Length"", ""value"": ""22.6""}, {""type"": ""Angle"", ""value"": ""0.22""}]"
2944993533.0,30,48.0,FirstHalf,Achraf Hakimi,320834,495,a,55.9,11.7,50.3,8.6,Successful,6.400781202322105,-151.03233935393598,Backward,Short,"[{""type"": ""Zone"", ""value"": ""Right""}, {""type"": ""PassEndX"", ""value"": ""50.3""}, {""type"": ""PassEndY"", ""value"": ""8.6""}, {""type"": ""LayOff""}, {""type"": ""Length"", ""value"": ""6.2""}, {""type"": ""Angle"", ""value"": ""3.49""}]"
2944993539.0,30,51.0,FirstHalf,Ayyoub Bouaddi,504830,495,a,54.4,26.6,49.3,49.5,Unsuccessful,23.461031520374377,102.55529674078858,Backward,Short,"[{""type"": ""Zone"", ""value"": ""Back""}, {""type"": ""PassEndX"", ""value"": ""49.3""}, {""type"": ""PassEndY"", ""value"": ""49.5""}, {""type"": ""Length"", ""value"": ""16.5""}, {""type"": ""Angle"", ""value"": ""1.90""}]"
2944993553.0,31,9.0,FirstHalf,Lewis Ferguson,396971,424,h,15.2,24.8,10.4,58.3,Successful,33.842133502484735,98.15404542819607,Lateral,Short,"[{""type"": ""FreekickTaken""}, {""type"": ""Zone"", ""value"": ""Back""}, {""type"": ""PassEndX"", ""value"": ""10.4""}, {""type"": ""PassEndY"", ""value"": ""58.3""}, {""type"": ""Length"", ""value"": ""23.3""}, {""type"": ""Angle"", ""value"": ""1.79""}]"
2944993649.0,31,12.0,FirstHalf,Jack Hendry,280210,424,h,19.8,72.0,18.4,83.6,Successful,11.684177335182818,96.88172363063697,Lateral,Short,"[{""type"": ""Zone"", ""value"": ""Back""}, {""type"": ""PassEndX"", ""value"": ""18.4""}, {""type"": ""PassEndY"", ""value"": ""83.6""}, {""type"": ""Length"", ""value"": ""8.0""}, {""type"": ""Angle"", ""value"": ""1.76""}]"
2944993555.0,31,13.0,FirstHalf,Andy Robertson,115726,424,h,26.6,89.9,28.0,66.4,Successful,23.541665191740368,-86.59066397950986,Lateral,Short,"[{""type"": ""Zone"", ""value"": ""Back""}, {""type"": ""PassEndX"", ""value"": ""28.0""}, {""type"": ""PassEndY"", ""value"": ""66.4""}, {""type"": ""Length"", ""value"": ""16.0""}, {""type"": ""Angle"", ""value"": ""4.80""}]"
2944993557.0,31,16.0,FirstHalf,Lewis Ferguson,396971,424,h,28.0,66.4,31.5,42.5,Successful,24.15491668377269,-81.66862524362429,Lateral,Short,"[{""type"": ""Zone"", ""value"": ""Back""}, {""type"": ""PassEndX"", ""value"": ""31.5""}, {""type"": ""PassEndY"", ""value"": ""42.5""}, {""type"": ""Length"", ""value"": ""16.7""}, {""type"": ""Angle"", ""value"": ""4.93""}]"
2944993559.0,31,17.0,FirstHalf,Ryan Christie,128882,424,h,32.5,42.2,23.1,31.5,Successful,14.24254190796011,-131.29945694482163,Backward,Short,"[{""type"": ""Zone"", ""value"": ""Back""}, {""type"": ""PassEndX"", ""value"": ""23.1""}, {""type"": ""PassEndY"", ""value"": ""31.5""}, {""type"": ""Length"", ""value"": ""12.3""}, {""type"": ""Angle"", ""value"": ""3.78""}]"
2944993561.0,31,22.0,FirstHalf,Grant Hanley,86593,424,h,25.4,33.6,13.4,68.5,Successful,36.90541965619684,108.974995875382,Backward,Short,"[{""type"": ""Zone"", ""value"": ""Back""}, {""type"": ""PassEndX"", ""value"": ""13.4""}, {""type"": ""PassEndY"", ""value"": ""68.5""}, {""type"": ""Length"", ""value"": ""26.9""}, {""type"": ""Angle"", ""value"": ""2.06""}]"
2944993563.0,31,26.0,FirstHalf,Jack Hendry,280210,424,h,19.6,63.7,25.5,82.3,Successful,19.513328778042965,72.40074882287239,Forward,Short,"[{""type"": ""Zone"", ""value"": ""Back""}, {""type"": ""PassEndX"", ""value"": ""25.5""}, {""type"": ""PassEndY"", ""value"": ""82.3""}, {""type"": ""Length"", ""value"": ""14.1""}, {""type"": ""Angle"", ""value"": ""1.12""}]"
2944993565.0,31,28.0,FirstHalf,Andy Robertson,115726,424,h,25.0,78.5,13.6,62.6,Successful,19.56450868281644,-125.63980919808668,Backward,Short,"[{""type"": ""Zone"", ""value"": ""Back""}, {""type"": ""PassEndX"", ""value"": ""13.6""}, {""type"": ""PassEndY"", ""value"": ""62.6""}, {""type"": ""Length"", ""value"": ""16.1""}, {""type"": ""Angle"", ""value"": ""3.88""}]"
2944993567.0,31,30.0,FirstHalf,Jack Hendry,280210,424,h,13.6,61.1,11.9,27.0,Successful,34.142349069740355,-92.85402497467041,Lateral,Short,"[{""type"": ""Zone"", ""value"": ""Back""}, {""type"": ""PassEndX"", ""value"": ""11.9""}, {""type"": ""PassEndY"", ""value"": ""27.0""}, {""type"": ""Length"", ""value"": ""23.3""}, {""type"": ""Angle"", ""value"": ""4.64""}]"
2944993569.0,31,33.0,FirstHalf,Grant Hanley,86593,424,h,12.7,24.3,47.5,20.6,Successful,34.99614264458299,-6.068992542904255,Forward,Short,"[{""type"": ""Longball""}, {""type"": ""Zone"", ""value"": ""Back""}, {""type"": ""PassEndX"", ""value"": ""47.5""}, {""type"": ""PassEndY"", ""value"": ""20.6""}, {""type"": ""Length"", ""value"": ""36.6""}, {""type"": ""Angle"", ""value"": ""6.21""}]"
2944993571.0,31,35.0,FirstHalf,John McGinn,318449,424,h,47.9,21.5,36.5,15.5,Successful,12.882546332150332,-152.24145939893998,Backward,Short,"[{""type"": ""Zone"", ""value"": ""Back""}, {""type"": ""PassEndX"", ""value"": ""36.5""}, {""type"": ""PassEndY"", ""value"": ""15.5""}, {""type"": ""LayOff""}, {""type"": ""Length"", ""value"": ""12.6""}, {""type"": ""Angle"", ""value"": ""3.47""}]"
2944993573.0,31,37.0,FirstHalf,Ryan Christie,128882,424,h,40.7,14.9,32.4,32.2,Successful,19.188017094009485,115.63023796509866,Backward,Short,"[{""type"": ""Zone"", ""value"": ""Back""}, {""type"": ""PassEndX"", ""value"": ""32.4""}, {""type"": ""PassEndY"", ""value"": ""32.2""}, {""type"": ""Length"", ""value"": ""14.6""}, {""type"": ""Angle"", ""value"": ""2.21""}]"
2944993575.0,31,39.0,FirstHalf,Lewis Ferguson,396971,424,h,33.4,31.6,29.5,59.4,Successful,28.072228269234344,97.98578079663332,Lateral,Short,"[{""type"": ""Zone"", ""value"": ""Back""}, {""type"": ""PassEndX"", ""value"": ""29.5""}, {""type"": ""PassEndY"", ""value"": ""59.4""}, {""type"": ""Length"", ""value"": ""19.3""}, {""type"": ""Angle"", ""value"": ""1.78""}]"
2944993577.0,31,42.0,FirstHalf,Jack Hendry,280210,424,h,29.5,59.4,33.6,80.0,Successful,21.004047229046122,78.7435649702961,Lateral,Short,"[{""type"": ""Zone"", ""value"": ""Back""}, {""type"": ""PassEndX"", ""value"": ""33.6""}, {""type"": ""PassEndY"", ""value"": ""80.0""}, {""type"": ""Length"", ""value"": ""14.7""}, {""type"": ""Angle"", ""value"": ""1.27""}]"
2944993579.0,31,44.0,FirstHalf,Andy Robertson,115726,424,h,32.5,79.0,42.8,86.8,Successful,12.920139318134302,37.135975204500454,Forward,Short,"[{""type"": ""Zone"", ""value"": ""Back""}, {""type"": ""PassEndX"", ""value"": ""42.8""}, {""type"": ""PassEndY"", ""value"": ""86.8""}, {""type"": ""Length"", ""value"": ""12.0""}, {""type"": ""Angle"", ""value"": ""0.46""}]"
2944993581.0,31,47.0,FirstHalf,Scott McTominay,336915,424,h,43.4,75.6,39.3,61.1,Successful,15.068510211696436,-105.7887077422719,Lateral,Short,"[{""type"": ""Zone"", ""value"": ""Back""}, {""type"": ""PassEndX"", ""value"": ""39.3""}, {""type"": ""PassEndY"", ""value"": ""61.1""}, {""type"": ""Length"", ""value"": ""10.8""}, {""type"": ""Angle"", ""value"": ""4.30""}]"
2944993583.0,31,49.0,FirstHalf,Lewis Ferguson,396971,424,h,44.0,58.5,42.8,31.2,Successful,27.326360899322108,-92.51687565693953,Lateral,Short,"[{""type"": ""Zone"", ""value"": ""Back""}, {""type"": ""PassEndX"", ""value"": ""42.8""}, {""type"": ""PassEndY"", ""value"": ""31.2""}, {""type"": ""Length"", ""value"": ""18.6""}, {""type"": ""Angle"", ""value"": ""4.64""}]"
2944993585.0,31,51.0,FirstHalf,Grant Hanley,86593,424,h,42.8,30.9,58.8,32.8,Successful,16.11241757155021,6.7721599661135565,Forward,Short,"[{""type"": ""Zone"", ""value"": ""Center""}, {""type"": ""PassEndX"", ""value"": ""58.8""}, {""type"": ""PassEndY"", ""value"": ""32.8""}, {""type"": ""Length"", ""value"": ""16.8""}, {""type"": ""Angle"", ""value"": ""0.08""}]"
2944993587.0,31,54.0,FirstHalf,John McGinn,318449,424,h,55.2,32.8,68.2,27.4,Successful,14.076931483814219,-22.557246634705646,Forward,Short,"[{""type"": ""Zone"", ""value"": ""Center""}, {""type"": ""PassEndX"", ""value"": ""68.2""}, {""type"": ""PassEndY"", ""value"": ""27.4""}, {""type"": ""Length"", ""value"": ""14.1""}, {""type"": ""Angle"", ""value"": ""6.02""}]"
2944993589.0,32,0.0,FirstHalf,Ryan Christie,128882,424,h,63.8,24.1,76.3,5.2,Successful,22.65965577849761,-56.52031994771104,Forward,Short,"[{""type"": ""Zone"", ""value"": ""Right""}, {""type"": ""PassEndX"", ""value"": ""76.3""}, {""type"": ""PassEndY"", ""value"": ""5.2""}, {""type"": ""Length"", ""value"": ""18.4""}, {""type"": ""Angle"", ""value"": ""5.51""}]"
2944993591.0,32,2.0,FirstHalf,Nathan Patterson,396975,424,h,78.0,5.8,73.2,25.5,Successful,20.276340892774513,103.69356944664851,Lateral,Short,"[{""type"": ""Zone"", ""value"": ""Center""}, {""type"": ""PassEndX"", ""value"": ""73.2""}, {""type"": ""PassEndY"", ""value"": ""25.5""}, {""type"": ""Length"", ""value"": ""14.3""}, {""type"": ""Angle"", ""value"": ""1.93""}]"
2944993599.0,32,7.0,FirstHalf,Azzedine Ounahi,392361,495,a,30.0,77.1,45.7,82.9,Successful,16.73708457288784,20.275578608991008,Forward,Short,"[{""type"": ""Zone"", ""value"": ""Back""}, {""type"": ""PassEndX"", ""value"": ""45.7""}, {""type"": ""PassEndY"", ""value"": ""82.9""}, {""type"": ""Length"", ""value"": ""17.0""}, {""type"": ""Angle"", ""value"": ""0.23""}]"
2944993603.0,32,14.0,FirstHalf,Ismael Saibari,404776,495,a,64.3,91.4,57.0,90.1,Successful,7.414849964766649,-169.90249561592464,Backward,Short,"[{""type"": ""Zone"", ""value"": ""Left""}, {""type"": ""PassEndX"", ""value"": ""57.0""}, {""type"": ""PassEndY"", ""value"": ""90.1""}, {""type"": ""Length"", ""value"": ""7.7""}, {""type"": ""Angle"", ""value"": ""3.26""}]"
2944993605.0,32,16.0,FirstHalf,Bilal El Khannouss,433572,495,a,60.2,95.1,56.6,81.9,Successful,13.682105101189645,-105.2551187030578,Lateral,Short,"[{""type"": ""Zone"", ""value"": ""Left""}, {""type"": ""PassEndX"", ""value"": ""56.6""}, {""type"": ""PassEndY"", ""value"": ""81.9""}, {""type"": ""Length"", ""value"": ""9.7""}, {""type"": ""Angle"", ""value"": ""4.31""}]"
2944993607.0,32,20.0,FirstHalf,Noussair Mazraoui,349932,495,a,57.3,73.4,57.7,32.2,Successful,41.201941701817894,-89.44374777291932,Lateral,Short,"[{""type"": ""Zone"", ""value"": ""Center""}, {""type"": ""PassEndX"", ""value"": ""57.7""}, {""type"": ""PassEndY"", ""value"": ""32.2""}, {""type"": ""Length"", ""value"": ""28.0""}, {""type"": ""Angle"", ""value"": ""4.73""}]"
2944993609.0,32,29.0,FirstHalf,Brahim Díaz,317541,495,a,84.0,20.0,79.5,5.1,Successful,15.564703659241315,-106.80502093753785,Lateral,Short,"[{""type"": ""Zone"", ""value"": ""Right""}, {""type"": ""PassEndX"", ""value"": ""79.5""}, {""type"": ""PassEndY"", ""value"": ""5.1""}, {""type"": ""Length"", ""value"": ""11.2""}, {""type"": ""Angle"", ""value"": ""4.28""}]"
2944993611.0,32,30.0,FirstHalf,Ayyoub Bouaddi,504830,495,a,79.5,5.1,71.4,18.3,Successful,15.487091398968367,121.53479190518827,Backward,Short,"[{""type"": ""Zone"", ""value"": ""Right""}, {""type"": ""PassEndX"", ""value"": ""71.4""}, {""type"": ""PassEndY"", ""value"": ""18.3""}, {""type"": ""Length"", ""value"": ""12.4""}, {""type"": ""Angle"", ""value"": ""2.33""}]"
2944993613.0,32,32.0,FirstHalf,Achraf Hakimi,320834,495,a,71.4,18.3,75.9,4.9,Successful,14.135416513141733,-71.43687291325445,Lateral,Short,"[{""type"": ""Zone"", ""value"": ""Right""}, {""type"": ""PassEndX"", ""value"": ""75.9""}, {""type"": ""PassEndY"", ""value"": ""4.9""}, {""type"": ""Length"", ""value"": ""10.3""}, {""type"": ""Angle"", ""value"": ""5.19""}]"
2944993615.0,32,34.0,FirstHalf,Ayyoub Bouaddi,504830,495,a,76.0,4.9,69.1,15.8,Successful,12.900387591076482,122.33493623495765,Backward,Short,"[{""type"": ""Zone"", ""value"": ""Right""}, {""type"": ""PassEndX"", ""value"": ""69.1""}, {""type"": ""PassEndY"", ""value"": ""15.8""}, {""type"": ""Length"", ""value"": ""10.4""}, {""type"": ""Angle"", ""value"": ""2.34""}]"
2944993617.0,32,36.0,FirstHalf,Achraf Hakimi,320834,495,a,69.1,15.8,73.7,28.0,Successful,13.0384048104053,69.34108993669248,Lateral,Short,"[{""type"": ""Zone"", ""value"": ""Center""}, {""type"": ""PassEndX"", ""value"": ""73.7""}, {""type"": ""PassEndY"", ""value"": ""28.0""}, {""type"": ""Length"", ""value"": ""9.6""}, {""type"": ""Angle"", ""value"": ""1.04""}]"
2944993619.0,32,38.0,FirstHalf,Azzedine Ounahi,392361,495,a,71.0,22.3,65.0,17.1,Successful,7.9397732965116825,-139.08561677997488,Backward,Short,"[{""type"": ""Zone"", ""value"": ""Right""}, {""type"": ""PassEndX"", ""value"": ""65.0""}, {""type"": ""PassEndY"", ""value"": ""17.1""}, {""type"": ""Length"", ""value"": ""7.2""}, {""type"": ""Angle"", ""value"": ""3.65""}]"
2944993621.0,32,40.0,FirstHalf,Achraf Hakimi,320834,495,a,65.6,20.0,69.1,4.1,Successful,16.28066337714775,-77.58570735391442,Lateral,Short,"[{""type"": ""Zone"", ""value"": ""Right""}, {""type"": ""PassEndX"", ""value"": ""69.1""}, {""type"": ""PassEndY"", ""value"": ""4.1""}, {""type"": ""Length"", ""value"": ""11.4""}, {""type"": ""Angle"", ""value"": ""5.04""}]"
2944993623.0,32,42.0,FirstHalf,Ayyoub Bouaddi,504830,495,a,69.1,4.1,63.9,16.8,Successful,13.723337786413332,112.26658827331235,Backward,Short,"[{""type"": ""Zone"", ""value"": ""Right""}, {""type"": ""PassEndX"", ""value"": ""63.9""}, {""type"": ""PassEndY"", ""value"": ""16.8""}, {""type"": ""Length"", ""value"": ""10.2""}, {""type"": ""Angle"", ""value"": ""2.13""}]"
2944993625.0,32,44.0,FirstHalf,Achraf Hakimi,320834,495,a,63.9,16.8,70.3,29.5,Successful,14.22146265332789,63.254774009553806,Forward,Short,"[{""type"": ""Zone"", ""value"": ""Center""}, {""type"": ""PassEndX"", ""value"": ""70.3""}, {""type"": ""PassEndY"", ""value"": ""29.5""}, {""type"": ""Length"", ""value"": ""10.9""}, {""type"": ""Angle"", ""value"": ""0.91""}]"
2944993627.0,32,46.0,FirstHalf,Azzedine Ounahi,392361,495,a,68.5,26.1,65.5,5.4,Successful,20.916261616264034,-98.24632081446853,Lateral,Short,"[{""type"": ""Zone"", ""value"": ""Right""}, {""type"": ""PassEndX"", ""value"": ""65.5""}, {""type"": ""PassEndY"", ""value"": ""5.4""}, {""type"": ""Length"", ""value"": ""14.4""}, {""type"": ""Angle"", ""value"": ""4.49""}]"
2944993629.0,32,48.0,FirstHalf,Ayyoub Bouaddi,504830,495,a,65.5,5.4,60.1,18.8,Successful,14.44714504668656,111.94869908352698,Backward,Short,"[{""type"": ""Zone"", ""value"": ""Right""}, {""type"": ""PassEndX"", ""value"": ""60.1""}, {""type"": ""PassEndY"", ""value"": ""18.8""}, {""type"": ""Length"", ""value"": ""10.7""}, {""type"": ""Angle"", ""value"": ""2.13""}]"
2944993631.0,32,50.0,FirstHalf,Azzedine Ounahi,392361,495,a,56.7,19.6,62.3,31.5,Successful,13.151805959639152,64.79887635452495,Forward,Short,"[{""type"": ""Zone"", ""value"": ""Center""}, {""type"": ""PassEndX"", ""value"": ""62.3""}, {""type"": ""PassEndY"", ""value"": ""31.5""}, {""type"": ""Length"", ""value"": ""10.0""}, {""type"": ""Angle"", ""value"": ""0.94""}]"
2944993633.0,32,52.0,FirstHalf,Achraf Hakimi,320834,495,a,62.2,31.3,47.9,19.5,Successful,18.539956850003726,-140.47140910959584,Backward,Short,"[{""type"": ""Zone"", ""value"": ""Back""}, {""type"": ""PassEndX"", ""value"": ""47.9""}, {""type"": ""PassEndY"", ""value"": ""19.5""}, {""type"": ""LayOff""}, {""type"": ""Length"", ""value"": ""17.0""}, {""type"": ""Angle"", ""value"": ""3.63""}]"
2944993635.0,32,54.0,FirstHalf,Azzedine Ounahi,392361,495,a,46.1,19.8,47.8,30.0,Successful,10.340696301506972,80.5376777919744,Lateral,Short,"[{""type"": ""Zone"", ""value"": ""Back""}, {""type"": ""PassEndX"", ""value"": ""47.8""}, {""type"": ""PassEndY"", ""value"": ""30.0""}, {""type"": ""Length"", ""value"": ""7.2""}, {""type"": ""Angle"", ""value"": ""1.32""}]"
2944993637.0,32,55.0,FirstHalf,Neil El Aynaoui,486734,495,a,47.8,30.0,46.6,20.6,Successful,9.476286192385704,-97.27500495788924,Lateral,Short,"[{""type"": ""Zone"", ""value"": ""Back""}, {""type"": ""PassEndX"", ""value"": ""46.6""}, {""type"": ""PassEndY"", ""value"": ""20.6""}, {""type"": ""Length"", ""value"": ""6.5""}, {""type"": ""Angle"", ""value"": ""4.52""}]"
2944993639.0,32,57.0,FirstHalf,Azzedine Ounahi,392361,495,a,53.4,20.0,63.9,3.6,Successful,19.47331507473753,-57.370844164284435,Forward,Short,"[{""type"": ""Zone"", ""value"": ""Right""}, {""type"": ""PassEndX"", ""value"": ""63.9""}, {""type"": ""PassEndY"", ""value"": ""3.6""}, {""type"": ""Length"", ""value"": ""15.7""}, {""type"": ""Angle"", ""value"": ""5.49""}]"
2944993651.0,33,32.0,FirstHalf,Achraf Hakimi,320834,495,a,56.7,0.0,34.5,6.3,Successful,23.07661153635863,164.156917882313,Backward,ThrowIn,"[{""type"": ""Longball""}, {""type"": ""Zone"", ""value"": ""Back""}, {""type"": ""ThrowIn""}, {""type"": ""PassEndX"", ""value"": ""34.5""}, {""type"": ""PassEndY"", ""value"": ""6.3""}, {""type"": ""Length"", ""value"": ""23.9""}, {""type"": ""Angle"", ""value"": ""2.92""}]"
2944993653.0,33,35.0,FirstHalf,Issa Diop,300359,495,a,34.9,4.6,44.0,3.3,Successful,9.19238815542512,-8.130102354155976,Forward,Short,"[{""type"": ""Zone"", ""value"": ""Back""}, {""type"": ""PassEndX"", ""value"": ""44.0""}, {""type"": ""PassEndY"", ""value"": ""3.3""}, {""type"": ""Length"", ""value"": ""9.6""}, {""type"": ""Angle"", ""value"": ""6.19""}]"
2944993655.0,33,37.0,FirstHalf,Achraf Hakimi,320834,495,a,39.2,7.2,22.2,34.0,Successful,31.73704460090763,122.38811485340094,Backward,Short,"[{""type"": ""Zone"", ""value"": ""Back""}, {""type"": ""PassEndX"", ""value"": ""22.2""}, {""type"": ""PassEndY"", ""value"": ""34.0""}, {""type"": ""Length"", ""value"": ""25.5""}, {""type"": ""Angle"", ""value"": ""2.35""}]"
2944993657.0,33,46.0,FirstHalf,Chadi Riad,454342,495,a,26.9,49.8,28.9,72.9,Successful,23.186418438387598,85.05166624997564,Lateral,Short,"[{""type"": ""Zone"", ""value"": ""Back""}, {""type"": ""PassEndX"", ""value"": ""28.9""}, {""type"": ""PassEndY"", ""value"": ""72.9""}, {""type"": ""Length"", ""value"": ""15.8""}, {""type"": ""Angle"", ""value"": ""1.44""}]"
2944993659.0,33,49.0,FirstHalf,Noussair Mazraoui,349932,495,a,33.9,68.7,41.9,64.2,Successful,9.17877987534291,-29.357753542791276,Forward,Short,"[{""type"": ""Zone"", ""value"": ""Back""}, {""type"": ""PassEndX"", ""value"": ""41.9""}, {""type"": ""PassEndY"", ""value"": ""64.2""}, {""type"": ""Length"", ""value"": ""8.9""}, {""type"": ""Angle"", ""value"": ""5.93""}]"
2944993661.0,33,49.0,FirstHalf,Ayyoub Bouaddi,504830,495,a,41.9,64.2,47.4,91.4,Successful,27.75049549107187,78.56859255707842,Forward,Short,"[{""type"": ""Zone"", ""value"": ""Back""}, {""type"": ""PassEndX"", ""value"": ""47.4""}, {""type"": ""PassEndY"", ""value"": ""91.4""}, {""type"": ""Length"", ""value"": ""19.4""}, {""type"": ""Angle"", ""value"": ""1.27""}]"
2944993663.0,33,52.0,FirstHalf,Ismael Saibari,404776,495,a,65.6,90.6,68.4,79.4,Successful,11.54469575172944,-75.96375653207345,Lateral,Short,"[{""type"": ""Zone"", ""value"": ""Left""}, {""type"": ""PassEndX"", ""value"": ""68.4""}, {""type"": ""PassEndY"", ""value"": ""79.4""}, {""type"": ""Length"", ""value"": ""8.2""}, {""type"": ""Angle"", ""value"": ""5.08""}]"
2944993665.0,33,53.0,FirstHalf,Bilal El Khannouss,433572,495,a,68.4,79.4,73.6,77.1,Unsuccessful,5.685947590331794,-23.860175191342492,Forward,Short,"[{""type"": ""Zone"", ""value"": ""Center""}, {""type"": ""PassEndX"", ""value"": ""73.6""}, {""type"": ""PassEndY"", ""value"": ""77.1""}, {""type"": ""Length"", ""value"": ""5.7""}, {""type"": ""Angle"", ""value"": ""6.00""}]"
2944993671.0,33,59.0,FirstHalf,Bilal El Khannouss,433572,495,a,79.7,95.1,83.3,95.7,Unsuccessful,3.6496575181789273,9.462322208025764,Lateral,Short,"[{""type"": ""Zone"", ""value"": ""Left""}, {""type"": ""PassEndX"", ""value"": ""83.3""}, {""type"": ""PassEndY"", ""value"": ""95.7""}, {""type"": ""Length"", ""value"": ""3.8""}, {""type"": ""Angle"", ""value"": ""0.11""}, {""type"": ""OppositeRelatedEvent"", ""value"": ""221""}, {""type"": ""Offensive""}]"
2944993675.0,34,1.0,FirstHalf,Bilal El Khannouss,433572,495,a,80.1,94.1,95.1,93.6,Successful,15.008331019803634,-1.9091524329963763,Forward,Short,"[{""type"": ""Zone"", ""value"": ""Left""}, {""type"": ""PassEndX"", ""value"": ""95.1""}, {""type"": ""PassEndY"", ""value"": ""93.6""}, {""type"": ""Length"", ""value"": ""15.8""}, {""type"": ""Angle"", ""value"": ""6.26""}]"
2944993677.0,34,2.0,FirstHalf,Noussair Mazraoui,349932,495,a,97.2,75.4,91.2,55.3,Unsuccessful,20.976415327696014,-106.62075691389205,Backward,Short,"[{""type"": ""Zone"", ""value"": ""Center""}, {""type"": ""PassEndX"", ""value"": ""91.2""}, {""type"": ""PassEndY"", ""value"": ""55.3""}, {""type"": ""Length"", ""value"": ""15.1""}, {""type"": ""Angle"", ""value"": ""4.28""}]"
2944993685.0,34,12.0,FirstHalf,Ayyoub Bouaddi,504830,495,a,75.9,100.0,60.0,90.1,Successful,18.730189534545566,-148.09189306434686,Backward,ThrowIn,"[{""type"": ""Zone"", ""value"": ""Left""}, {""type"": ""ThrowIn""}, {""type"": ""PassEndX"", ""value"": ""60.0""}, {""type"": ""PassEndY"", ""value"": ""90.1""}, {""type"": ""Length"", ""value"": ""18.6""}, {""type"": ""Angle"", ""value"": ""3.59""}]"
2944993687.0,34,15.0,FirstHalf,Chadi Riad,454342,495,a,60.0,90.1,44.3,63.2,Successful,31.1464283666683,-120.26967861915512,Backward,Short,"[{""type"": ""Zone"", ""value"": ""Back""}, {""type"": ""PassEndX"", ""value"": ""44.3""}, {""type"": ""PassEndY"", ""value"": ""63.2""}, {""type"": ""Length"", ""value"": ""24.6""}, {""type"": ""Angle"", ""value"": ""3.98""}]"
2944993689.0,34,19.0,FirstHalf,Issa Diop,300359,495,a,44.3,63.2,53.6,53.8,Successful,13.223085872821072,-45.306391622270716,Forward,Short,"[{""type"": ""Zone"", ""value"": ""Center""}, {""type"": ""PassEndX"", ""value"": ""53.6""}, {""type"": ""PassEndY"", ""value"": ""53.8""}, {""type"": ""Length"", ""value"": ""11.7""}, {""type"": ""Angle"", ""value"": ""5.70""}]"
2944993691.0,34,21.0,FirstHalf,Neil El Aynaoui,486734,495,a,51.8,50.7,48.7,28.4,Successful,22.51443981093023,-97.91416450904764,Lateral,Short,"[{""type"": ""Zone"", ""value"": ""Back""}, {""type"": ""PassEndX"", ""value"": ""48.7""}, {""type"": ""PassEndY"", ""value"": ""28.4""}, {""type"": ""Length"", ""value"": ""15.5""}, {""type"": ""Angle"", ""value"": ""4.50""}]"
2944993693.0,34,25.0,FirstHalf,Azzedine Ounahi,392361,495,a,53.3,27.7,66.8,24.4,Successful,13.897481786280563,-13.736268305622573,Forward,Short,"[{""type"": ""Zone"", ""value"": ""Center""}, {""type"": ""PassEndX"", ""value"": ""66.8""}, {""type"": ""PassEndY"", ""value"": ""24.4""}, {""type"": ""Length"", ""value"": ""14.4""}, {""type"": ""Angle"", ""value"": ""6.13""}]"
2944993695.0,34,27.0,FirstHalf,Achraf Hakimi,320834,495,a,64.6,28.0,62.5,43.9,Successful,16.03807968554839,97.52382043863861,Lateral,Short,"[{""type"": ""Zone"", ""value"": ""Center""}, {""type"": ""PassEndX"", ""value"": ""62.5""}, {""type"": ""PassEndY"", ""value"": ""43.9""}, {""type"": ""Length"", ""value"": ""11.0""}, {""type"": ""Angle"", ""value"": ""1.77""}]"
2944993697.0,34,29.0,FirstHalf,Ayyoub Bouaddi,504830,495,a,62.5,43.9,44.4,45.0,Successful,18.13339460773961,176.52221348020183,Backward,Short,"[{""type"": ""Zone"", ""value"": ""Back""}, {""type"": ""PassEndX"", ""value"": ""44.4""}, {""type"": ""PassEndY"", ""value"": ""45.0""}, {""type"": ""Length"", ""value"": ""19.0""}, {""type"": ""Angle"", ""value"": ""3.10""}]"
2944993699.0,34,31.0,FirstHalf,Issa Diop,300359,495,a,44.4,45.0,46.1,64.7,Successful,19.77321420508057,85.06791257173514,Lateral,Short,"[{""type"": ""Zone"", ""value"": ""Back""}, {""type"": ""PassEndX"", ""value"": ""46.1""}, {""type"": ""PassEndY"", ""value"": ""64.7""}, {""type"": ""Length"", ""value"": ""13.5""}, {""type"": ""Angle"", ""value"": ""1.44""}]"
2944993701.0,34,32.0,FirstHalf,Chadi Riad,454342,495,a,45.8,64.5,52.8,31.0,Successful,34.2235299172952,-78.19756579221645,Forward,Short,"[{""type"": ""Zone"", ""value"": ""Center""}, {""type"": ""PassEndX"", ""value"": ""52.8""}, {""type"": ""PassEndY"", ""value"": ""31.0""}, {""type"": ""Length"", ""value"": ""23.9""}, {""type"": ""Angle"", ""value"": ""5.02""}]"
2944993703.0,34,34.0,FirstHalf,Neil El Aynaoui,486734,495,a,52.8,31.0,57.0,12.9,Successful,18.58090417606205,-76.93604587261369,Lateral,Short,"[{""type"": ""Zone"", ""value"": ""Right""}, {""type"": ""PassEndX"", ""value"": ""57.0""}, {""type"": ""PassEndY"", ""value"": ""12.9""}, {""type"": ""Length"", ""value"": ""13.1""}, {""type"": ""Angle"", ""value"": ""5.06""}]"
2944993705.0,34,39.0,FirstHalf,Brahim Díaz,317541,495,a,55.9,27.4,50.6,30.4,Successful,6.0901559914340435,150.48850144290967,Backward,Short,"[{""type"": ""Zone"", ""value"": ""Center""}, {""type"": ""PassEndX"", ""value"": ""50.6""}, {""type"": ""PassEndY"", ""value"": ""30.4""}, {""type"": ""Length"", ""value"": ""5.9""}, {""type"": ""Angle"", ""value"": ""2.79""}]"
2944993707.0,34,41.0,FirstHalf,Neil El Aynaoui,486734,495,a,50.6,30.4,55.6,22.6,Successful,9.264987857520373,-57.33908727832619,Lateral,Short,"[{""type"": ""Zone"", ""value"": ""Center""}, {""type"": ""PassEndX"", ""value"": ""55.6""}, {""type"": ""PassEndY"", ""value"": ""22.6""}, {""type"": ""Length"", ""value"": ""7.5""}, {""type"": ""Angle"", ""value"": ""5.49""}]"
2944993709.0,34,42.0,FirstHalf,Brahim Díaz,317541,495,a,55.6,22.6,47.9,29.9,Successful,10.61037228376083,136.52752544221298,Backward,Short,"[{""type"": ""Zone"", ""value"": ""Back""}, {""type"": ""PassEndX"", ""value"": ""47.9""}, {""type"": ""PassEndY"", ""value"": ""29.9""}, {""type"": ""Length"", ""value"": ""9.5""}, {""type"": ""Angle"", ""value"": ""2.59""}]"
2944993711.0,34,43.0,FirstHalf,Neil El Aynaoui,486734,495,a,52.2,26.6,62.8,4.1,Successful,24.871871662583015,-64.77435430187582,Forward,Short,"[{""type"": ""Zone"", ""value"": ""Right""}, {""type"": ""PassEndX"", ""value"": ""62.8""}, {""type"": ""PassEndY"", ""value"": ""4.1""}, {""type"": ""Length"", ""value"": ""18.9""}, {""type"": ""Angle"", ""value"": ""5.34""}]"
2944993713.0,34,47.0,FirstHalf,Azzedine Ounahi,392361,495,a,60.7,11.5,43.3,12.2,Successful,17.414074767268005,177.6962396753998,Backward,Short,"[{""type"": ""Zone"", ""value"": ""Back""}, {""type"": ""PassEndX"", ""value"": ""43.3""}, {""type"": ""PassEndY"", ""value"": ""12.2""}, {""type"": ""Length"", ""value"": ""18.3""}, {""type"": ""Angle"", ""value"": ""3.12""}]"
2944993715.0,34,49.0,FirstHalf,Neil El Aynaoui,486734,495,a,43.3,12.2,56.3,13.5,Successful,13.064838307457157,5.710593137499646,Forward,Short,"[{""type"": ""Zone"", ""value"": ""Right""}, {""type"": ""PassEndX"", ""value"": ""56.3""}, {""type"": ""PassEndY"", ""value"": ""13.5""}, {""type"": ""Length"", ""value"": ""13.7""}, {""type"": ""Angle"", ""value"": ""0.06""}]"
2944993717.0,34,51.0,FirstHalf,Azzedine Ounahi,392361,495,a,56.3,13.5,56.3,33.2,Successful,19.700000000000003,90.0,Lateral,Short,"[{""type"": ""Zone"", ""value"": ""Center""}, {""type"": ""PassEndX"", ""value"": ""56.3""}, {""type"": ""PassEndY"", ""value"": ""33.2""}, {""type"": ""Length"", ""value"": ""13.4""}, {""type"": ""Angle"", ""value"": ""1.57""}]"
2944993719.0,34,54.0,FirstHalf,Ayyoub Bouaddi,504830,495,a,56.9,37.1,66.5,100.0,Unsuccessful,63.628374173791364,81.32229962326753,Forward,Chipped,"[{""type"": ""Longball""}, {""type"": ""Zone"", ""value"": ""Left""}, {""type"": ""PassEndX"", ""value"": ""66.5""}, {""type"": ""PassEndY"", ""value"": ""100.0""}, {""type"": ""Chipped""}, {""type"": ""Length"", ""value"": ""45.3""}, {""type"": ""Angle"", ""value"": ""1.35""}]"
2944993725.0,35,4.0,FirstHalf,Nathan Patterson,396975,424,h,27.3,0.0,13.4,18.8,Successful,23.380547470065796,126.47780262380184,Backward,ThrowIn,"[{""type"": ""Zone"", ""value"": ""Back""}, {""type"": ""ThrowIn""}, {""type"": ""PassEndX"", ""value"": ""13.4""}, {""type"": ""PassEndY"", ""value"": ""18.8""}, {""type"": ""Length"", ""value"": ""20.0""}, {""type"": ""Angle"", ""value"": ""2.39""}]"
2944993727.0,35,6.0,FirstHalf,Grant Hanley,86593,424,h,14.3,20.9,15.4,70.3,Successful,49.41224544584065,88.72439384669953,Lateral,Short,"[{""type"": ""Longball""}, {""type"": ""Zone"", ""value"": ""Back""}, {""type"": ""PassEndX"", ""value"": ""15.4""}, {""type"": ""PassEndY"", ""value"": ""70.3""}, {""type"": ""Length"", ""value"": ""33.6""}, {""type"": ""Angle"", ""value"": ""1.54""}]"
2944993729.0,35,12.0,FirstHalf,Jack Hendry,280210,424,h,23.5,68.2,32.5,91.7,Successful,25.16445906432324,69.04422326936782,Forward,Short,"[{""type"": ""Zone"", ""value"": ""Back""}, {""type"": ""PassEndX"", ""value"": ""32.5""}, {""type"": ""PassEndY"", ""value"": ""91.7""}, {""type"": ""Length"", ""value"": ""18.6""}, {""type"": ""Angle"", ""value"": ""1.04""}]"
2944993731.0,35,14.0,FirstHalf,Andy Robertson,115726,424,h,32.5,91.1,37.1,79.1,Successful,12.851459061133877,-69.0265065786792,Lateral,Short,"[{""type"": ""Zone"", ""value"": ""Back""}, {""type"": ""PassEndX"", ""value"": ""37.1""}, {""type"": ""PassEndY"", ""value"": ""79.1""}, {""type"": ""Length"", ""value"": ""9.5""}, {""type"": ""Angle"", ""value"": ""5.25""}]"
2944993735.0,35,16.0,FirstHalf,Lewis Ferguson,396971,424,h,37.1,79.3,42.0,81.2,Successful,5.2554733373883655,21.19405648154235,Lateral,Short,"[{""type"": ""Zone"", ""value"": ""Back""}, {""type"": ""PassEndX"", ""value"": ""42.0""}, {""type"": ""PassEndY"", ""value"": ""81.2""}, {""type"": ""Length"", ""value"": ""5.3""}, {""type"": ""Angle"", ""value"": ""0.25""}]"
2944993741.0,35,24.0,FirstHalf,Ismael Saibari,404776,495,a,74.8,42.4,89.2,64.0,Successful,25.959969183340725,56.30993247402021,Forward,Short,"[{""type"": ""Zone"", ""value"": ""Center""}, {""type"": ""PassEndX"", ""value"": ""89.2""}, {""type"": ""PassEndY"", ""value"": ""64.0""}, {""type"": ""IntentionalAssist""}, {""type"": ""ShotAssist"", ""value"": ""13""}, {""type"": ""Length"", ""value"": ""21.1""}, {""type"": ""Angle"", ""value"": ""0.77""}, {""type"": ""BigChanceCreated""}, {""type"": ""KeyPass""}]"
2944993761.0,36,44.0,FirstHalf,Jack Hendry,280210,424,h,3.5,59.1,26.3,68.5,Successful,24.661711213944585,22.405408883365347,Forward,GoalKick,"[{""type"": ""Zone"", ""value"": ""Back""}, {""type"": ""GoalKick""}, {""type"": ""PassEndX"", ""value"": ""26.3""}, {""type"": ""PassEndY"", ""value"": ""68.5""}, {""type"": ""Length"", ""value"": ""24.8""}, {""type"": ""Angle"", ""value"": ""0.26""}]"
2944993763.0,36,50.0,FirstHalf,Lewis Ferguson,396971,424,h,36.5,72.9,51.9,79.7,Successful,16.83448840921517,23.824260582895413,Forward,Short,"[{""type"": ""Zone"", ""value"": ""Left""}, {""type"": ""PassEndX"", ""value"": ""51.9""}, {""type"": ""PassEndY"", ""value"": ""79.7""}, {""type"": ""Length"", ""value"": ""16.8""}, {""type"": ""Angle"", ""value"": ""0.28""}]"
2944993767.0,36,54.0,FirstHalf,Scott McTominay,336915,424,h,44.4,69.4,39.6,35.1,Successful,34.63423162133094,-97.96633372844863,Lateral,Short,"[{""type"": ""Zone"", ""value"": ""Back""}, {""type"": ""PassEndX"", ""value"": ""39.6""}, {""type"": ""PassEndY"", ""value"": ""35.1""}, {""type"": ""Length"", ""value"": ""23.9""}, {""type"": ""Angle"", ""value"": ""4.50""}]"
2944993769.0,36,56.0,FirstHalf,Grant Hanley,86593,424,h,41.4,31.6,60.9,5.2,Successful,32.820877501980355,-53.5490768204187,Forward,Short,"[{""type"": ""Zone"", ""value"": ""Right""}, {""type"": ""PassEndX"", ""value"": ""60.9""}, {""type"": ""PassEndY"", ""value"": ""5.2""}, {""type"": ""Length"", ""value"": ""27.2""}, {""type"": ""Angle"", ""value"": ""5.56""}]"
2944993771.0,36,58.0,FirstHalf,Nathan Patterson,396975,424,h,60.1,4.6,61.5,19.7,Successful,15.164761785138598,84.70295189540322,Lateral,Short,"[{""type"": ""Zone"", ""value"": ""Right""}, {""type"": ""PassEndX"", ""value"": ""61.5""}, {""type"": ""PassEndY"", ""value"": ""19.7""}, {""type"": ""Length"", ""value"": ""10.4""}, {""type"": ""Angle"", ""value"": ""1.43""}]"
2944993773.0,36,59.0,FirstHalf,Ryan Christie,128882,424,h,60.4,19.5,39.3,4.6,Successful,25.83060200614767,-144.77174735202087,Backward,Short,"[{""type"": ""Zone"", ""value"": ""Back""}, {""type"": ""PassEndX"", ""value"": ""39.3""}, {""type"": ""PassEndY"", ""value"": ""4.6""}, {""type"": ""Length"", ""value"": ""24.4""}, {""type"": ""Angle"", ""value"": ""3.57""}]"
2944993775.0,37,1.0,FirstHalf,Nathan Patterson,396975,424,h,39.3,4.6,29.8,41.8,Successful,38.3938797206013,104.32579642684283,Backward,Short,"[{""type"": ""Zone"", ""value"": ""Back""}, {""type"": ""PassEndX"", ""value"": ""29.8""}, {""type"": ""PassEndY"", ""value"": ""41.8""}, {""type"": ""Length"", ""value"": ""27.2""}, {""type"": ""Angle"", ""value"": ""1.95""}]"
2944993777.0,37,4.0,FirstHalf,Grant Hanley,86593,424,h,29.8,41.8,33.4,79.3,Successful,37.67240369288904,84.51640955553556,Lateral,Short,"[{""type"": ""Zone"", ""value"": ""Back""}, {""type"": ""PassEndX"", ""value"": ""33.4""}, {""type"": ""PassEndY"", ""value"": ""79.3""}, {""type"": ""Length"", ""value"": ""25.8""}, {""type"": ""Angle"", ""value"": ""1.42""}]"
2944993779.0,37,9.0,FirstHalf,Jack Hendry,280210,424,h,31.3,80.8,43.7,80.3,Successful,12.410076550932313,-2.3090627890256825,Forward,Short,"[{""type"": ""Zone"", ""value"": ""Back""}, {""type"": ""PassEndX"", ""value"": ""43.7""}, {""type"": ""PassEndY"", ""value"": ""80.3""}, {""type"": ""Length"", ""value"": ""13.0""}, {""type"": ""Angle"", ""value"": ""6.26""}]"
2944993785.0,37,11.0,FirstHalf,Kieran Tierney,297403,424,h,43.7,80.3,60.5,86.0,Unsuccessful,17.74063133036702,18.741340445192733,Forward,Short,"[{""type"": ""Zone"", ""value"": ""Left""}, {""type"": ""PassEndX"", ""value"": ""60.5""}, {""type"": ""PassEndY"", ""value"": ""86.0""}, {""type"": ""Length"", ""value"": ""18.1""}, {""type"": ""Angle"", ""value"": ""0.22""}]"
2944993781.0,37,11.0,FirstHalf,Achraf Hakimi,320834,495,a,34.5,7.7,45.2,10.9,Successful,11.168258592994706,16.650105498603036,Forward,Short,"[{""type"": ""Zone"", ""value"": ""Back""}, {""type"": ""PassEndX"", ""value"": ""45.2""}, {""type"": ""PassEndY"", ""value"": ""10.9""}, {""type"": ""Length"", ""value"": ""11.4""}, {""type"": ""Angle"", ""value"": ""0.19""}]"
2944993787.0,37,12.0,FirstHalf,Brahim Díaz,317541,495,a,45.2,10.9,57.0,5.1,Successful,13.148383931114878,-26.175289981759942,Forward,Short,"[{""type"": ""Zone"", ""value"": ""Right""}, {""type"": ""PassEndX"", ""value"": ""57.0""}, {""type"": ""PassEndY"", ""value"": ""5.1""}, {""type"": ""Length"", ""value"": ""13.0""}, {""type"": ""Angle"", ""value"": ""5.98""}]"
2944993791.0,37,19.0,FirstHalf,Achraf Hakimi,320834,495,a,86.3,24.1,80.8,35.6,Successful,12.747548783981962,115.55996517182382,Backward,Short,"[{""type"": ""Zone"", ""value"": ""Center""}, {""type"": ""PassEndX"", ""value"": ""80.8""}, {""type"": ""PassEndY"", ""value"": ""35.6""}, {""type"": ""Length"", ""value"": ""9.7""}, {""type"": ""Angle"", ""value"": ""2.21""}]"
2944993795.0,37,30.0,FirstHalf,Brahim Díaz,317541,495,a,90.1,24.7,79.4,24.2,Successful,10.711675872616746,-177.32457334397085,Backward,Short,"[{""type"": ""Zone"", ""value"": ""Center""}, {""type"": ""PassEndX"", ""value"": ""79.4""}, {""type"": ""PassEndY"", ""value"": ""24.2""}, {""type"": ""Length"", ""value"": ""11.2""}, {""type"": ""Angle"", ""value"": ""3.17""}]"
2944993797.0,37,33.0,FirstHalf,Neil El Aynaoui,486734,495,a,80.9,24.9,89.7,18.3,Successful,10.999999999999996,-36.86989764584402,Forward,Short,"[{""type"": ""Zone"", ""value"": ""Right""}, {""type"": ""PassEndX"", ""value"": ""89.7""}, {""type"": ""PassEndY"", ""value"": ""18.3""}, {""type"": ""Length"", ""value"": ""10.3""}, {""type"": ""Angle"", ""value"": ""5.83""}]"
2944993799.0,37,36.0,FirstHalf,Brahim Díaz,317541,495,a,89.7,18.3,92.4,47.0,Successful,28.82672371255533,84.62562262767561,Lateral,Cross,"[{""type"": ""Cross""}, {""type"": ""Zone"", ""value"": ""Center""}, {""type"": ""PassEndX"", ""value"": ""92.4""}, {""type"": ""PassEndY"", ""value"": ""47.0""}, {""type"": ""IntentionalAssist""}, {""type"": ""ShotAssist"", ""value"": ""13""}, {""type"": ""Length"", ""value"": ""19.7""}, {""type"": ""Angle"", ""value"": ""1.43""}, {""type"": ""KeyPass""}]"
2944993805.0,37,40.0,FirstHalf,Andy Robertson,115726,424,h,7.2,64.6,20.9,63.1,Successful,13.781872151489432,-6.248371665038202,Forward,Short,"[{""type"": ""Zone"", ""value"": ""Back""}, {""type"": ""PassEndX"", ""value"": ""20.9""}, {""type"": ""PassEndY"", ""value"": ""63.1""}, {""type"": ""Length"", ""value"": ""14.4""}, {""type"": ""Angle"", ""value"": ""6.21""}]"
2944993807.0,37,41.0,FirstHalf,Scott McTominay,336915,424,h,20.9,63.1,29.2,75.9,Successful,15.255490814785349,57.039112116022295,Forward,Short,"[{""type"": ""Zone"", ""value"": ""Back""}, {""type"": ""PassEndX"", ""value"": ""29.2""}, {""type"": ""PassEndY"", ""value"": ""75.9""}, {""type"": ""Length"", ""value"": ""12.3""}, {""type"": ""Angle"", ""value"": ""0.78""}]"
2944993829.0,39,34.0,FirstHalf,Yassine Bounou,136220,495,a,20.3,63.7,71.6,100.0,Unsuccessful,62.84409280115355,35.2833141822149,Forward,Short,"[{""type"": ""Longball""}, {""type"": ""FreekickTaken""}, {""type"": ""Zone"", ""value"": ""Left""}, {""type"": ""PassEndX"", ""value"": ""71.6""}, {""type"": ""PassEndY"", ""value"": ""100.0""}, {""type"": ""Length"", ""value"": ""59.8""}, {""type"": ""Angle"", ""value"": ""0.45""}, {""type"": ""IndirectFreekickTaken""}]"
2944993835.0,39,47.0,FirstHalf,Nathan Patterson,396975,424,h,29.1,0.0,52.1,10.0,Unsuccessful,25.079872407968907,23.498565675952097,Forward,ThrowIn,"[{""type"": ""Longball""}, {""type"": ""Zone"", ""value"": ""Right""}, {""type"": ""ThrowIn""}, {""type"": ""PassEndX"", ""value"": ""52.1""}, {""type"": ""PassEndY"", ""value"": ""10.0""}, {""type"": ""Length"", ""value"": ""25.3""}, {""type"": ""Angle"", ""value"": ""0.30""}]"
2944993837.0,39,49.0,FirstHalf,Noussair Mazraoui,349932,495,a,44.6,90.9,58.0,98.5,Successful,15.405193929321367,29.560354464680717,Forward,Short,"[{""type"": ""HeadPass""}, {""type"": ""Zone"", ""value"": ""Left""}, {""type"": ""PassEndX"", ""value"": ""58.0""}, {""type"": ""PassEndY"", ""value"": ""98.5""}, {""type"": ""Length"", ""value"": ""15.0""}, {""type"": ""Angle"", ""value"": ""0.35""}]"
2944993839.0,39,51.0,FirstHalf,Bilal El Khannouss,433572,495,a,58.0,98.5,41.8,89.1,Successful,18.729655629509054,-149.87568200163878,Backward,Short,"[{""type"": ""Zone"", ""value"": ""Back""}, {""type"": ""PassEndX"", ""value"": ""41.8""}, {""type"": ""PassEndY"", ""value"": ""89.1""}, {""type"": ""Length"", ""value"": ""18.2""}, {""type"": ""Angle"", ""value"": ""3.50""}]"
2944993843.0,39,53.0,FirstHalf,Noussair Mazraoui,349932,495,a,50.4,84.5,64.8,68.0,Successful,21.9,-48.88790956083307,Forward,Short,"[{""type"": ""Zone"", ""value"": ""Center""}, {""type"": ""PassEndX"", ""value"": ""64.8""}, {""type"": ""PassEndY"", ""value"": ""68.0""}, {""type"": ""Length"", ""value"": ""18.8""}, {""type"": ""Angle"", ""value"": ""5.64""}]"
2944993845.0,39,57.0,FirstHalf,Azzedine Ounahi,392361,495,a,65.1,48.8,67.9,17.8,Successful,31.12619475618566,-84.83890196663972,Lateral,Short,"[{""type"": ""Zone"", ""value"": ""Right""}, {""type"": ""PassEndX"", ""value"": ""67.9""}, {""type"": ""PassEndY"", ""value"": ""17.8""}, {""type"": ""Length"", ""value"": ""21.3""}, {""type"": ""Angle"", ""value"": ""4.85""}]"
2944993847.0,40,2.0,FirstHalf,Achraf Hakimi,320834,495,a,72.2,11.9,76.0,5.1,Successful,7.789736837660178,-60.802513953935545,Lateral,Short,"[{""type"": ""Zone"", ""value"": ""Right""}, {""type"": ""PassEndX"", ""value"": ""76.0""}, {""type"": ""PassEndY"", ""value"": ""5.1""}, {""type"": ""Length"", ""value"": ""6.1""}, {""type"": ""Angle"", ""value"": ""5.42""}]"
2944993849.0,40,4.0,FirstHalf,Azzedine Ounahi,392361,495,a,75.6,5.1,70.2,12.5,Successful,9.160785992479026,126.11934084947973,Backward,Short,"[{""type"": ""Zone"", ""value"": ""Right""}, {""type"": ""PassEndX"", ""value"": ""70.2""}, {""type"": ""PassEndY"", ""value"": ""12.5""}, {""type"": ""Length"", ""value"": ""7.6""}, {""type"": ""Angle"", ""value"": ""2.42""}]"
2944993851.0,40,5.0,FirstHalf,Achraf Hakimi,320834,495,a,70.2,12.5,74.6,5.4,Successful,8.35284382710463,-58.21274687833529,Lateral,Short,"[{""type"": ""Zone"", ""value"": ""Right""}, {""type"": ""PassEndX"", ""value"": ""74.6""}, {""type"": ""PassEndY"", ""value"": ""5.4""}, {""type"": ""Length"", ""value"": ""6.7""}, {""type"": ""Angle"", ""value"": ""5.48""}]"
2944993853.0,40,6.0,FirstHalf,Azzedine Ounahi,392361,495,a,72.3,4.3,65.6,9.4,Successful,8.420213774008355,142.721825800131,Backward,Short,"[{""type"": ""Zone"", ""value"": ""Right""}, {""type"": ""PassEndX"", ""value"": ""65.6""}, {""type"": ""PassEndY"", ""value"": ""9.4""}, {""type"": ""Length"", ""value"": ""7.8""}, {""type"": ""Angle"", ""value"": ""2.68""}]"
2944993855.0,40,7.0,FirstHalf,Achraf Hakimi,320834,495,a,65.6,9.4,71.9,3.4,Successful,8.700000000000008,-43.602818972703574,Forward,Short,"[{""type"": ""Zone"", ""value"": ""Right""}, {""type"": ""PassEndX"", ""value"": ""71.9""}, {""type"": ""PassEndY"", ""value"": ""3.4""}, {""type"": ""Length"", ""value"": ""7.8""}, {""type"": ""Angle"", ""value"": ""5.73""}]"
2944993857.0,40,10.0,FirstHalf,Azzedine Ounahi,392361,495,a,72.3,4.4,65.3,8.6,Successful,8.16333265278342,149.03624346792648,Backward,Short,"[{""type"": ""Zone"", ""value"": ""Right""}, {""type"": ""PassEndX"", ""value"": ""65.3""}, {""type"": ""PassEndY"", ""value"": ""8.6""}, {""type"": ""Length"", ""value"": ""7.9""}, {""type"": ""Angle"", ""value"": ""2.77""}]"
2944993859.0,40,11.0,FirstHalf,Achraf Hakimi,320834,495,a,65.3,8.6,67.2,29.0,Successful,20.48828933805846,84.67897876729879,Lateral,Short,"[{""type"": ""Zone"", ""value"": ""Center""}, {""type"": ""PassEndX"", ""value"": ""67.2""}, {""type"": ""PassEndY"", ""value"": ""29.0""}, {""type"": ""Length"", ""value"": ""14.0""}, {""type"": ""Angle"", ""value"": ""1.43""}]"
2944993861.0,40,13.0,FirstHalf,Neil El Aynaoui,486734,495,a,67.1,25.9,68.4,7.4,Successful,18.545619428857048,-85.9804175121625,Lateral,Short,"[{""type"": ""Zone"", ""value"": ""Right""}, {""type"": ""PassEndX"", ""value"": ""68.4""}, {""type"": ""PassEndY"", ""value"": ""7.4""}, {""type"": ""Length"", ""value"": ""12.7""}, {""type"": ""Angle"", ""value"": ""4.82""}]"
2944993863.0,40,15.0,FirstHalf,Achraf Hakimi,320834,495,a,68.5,7.4,72.1,24.9,Successful,17.86644900364927,78.3756042756511,Lateral,Short,"[{""type"": ""Zone"", ""value"": ""Center""}, {""type"": ""PassEndX"", ""value"": ""72.1""}, {""type"": ""PassEndY"", ""value"": ""24.9""}, {""type"": ""Length"", ""value"": ""12.5""}, {""type"": ""Angle"", ""value"": ""1.26""}]"
2944993883.0,40,25.0,FirstHalf,Kieran Tierney,297403,424,h,25.9,45.7,35.3,49.4,Successful,10.101980003939818,21.4854433170634,Forward,Short,"[{""type"": ""Zone"", ""value"": ""Back""}, {""type"": ""PassEndX"", ""value"": ""35.3""}, {""type"": ""PassEndY"", ""value"": ""49.4""}, {""type"": ""Length"", ""value"": ""10.2""}, {""type"": ""Angle"", ""value"": ""0.25""}]"
2944993887.0,40,28.0,FirstHalf,Ryan Christie,128882,424,h,55.8,61.8,52.2,72.9,Unsuccessful,11.66919020326604,107.96913974015698,Lateral,Short,"[{""type"": ""Zone"", ""value"": ""Center""}, {""type"": ""PassEndX"", ""value"": ""52.2""}, {""type"": ""PassEndY"", ""value"": ""72.9""}, {""type"": ""Length"", ""value"": ""8.4""}, {""type"": ""Angle"", ""value"": ""2.04""}]"
2944993891.0,40,30.0,FirstHalf,Ayyoub Bouaddi,504830,495,a,38.3,15.7,47.6,15.2,Successful,9.313431161500045,-3.077455399424376,Forward,Short,"[{""type"": ""Zone"", ""value"": ""Back""}, {""type"": ""PassEndX"", ""value"": ""47.6""}, {""type"": ""PassEndY"", ""value"": ""15.2""}, {""type"": ""Length"", ""value"": ""9.8""}, {""type"": ""Angle"", ""value"": ""6.25""}]"
2944993893.0,40,31.0,FirstHalf,Achraf Hakimi,320834,495,a,47.6,15.2,40.6,22.3,Successful,9.970456358662828,134.59365376669098,Backward,Short,"[{""type"": ""Zone"", ""value"": ""Back""}, {""type"": ""PassEndX"", ""value"": ""40.6""}, {""type"": ""PassEndY"", ""value"": ""22.3""}, {""type"": ""Length"", ""value"": ""8.8""}, {""type"": ""Angle"", ""value"": ""2.56""}]"
2944993895.0,40,32.0,FirstHalf,Azzedine Ounahi,392361,495,a,40.6,22.6,37.7,6.6,Successful,16.26068879229905,-100.27333064162929,Lateral,Short,"[{""type"": ""Zone"", ""value"": ""Back""}, {""type"": ""PassEndX"", ""value"": ""37.7""}, {""type"": ""PassEndY"", ""value"": ""6.6""}, {""type"": ""Length"", ""value"": ""11.3""}, {""type"": ""Angle"", ""value"": ""4.44""}]"
2944993897.0,40,33.0,FirstHalf,Ayyoub Bouaddi,504830,495,a,37.7,6.6,41.4,19.0,Successful,12.940247292845681,73.38557551087364,Lateral,Short,"[{""type"": ""Zone"", ""value"": ""Back""}, {""type"": ""PassEndX"", ""value"": ""41.4""}, {""type"": ""PassEndY"", ""value"": ""19.0""}, {""type"": ""Length"", ""value"": ""9.3""}, {""type"": ""Angle"", ""value"": ""1.14""}]"
2944993899.0,40,36.0,FirstHalf,Azzedine Ounahi,392361,495,a,42.6,13.5,54.4,10.7,Successful,12.127654348636423,-13.348727113287387,Forward,Short,"[{""type"": ""Zone"", ""value"": ""Right""}, {""type"": ""PassEndX"", ""value"": ""54.4""}, {""type"": ""PassEndY"", ""value"": ""10.7""}, {""type"": ""Length"", ""value"": ""12.5""}, {""type"": ""Angle"", ""value"": ""6.13""}]"
2944993901.0,40,37.0,FirstHalf,Achraf Hakimi,320834,495,a,54.4,10.7,44.4,15.0,Successful,10.885311203635844,156.73229518994304,Backward,Short,"[{""type"": ""Zone"", ""value"": ""Back""}, {""type"": ""PassEndX"", ""value"": ""44.4""}, {""type"": ""PassEndY"", ""value"": ""15.0""}, {""type"": ""Length"", ""value"": ""10.9""}, {""type"": ""Angle"", ""value"": ""2.87""}]"
2944993903.0,40,38.0,FirstHalf,Azzedine Ounahi,392361,495,a,44.4,15.0,55.2,11.0,Successful,11.51694403911038,-20.323136829662932,Forward,Short,"[{""type"": ""Zone"", ""value"": ""Right""}, {""type"": ""PassEndX"", ""value"": ""55.2""}, {""type"": ""PassEndY"", ""value"": ""11.0""}, {""type"": ""Length"", ""value"": ""11.7""}, {""type"": ""Angle"", ""value"": ""6.05""}]"
2944993905.0,40,38.0,FirstHalf,Achraf Hakimi,320834,495,a,55.2,11.0,56.9,16.5,Successful,5.756735185849701,72.8240963842533,Lateral,Short,"[{""type"": ""Zone"", ""value"": ""Right""}, {""type"": ""PassEndX"", ""value"": ""56.9""}, {""type"": ""PassEndY"", ""value"": ""16.5""}, {""type"": ""Length"", ""value"": ""4.1""}, {""type"": ""Angle"", ""value"": ""1.13""}]"
2944993907.0,40,39.0,FirstHalf,Azzedine Ounahi,392361,495,a,55.9,18.1,42.9,18.3,Successful,13.001538370516005,179.11859600341788,Backward,Short,"[{""type"": ""Zone"", ""value"": ""Back""}, {""type"": ""PassEndX"", ""value"": ""42.9""}, {""type"": ""PassEndY"", ""value"": ""18.3""}, {""type"": ""Length"", ""value"": ""13.7""}, {""type"": ""Angle"", ""value"": ""3.13""}]"
2944993909.0,40,41.0,FirstHalf,Ayyoub Bouaddi,504830,495,a,43.1,18.8,49.5,15.2,Successful,7.343023900274327,-29.357753542791286,Forward,Short,"[{""type"": ""Zone"", ""value"": ""Back""}, {""type"": ""PassEndX"", ""value"": ""49.5""}, {""type"": ""PassEndY"", ""value"": ""15.2""}, {""type"": ""Length"", ""value"": ""7.2""}, {""type"": ""Angle"", ""value"": ""5.93""}]"
2944993911.0,40,42.0,FirstHalf,Azzedine Ounahi,392361,495,a,47.9,15.2,41.7,20.0,Successful,7.84091831356506,142.25319461272534,Backward,Short,"[{""type"": ""Zone"", ""value"": ""Back""}, {""type"": ""PassEndX"", ""value"": ""41.7""}, {""type"": ""PassEndY"", ""value"": ""20.0""}, {""type"": ""Length"", ""value"": ""7.3""}, {""type"": ""Angle"", ""value"": ""2.68""}]"
2944993913.0,40,44.0,FirstHalf,Ayyoub Bouaddi,504830,495,a,41.8,24.7,34.7,51.0,Successful,27.24151243965724,105.10754458119544,Backward,Short,"[{""type"": ""Zone"", ""value"": ""Back""}, {""type"": ""PassEndX"", ""value"": ""34.7""}, {""type"": ""PassEndY"", ""value"": ""51.0""}, {""type"": ""Length"", ""value"": ""19.4""}, {""type"": ""Angle"", ""value"": ""1.97""}]"
2944993915.0,40,48.0,FirstHalf,Chadi Riad,454342,495,a,35.9,55.6,43.7,64.2,Successful,11.610340218959998,47.792702365713275,Forward,Short,"[{""type"": ""Zone"", ""value"": ""Back""}, {""type"": ""PassEndX"", ""value"": ""43.7""}, {""type"": ""PassEndY"", ""value"": ""64.2""}, {""type"": ""Length"", ""value"": ""10.1""}, {""type"": ""Angle"", ""value"": ""0.62""}]"
2944993917.0,40,49.0,FirstHalf,Neil El Aynaoui,486734,495,a,43.5,64.4,36.1,53.8,Successful,12.927490088953856,-124.91940201245767,Backward,Short,"[{""type"": ""Zone"", ""value"": ""Back""}, {""type"": ""PassEndX"", ""value"": ""36.1""}, {""type"": ""PassEndY"", ""value"": ""53.8""}, {""type"": ""Length"", ""value"": ""10.6""}, {""type"": ""Angle"", ""value"": ""3.89""}]"
2944993919.0,40,51.0,FirstHalf,Chadi Riad,454342,495,a,36.1,53.8,36.0,25.9,Successful,27.900179210893967,-90.20536033749488,Lateral,Short,"[{""type"": ""Zone"", ""value"": ""Back""}, {""type"": ""PassEndX"", ""value"": ""36.0""}, {""type"": ""PassEndY"", ""value"": ""25.9""}, {""type"": ""Length"", ""value"": ""19.0""}, {""type"": ""Angle"", ""value"": ""4.71""}]"
2944993921.0,40,53.0,FirstHalf,Issa Diop,300359,495,a,37.3,24.9,46.4,6.1,Successful,20.88659857420542,-64.17104253447971,Forward,Short,"[{""type"": ""Zone"", ""value"": ""Back""}, {""type"": ""PassEndX"", ""value"": ""46.4""}, {""type"": ""PassEndY"", ""value"": ""6.1""}, {""type"": ""Length"", ""value"": ""16.0""}, {""type"": ""Angle"", ""value"": ""5.35""}]"
2944993923.0,40,58.0,FirstHalf,Azzedine Ounahi,392361,495,a,53.5,6.1,59.2,21.9,Successful,16.796725871431015,70.16260979545255,Forward,Short,"[{""type"": ""Zone"", ""value"": ""Center""}, {""type"": ""PassEndX"", ""value"": ""59.2""}, {""type"": ""PassEndY"", ""value"": ""21.9""}, {""type"": ""Length"", ""value"": ""12.3""}, {""type"": ""Angle"", ""value"": ""1.06""}]"
2944993925.0,41,2.0,FirstHalf,Ayyoub Bouaddi,504830,495,a,60.5,16.7,54.8,39.8,Successful,23.79285607067802,103.86102756302115,Backward,Short,"[{""type"": ""Zone"", ""value"": ""Center""}, {""type"": ""PassEndX"", ""value"": ""54.8""}, {""type"": ""PassEndY"", ""value"": ""39.8""}, {""type"": ""Length"", ""value"": ""16.8""}, {""type"": ""Angle"", ""value"": ""1.93""}]"
2944993927.0,41,4.0,FirstHalf,Neil El Aynaoui,486734,495,a,55.4,41.6,56.7,74.6,Successful,33.02559613390801,87.74406003634007,Lateral,Short,"[{""type"": ""Zone"", ""value"": ""Center""}, {""type"": ""PassEndX"", ""value"": ""56.7""}, {""type"": ""PassEndY"", ""value"": ""74.6""}, {""type"": ""Length"", ""value"": ""22.5""}, {""type"": ""Angle"", ""value"": ""1.51""}]"
2944993929.0,41,7.0,FirstHalf,Noussair Mazraoui,349932,495,a,57.1,75.8,66.4,94.2,Successful,20.616740770548585,63.18637867086242,Forward,Short,"[{""type"": ""Zone"", ""value"": ""Left""}, {""type"": ""PassEndX"", ""value"": ""66.4""}, {""type"": ""PassEndY"", ""value"": ""94.2""}, {""type"": ""Length"", ""value"": ""15.9""}, {""type"": ""Angle"", ""value"": ""0.91""}]"
2944993931.0,41,9.0,FirstHalf,Bilal El Khannouss,433572,495,a,66.4,94.2,60.0,76.4,Successful,18.915602025840997,-109.77607660263922,Backward,Short,"[{""type"": ""Zone"", ""value"": ""Center""}, {""type"": ""PassEndX"", ""value"": ""60.0""}, {""type"": ""PassEndY"", ""value"": ""76.4""}, {""type"": ""Length"", ""value"": ""13.8""}, {""type"": ""Angle"", ""value"": ""4.21""}]"
2944993933.0,41,13.0,FirstHalf,Noussair Mazraoui,349932,495,a,58.1,77.9,70.0,95.6,Successful,21.32838484273949,56.08641301165962,Forward,Short,"[{""type"": ""Zone"", ""value"": ""Left""}, {""type"": ""PassEndX"", ""value"": ""70.0""}, {""type"": ""PassEndY"", ""value"": ""95.6""}, {""type"": ""Length"", ""value"": ""17.3""}, {""type"": ""Angle"", ""value"": ""0.77""}]"
2944993935.0,41,19.0,FirstHalf,Ismael Saibari,404776,495,a,78.3,91.3,78.7,73.9,Unsuccessful,17.404597093871484,-88.68308759420673,Lateral,Short,"[{""type"": ""Zone"", ""value"": ""Center""}, {""type"": ""PassEndX"", ""value"": ""78.7""}, {""type"": ""PassEndY"", ""value"": ""73.9""}, {""type"": ""Length"", ""value"": ""11.8""}, {""type"": ""Angle"", ""value"": ""4.75""}]"
2944993945.0,41,21.0,FirstHalf,Ryan Christie,128882,424,h,22.9,20.4,13.2,5.5,Successful,17.779201331893397,-123.06439745673255,Backward,Short,"[{""type"": ""Zone"", ""value"": ""Back""}, {""type"": ""PassEndX"", ""value"": ""13.2""}, {""type"": ""PassEndY"", ""value"": ""5.5""}, {""type"": ""Length"", ""value"": ""14.4""}, {""type"": ""Angle"", ""value"": ""3.92""}]"
2944993941.0,41,24.0,FirstHalf,Ismael Saibari,404776,495,a,77.2,96.9,74.8,93.8,Unsuccessful,3.9204591567825418,-127.74680538727465,Lateral,Short,"[{""type"": ""Zone"", ""value"": ""Left""}, {""type"": ""PassEndX"", ""value"": ""74.8""}, {""type"": ""PassEndY"", ""value"": ""93.8""}, {""type"": ""Length"", ""value"": ""3.3""}, {""type"": ""Angle"", ""value"": ""3.84""}]"
2944993957.0,41,40.0,FirstHalf,Nathan Patterson,396975,424,h,20.9,3.5,16.9,19.7,Successful,16.68652150689292,103.86968643850504,Lateral,Short,"[{""type"": ""FreekickTaken""}, {""type"": ""Zone"", ""value"": ""Back""}, {""type"": ""PassEndX"", ""value"": ""16.9""}, {""type"": ""PassEndY"", ""value"": ""19.7""}, {""type"": ""Length"", ""value"": ""11.8""}, {""type"": ""Angle"", ""value"": ""1.94""}]"
2944993959.0,41,42.0,FirstHalf,Grant Hanley,86593,424,h,18.4,18.0,22.2,27.0,Successful,9.76933979345585,67.10944834375167,Lateral,Short,"[{""type"": ""Zone"", ""value"": ""Back""}, {""type"": ""PassEndX"", ""value"": ""22.2""}, {""type"": ""PassEndY"", ""value"": ""27.0""}, {""type"": ""Length"", ""value"": ""7.3""}, {""type"": ""Angle"", ""value"": ""0.99""}]"
2944994021.0,41,43.0,FirstHalf,Lewis Ferguson,396971,424,h,21.0,24.1,23.4,65.0,Successful,40.970355136366585,86.6417514304674,Lateral,Short,"[{""type"": ""Zone"", ""value"": ""Back""}, {""type"": ""PassEndX"", ""value"": ""23.4""}, {""type"": ""PassEndY"", ""value"": ""65.0""}, {""type"": ""Length"", ""value"": ""27.9""}, {""type"": ""Angle"", ""value"": ""1.48""}]"
2944993961.0,41,45.0,FirstHalf,Scott McTominay,336915,424,h,26.8,69.6,36.6,93.6,Successful,25.923734298900687,67.7881693135538,Forward,Short,"[{""type"": ""Zone"", ""value"": ""Back""}, {""type"": ""PassEndX"", ""value"": ""36.6""}, {""type"": ""PassEndY"", ""value"": ""93.6""}, {""type"": ""Length"", ""value"": ""19.3""}, {""type"": ""Angle"", ""value"": ""1.01""}]"
2944993963.0,41,49.0,FirstHalf,Andy Robertson,115726,424,h,42.2,95.0,33.5,86.0,Successful,12.517587627015041,-134.02897806892085,Backward,Short,"[{""type"": ""Zone"", ""value"": ""Back""}, {""type"": ""PassEndX"", ""value"": ""33.5""}, {""type"": ""PassEndY"", ""value"": ""86.0""}, {""type"": ""Length"", ""value"": ""11.0""}, {""type"": ""Angle"", ""value"": ""3.73""}]"
2944993965.0,41,53.0,FirstHalf,Scott McTominay,336915,424,h,33.8,81.2,28.4,34.2,Successful,47.30919572345317,-96.55418059039276,Backward,Short,"[{""type"": ""Longball""}, {""type"": ""Zone"", ""value"": ""Back""}, {""type"": ""PassEndX"", ""value"": ""28.4""}, {""type"": ""PassEndY"", ""value"": ""34.2""}, {""type"": ""Length"", ""value"": ""32.5""}, {""type"": ""Angle"", ""value"": ""4.54""}]"
2944993967.0,41,57.0,FirstHalf,Grant Hanley,86593,424,h,29.9,30.4,30.6,65.5,Successful,35.106979363083916,88.85750057695569,Lateral,Short,"[{""type"": ""Zone"", ""value"": ""Back""}, {""type"": ""PassEndX"", ""value"": ""30.6""}, {""type"": ""PassEndY"", ""value"": ""65.5""}, {""type"": ""Length"", ""value"": ""23.9""}, {""type"": ""Angle"", ""value"": ""1.54""}]"
2944993969.0,41,59.0,FirstHalf,Jack Hendry,280210,424,h,30.8,65.4,36.9,85.7,Successful,21.19669785603408,73.27486522121953,Forward,Short,"[{""type"": ""Zone"", ""value"": ""Back""}, {""type"": ""PassEndX"", ""value"": ""36.9""}, {""type"": ""PassEndY"", ""value"": ""85.7""}, {""type"": ""Length"", ""value"": ""15.2""}, {""type"": ""Angle"", ""value"": ""1.14""}]"
2944993971.0,42,2.0,FirstHalf,Andy Robertson,115726,424,h,36.4,85.3,89.3,62.9,Unsuccessful,57.44710610640017,-22.949764692645214,Forward,Chipped,"[{""type"": ""Longball""}, {""type"": ""Zone"", ""value"": ""Center""}, {""type"": ""PassEndX"", ""value"": ""89.3""}, {""type"": ""PassEndY"", ""value"": ""62.9""}, {""type"": ""Chipped""}, {""type"": ""Length"", ""value"": ""57.6""}, {""type"": ""Angle"", ""value"": ""6.02""}]"
2944993975.0,42,16.0,FirstHalf,Yassine Bounou,136220,495,a,13.0,50.7,44.8,81.0,Successful,43.92413914921953,43.61631303263149,Forward,Short,"[{""type"": ""Longball""}, {""type"": ""Zone"", ""value"": ""Back""}, {""type"": ""PassEndX"", ""value"": ""44.8""}, {""type"": ""PassEndY"", ""value"": ""81.0""}, {""type"": ""Length"", ""value"": ""39.2""}, {""type"": ""Angle"", ""value"": ""0.55""}]"
2944993977.0,42,20.0,FirstHalf,Bilal El Khannouss,433572,495,a,44.6,80.9,64.0,72.9,Unsuccessful,20.984756372185977,-22.409837371493264,Forward,Short,"[{""type"": ""HeadPass""}, {""type"": ""Zone"", ""value"": ""Center""}, {""type"": ""PassEndX"", ""value"": ""64.0""}, {""type"": ""PassEndY"", ""value"": ""72.9""}, {""type"": ""Length"", ""value"": ""21.1""}, {""type"": ""Angle"", ""value"": ""6.02""}]"
2944993981.0,42,25.0,FirstHalf,Grant Hanley,86593,424,h,23.0,6.5,9.9,37.9,Successful,34.023080401398104,112.64577305367372,Backward,Short,"[{""type"": ""Zone"", ""value"": ""Back""}, {""type"": ""PassEndX"", ""value"": ""9.9""}, {""type"": ""PassEndY"", ""value"": ""37.9""}, {""type"": ""Length"", ""value"": ""25.4""}, {""type"": ""Angle"", ""value"": ""2.14""}]"
2944993983.0,42,29.0,FirstHalf,Angus Gunn,318896,424,h,12.1,37.1,15.3,50.3,Successful,13.582341477079712,76.37300514010845,Lateral,Short,"[{""type"": ""Zone"", ""value"": ""Back""}, {""type"": ""PassEndX"", ""value"": ""15.3""}, {""type"": ""PassEndY"", ""value"": ""50.3""}, {""type"": ""Length"", ""value"": ""9.6""}, {""type"": ""Angle"", ""value"": ""1.21""}]"
2944993985.0,42,37.0,FirstHalf,Jack Hendry,280210,424,h,24.2,56.4,28.3,31.2,Successful,25.531353273964935,-80.75903836289298,Lateral,Short,"[{""type"": ""Zone"", ""value"": ""Back""}, {""type"": ""PassEndX"", ""value"": ""28.3""}, {""type"": ""PassEndY"", ""value"": ""31.2""}, {""type"": ""Length"", ""value"": ""17.7""}, {""type"": ""Angle"", ""value"": ""4.96""}]"
2944993987.0,42,41.0,FirstHalf,Grant Hanley,86593,424,h,29.9,27.1,55.9,38.3,Successful,28.309715646752792,23.304890539203104,Forward,Short,"[{""type"": ""Zone"", ""value"": ""Center""}, {""type"": ""PassEndX"", ""value"": ""55.9""}, {""type"": ""PassEndY"", ""value"": ""38.3""}, {""type"": ""Length"", ""value"": ""28.3""}, {""type"": ""Angle"", ""value"": ""0.27""}]"
2944993997.0,43,34.0,FirstHalf,Lewis Ferguson,396971,424,h,70.8,3.8,89.5,48.1,Unsuccessful,48.08513283749979,67.11432707155946,Forward,Cross,"[{""type"": ""Longball""}, {""type"": ""Cross""}, {""type"": ""FreekickTaken""}, {""type"": ""Zone"", ""value"": ""Center""}, {""type"": ""PassEndX"", ""value"": ""89.5""}, {""type"": ""PassEndY"", ""value"": ""48.1""}, {""type"": ""Chipped""}, {""type"": ""Length"", ""value"": ""36.0""}, {""type"": ""Angle"", ""value"": ""0.99""}]"
2944994003.0,43,44.0,FirstHalf,Achraf Hakimi,320834,495,a,18.2,6.7,56.4,5.9,Unsuccessful,38.20837604505065,-1.199736238121378,Forward,Short,"[{""type"": ""Longball""}, {""type"": ""Zone"", ""value"": ""Right""}, {""type"": ""PassEndX"", ""value"": ""56.4""}, {""type"": ""PassEndY"", ""value"": ""5.9""}, {""type"": ""Length"", ""value"": ""40.1""}, {""type"": ""Angle"", ""value"": ""6.27""}]"
2944994007.0,43,46.0,FirstHalf,Ryan Christie,128882,424,h,36.8,90.0,33.6,73.2,Successful,17.102046661145554,-100.7842978675626,Lateral,Short,"[{""type"": ""Zone"", ""value"": ""Back""}, {""type"": ""PassEndX"", ""value"": ""33.6""}, {""type"": ""PassEndY"", ""value"": ""73.2""}, {""type"": ""Length"", ""value"": ""11.9""}, {""type"": ""Angle"", ""value"": ""4.43""}]"
2944994009.0,43,49.0,FirstHalf,Nathan Patterson,396975,424,h,35.0,67.6,43.8,43.6,Successful,25.562472493872725,-69.86369657175187,Forward,Short,"[{""type"": ""Zone"", ""value"": ""Back""}, {""type"": ""PassEndX"", ""value"": ""43.8""}, {""type"": ""PassEndY"", ""value"": ""43.6""}, {""type"": ""Length"", ""value"": ""18.8""}, {""type"": ""Angle"", ""value"": ""5.23""}]"
2944994011.0,43,52.0,FirstHalf,Lewis Ferguson,396971,424,h,45.9,40.4,66.2,10.4,Successful,36.22278288591312,-55.91509797709334,Forward,Short,"[{""type"": ""Zone"", ""value"": ""Right""}, {""type"": ""PassEndX"", ""value"": ""66.2""}, {""type"": ""PassEndY"", ""value"": ""10.4""}, {""type"": ""Length"", ""value"": ""29.5""}, {""type"": ""Angle"", ""value"": ""5.52""}]"
2944994025.0,44,34.0,FirstHalf,Yassine Bounou,136220,495,a,22.8,92.4,76.1,100.0,Unsuccessful,53.83911217692951,8.115052241680186,Forward,Short,"[{""type"": ""Longball""}, {""type"": ""FreekickTaken""}, {""type"": ""Zone"", ""value"": ""Left""}, {""type"": ""PassEndX"", ""value"": ""76.1""}, {""type"": ""PassEndY"", ""value"": ""100.0""}, {""type"": ""Length"", ""value"": ""56.3""}, {""type"": ""Angle"", ""value"": ""0.12""}]"
2944994031.0,44,47.0,FirstHalf,Nathan Patterson,396975,424,h,24.2,0.0,29.1,13.2,Successful,14.080127840328723,69.63446373591098,Lateral,ThrowIn,"[{""type"": ""Zone"", ""value"": ""Back""}, {""type"": ""ThrowIn""}, {""type"": ""PassEndX"", ""value"": ""29.1""}, {""type"": ""PassEndY"", ""value"": ""13.2""}, {""type"": ""Length"", ""value"": ""11.5""}, {""type"": ""Angle"", ""value"": ""1.11""}]"
2944994033.0,44,48.0,FirstHalf,Ryan Christie,128882,424,h,29.1,13.2,9.7,11.6,Successful,19.465867563507157,-175.28524548129505,Backward,Short,"[{""type"": ""Zone"", ""value"": ""Back""}, {""type"": ""PassEndX"", ""value"": ""9.7""}, {""type"": ""PassEndY"", ""value"": ""11.6""}, {""type"": ""Length"", ""value"": ""20.4""}, {""type"": ""Angle"", ""value"": ""3.19""}]"
2944994035.0,44,50.0,FirstHalf,Grant Hanley,86593,424,h,10.5,11.1,8.7,49.9,Successful,38.84173013654258,92.65614720395712,Lateral,Short,"[{""type"": ""Zone"", ""value"": ""Back""}, {""type"": ""PassEndX"", ""value"": ""8.7""}, {""type"": ""PassEndY"", ""value"": ""49.9""}, {""type"": ""Length"", ""value"": ""26.5""}, {""type"": ""Angle"", ""value"": ""1.64""}]"
2944994037.0,44,53.0,FirstHalf,Angus Gunn,318896,424,h,8.0,50.4,22.8,76.6,Successful,30.09119472536775,60.53852502903209,Forward,Short,"[{""type"": ""Zone"", ""value"": ""Back""}, {""type"": ""PassEndX"", ""value"": ""22.8""}, {""type"": ""PassEndY"", ""value"": ""76.6""}, {""type"": ""Length"", ""value"": ""23.6""}, {""type"": ""Angle"", ""value"": ""0.85""}]"
2944994039.0,44,56.0,FirstHalf,Jack Hendry,280210,424,h,15.8,76.7,3.1,57.0,Successful,23.438856627403993,-122.80866352939765,Backward,Short,"[{""type"": ""Zone"", ""value"": ""Back""}, {""type"": ""PassEndX"", ""value"": ""3.1""}, {""type"": ""PassEndY"", ""value"": ""57.0""}, {""type"": ""Length"", ""value"": ""18.9""}, {""type"": ""Angle"", ""value"": ""3.93""}]"
2944994041.0,44,58.0,FirstHalf,Angus Gunn,318896,424,h,1.9,57.0,18.9,61.5,Successful,17.585505395068974,14.826479970355665,Forward,Short,"[{""type"": ""Zone"", ""value"": ""Back""}, {""type"": ""PassEndX"", ""value"": ""18.9""}, {""type"": ""PassEndY"", ""value"": ""61.5""}, {""type"": ""Length"", ""value"": ""18.1""}, {""type"": ""Angle"", ""value"": ""0.17""}]"
2944994043.0,44,59.0,FirstHalf,Lewis Ferguson,396971,424,h,18.9,61.5,15.7,87.1,Successful,25.799224794555354,97.1250163489018,Lateral,Short,"[{""type"": ""Zone"", ""value"": ""Back""}, {""type"": ""PassEndX"", ""value"": ""15.7""}, {""type"": ""PassEndY"", ""value"": ""87.1""}, {""type"": ""Length"", ""value"": ""17.7""}, {""type"": ""Angle"", ""value"": ""1.76""}]"
2944994045.0,45,2.0,FirstHalf,Jack Hendry,280210,424,h,17.0,88.3,27.1,78.2,Successful,14.283556979968257,-44.99999999999998,Forward,Short,"[{""type"": ""Zone"", ""value"": ""Back""}, {""type"": ""PassEndX"", ""value"": ""27.1""}, {""type"": ""PassEndY"", ""value"": ""78.2""}, {""type"": ""Length"", ""value"": ""12.6""}, {""type"": ""Angle"", ""value"": ""5.71""}]"
2944994047.0,45,3.0,FirstHalf,Scott McTominay,336915,424,h,21.6,80.2,4.2,63.9,Successful,23.842189496772317,-136.8695248870384,Backward,Short,"[{""type"": ""Zone"", ""value"": ""Back""}, {""type"": ""PassEndX"", ""value"": ""4.2""}, {""type"": ""PassEndY"", ""value"": ""63.9""}, {""type"": ""Length"", ""value"": ""21.4""}, {""type"": ""Angle"", ""value"": ""3.69""}]"
2944994049.0,45,7.0,FirstHalf,Angus Gunn,318896,424,h,7.0,55.1,17.5,27.0,Successful,29.99766657591887,-69.5110196497258,Forward,Short,"[{""type"": ""Zone"", ""value"": ""Back""}, {""type"": ""PassEndX"", ""value"": ""17.5""}, {""type"": ""PassEndY"", ""value"": ""27.0""}, {""type"": ""Length"", ""value"": ""22.1""}, {""type"": ""Angle"", ""value"": ""5.24""}]"
2944994051.0,45,12.0,FirstHalf,Grant Hanley,86593,424,h,24.3,25.2,31.9,41.6,Successful,18.07539764431201,65.13630342824814,Forward,Short,"[{""type"": ""Zone"", ""value"": ""Back""}, {""type"": ""PassEndX"", ""value"": ""31.9""}, {""type"": ""PassEndY"", ""value"": ""41.6""}, {""type"": ""Length"", ""value"": ""13.7""}, {""type"": ""Angle"", ""value"": ""0.95""}]"
2944994053.0,45,13.0,FirstHalf,Lewis Ferguson,396971,424,h,31.5,41.6,24.5,28.9,Successful,14.501379244747724,-118.86272343828216,Backward,Short,"[{""type"": ""Zone"", ""value"": ""Back""}, {""type"": ""PassEndX"", ""value"": ""24.5""}, {""type"": ""PassEndY"", ""value"": ""28.9""}, {""type"": ""LayOff""}, {""type"": ""Length"", ""value"": ""11.3""}, {""type"": ""Angle"", ""value"": ""4.01""}]"
2944994057.0,45,18.0,FirstHalf,Grant Hanley,86593,424,h,27.1,28.0,27.2,67.5,Successful,39.50012658207566,89.85494770352838,Lateral,Short,"[{""type"": ""Zone"", ""value"": ""Back""}, {""type"": ""PassEndX"", ""value"": ""27.2""}, {""type"": ""PassEndY"", ""value"": ""67.5""}, {""type"": ""Length"", ""value"": ""26.9""}, {""type"": ""Angle"", ""value"": ""1.57""}]"
2944994059.0,45,24.0,FirstHalf,Jack Hendry,280210,424,h,36.8,76.7,54.7,78.7,Successful,18.011385288200355,6.375320974808495,Forward,Short,"[{""type"": ""Zone"", ""value"": ""Center""}, {""type"": ""PassEndX"", ""value"": ""54.7""}, {""type"": ""PassEndY"", ""value"": ""78.7""}, {""type"": ""Length"", ""value"": ""18.8""}, {""type"": ""Angle"", ""value"": ""0.07""}]"
2944994061.0,45,25.0,FirstHalf,Ché Adams,256419,424,h,54.7,78.7,40.1,72.4,Successful,15.90125781188394,-156.65947142944194,Backward,Short,"[{""type"": ""Zone"", ""value"": ""Back""}, {""type"": ""PassEndX"", ""value"": ""40.1""}, {""type"": ""PassEndY"", ""value"": ""72.4""}, {""type"": ""LayOff""}, {""type"": ""Length"", ""value"": ""15.9""}, {""type"": ""Angle"", ""value"": ""3.41""}]"
2944994063.0,45,29.0,FirstHalf,Scott McTominay,336915,424,h,53.7,62.9,71.1,95.3,Successful,36.77662300973269,61.76255446183276,Forward,Short,"[{""type"": ""Zone"", ""value"": ""Left""}, {""type"": ""PassEndX"", ""value"": ""71.1""}, {""type"": ""PassEndY"", ""value"": ""95.3""}, {""type"": ""Length"", ""value"": ""28.6""}, {""type"": ""Angle"", ""value"": ""0.88""}]"
2944994065.0,45,33.0,FirstHalf,Andy Robertson,115726,424,h,71.7,95.0,68.7,74.1,Successful,21.11421322237701,-98.16847862404549,Lateral,Short,"[{""type"": ""Zone"", ""value"": ""Center""}, {""type"": ""PassEndX"", ""value"": ""68.7""}, {""type"": ""PassEndY"", ""value"": ""74.1""}, {""type"": ""Length"", ""value"": ""14.6""}, {""type"": ""Angle"", ""value"": ""4.49""}]"
2944994067.0,45,37.0,FirstHalf,Scott McTominay,336915,424,h,70.5,81.7,56.7,76.4,Successful,14.782760229402353,-158.99031596584004,Backward,Short,"[{""type"": ""Zone"", ""value"": ""Center""}, {""type"": ""PassEndX"", ""value"": ""56.7""}, {""type"": ""PassEndY"", ""value"": ""76.4""}, {""type"": ""Length"", ""value"": ""14.9""}, {""type"": ""Angle"", ""value"": ""3.39""}]"
2944994069.0,45,40.0,FirstHalf,Jack Hendry,280210,424,h,56.3,75.4,60.3,63.6,Successful,12.45953450173802,-71.27421215472744,Lateral,Short,"[{""type"": ""Zone"", ""value"": ""Center""}, {""type"": ""PassEndX"", ""value"": ""60.3""}, {""type"": ""PassEndY"", ""value"": ""63.6""}, {""type"": ""Length"", ""value"": ""9.1""}, {""type"": ""Angle"", ""value"": ""5.19""}]"
2944994071.0,45,42.0,FirstHalf,Lewis Ferguson,396971,424,h,58.0,58.1,63.0,28.9,Successful,29.624989451474917,-80.2833141822149,Lateral,Short,"[{""type"": ""Zone"", ""value"": ""Center""}, {""type"": ""PassEndX"", ""value"": ""63.0""}, {""type"": ""PassEndY"", ""value"": ""28.9""}, {""type"": ""Length"", ""value"": ""20.5""}, {""type"": ""Angle"", ""value"": ""4.97""}]"
2944994073.0,45,44.0,FirstHalf,Ryan Christie,128882,424,h,62.8,30.1,75.1,6.4,Successful,26.701685340067957,-62.57125877832243,Forward,Short,"[{""type"": ""Zone"", ""value"": ""Right""}, {""type"": ""PassEndX"", ""value"": ""75.1""}, {""type"": ""PassEndY"", ""value"": ""6.4""}, {""type"": ""Length"", ""value"": ""20.7""}, {""type"": ""Angle"", ""value"": ""5.39""}]"
2944994075.0,45,47.0,FirstHalf,Nathan Patterson,396975,424,h,79.5,7.7,90.0,78.8,Successful,71.87113467867333,81.59931746368211,Forward,Cross,"[{""type"": ""Longball""}, {""type"": ""Cross""}, {""type"": ""Zone"", ""value"": ""Center""}, {""type"": ""PassEndX"", ""value"": ""90.0""}, {""type"": ""PassEndY"", ""value"": ""78.8""}, {""type"": ""Chipped""}, {""type"": ""Length"", ""value"": ""49.6""}, {""type"": ""Angle"", ""value"": ""1.35""}]"
2944994077.0,45,52.0,FirstHalf,Andy Robertson,115726,424,h,89.7,79.0,97.3,40.1,Successful,39.635463918062065,-78.94521775205573,Forward,Cross,"[{""type"": ""Cross""}, {""type"": ""Zone"", ""value"": ""Center""}, {""type"": ""PassEndX"", ""value"": ""97.3""}, {""type"": ""PassEndY"", ""value"": ""40.1""}, {""type"": ""IntentionalAssist""}, {""type"": ""Chipped""}, {""type"": ""ShotAssist"", ""value"": ""13""}, {""type"": ""Length"", ""value"": ""27.6""}, {""type"": ""Angle"", ""value"": ""5.01""}, {""type"": ""BigChanceCreated""}, {""type"": ""KeyPass""}]"
2944994085.0,46,19.0,FirstHalf,Yassine Bounou,136220,495,a,5.3,54.6,65.1,100.0,Unsuccessful,75.08128928035266,37.205670879488565,Forward,GoalKick,"[{""type"": ""Longball""}, {""type"": ""Zone"", ""value"": ""Left""}, {""type"": ""MissHigh""}, {""type"": ""GoalKick""}, {""type"": ""PassEndX"", ""value"": ""65.1""}, {""type"": ""PassEndY"", ""value"": ""100.0""}, {""type"": ""Length"", ""value"": ""70.5""}, {""type"": ""Angle"", ""value"": ""0.47""}]"
2944994091.0,46,35.0,FirstHalf,Nathan Patterson,396975,424,h,26.8,0.0,31.8,16.1,Successful,16.85852899869974,72.74734783317875,Lateral,ThrowIn,"[{""type"": ""Zone"", ""value"": ""Back""}, {""type"": ""ThrowIn""}, {""type"": ""PassEndX"", ""value"": ""31.8""}, {""type"": ""PassEndY"", ""value"": ""16.1""}, {""type"": ""Length"", ""value"": ""12.8""}, {""type"": ""Angle"", ""value"": ""1.15""}]"
2944994095.0,46,39.0,FirstHalf,Nathan Patterson,396975,424,h,32.7,3.2,48.6,33.6,Successful,34.30699637100281,62.38924889071522,Forward,Chipped,"[{""type"": ""Zone"", ""value"": ""Back""}, {""type"": ""PassEndX"", ""value"": ""48.6""}, {""type"": ""PassEndY"", ""value"": ""33.6""}, {""type"": ""Chipped""}, {""type"": ""Length"", ""value"": ""26.6""}, {""type"": ""Angle"", ""value"": ""0.89""}]"
2944994097.0,46,44.0,FirstHalf,John McGinn,318449,424,h,66.3,55.1,78.1,73.0,Successful,21.43944961980134,56.60641510335712,Forward,Short,"[{""type"": ""Zone"", ""value"": ""Center""}, {""type"": ""PassEndX"", ""value"": ""78.1""}, {""type"": ""PassEndY"", ""value"": ""73.0""}, {""type"": ""Length"", ""value"": ""17.4""}, {""type"": ""Angle"", ""value"": ""0.78""}]"
2944994099.0,46,47.0,FirstHalf,Kieran Tierney,297403,424,h,85.2,74.2,89.9,55.8,Unsuccessful,18.99078724013305,-75.67106033233834,Lateral,Cross,"[{""type"": ""Cross""}, {""type"": ""Zone"", ""value"": ""Center""}, {""type"": ""PassEndX"", ""value"": ""89.9""}, {""type"": ""PassEndY"", ""value"": ""55.8""}, {""type"": ""Chipped""}, {""type"": ""Length"", ""value"": ""13.5""}, {""type"": ""Angle"", ""value"": ""5.09""}]"
2944994107.0,46,52.0,FirstHalf,Kieran Tierney,297403,424,h,76.3,61.8,90.5,70.8,Successful,16.811900546934012,32.36663806472499,Forward,Chipped,"[{""type"": ""Zone"", ""value"": ""Center""}, {""type"": ""PassEndX"", ""value"": ""90.5""}, {""type"": ""PassEndY"", ""value"": ""70.8""}, {""type"": ""Chipped""}, {""type"": ""Length"", ""value"": ""16.1""}, {""type"": ""Angle"", ""value"": ""0.39""}]"
2944994109.0,46,55.0,FirstHalf,Ché Adams,256419,424,h,95.1,76.3,87.8,66.2,Successful,12.461942063739498,-125.85835977647511,Backward,Short,"[{""type"": ""Zone"", ""value"": ""Center""}, {""type"": ""PassEndX"", ""value"": ""87.8""}, {""type"": ""PassEndY"", ""value"": ""66.2""}, {""type"": ""IntentionalAssist""}, {""type"": ""ShotAssist"", ""value"": ""15""}, {""type"": ""Length"", ""value"": ""10.3""}, {""type"": ""Angle"", ""value"": ""3.87""}, {""type"": ""KeyPass""}]"
2944994119.0,47,34.0,FirstHalf,Kieran Tierney,297403,424,h,87.9,100.0,92.2,58.7,Unsuccessful,41.523246501207005,-84.05599615953345,Lateral,ThrowIn,"[{""type"": ""Longball""}, {""type"": ""Zone"", ""value"": ""Center""}, {""type"": ""ThrowIn""}, {""type"": ""PassEndX"", ""value"": ""92.2""}, {""type"": ""PassEndY"", ""value"": ""58.7""}, {""type"": ""Length"", ""value"": ""29.8""}, {""type"": ""Angle"", ""value"": ""4.86""}]"
2944994127.0,47,45.0,FirstHalf,Nathan Patterson,396975,424,h,42.1,30.3,22.2,49.6,Successful,27.721832551258224,135.87690774143067,Backward,Short,"[{""type"": ""Zone"", ""value"": ""Back""}, {""type"": ""PassEndX"", ""value"": ""22.2""}, {""type"": ""PassEndY"", ""value"": ""49.6""}, {""type"": ""Length"", ""value"": ""24.7""}, {""type"": ""Angle"", ""value"": ""2.58""}]"
2944994131.0,47,52.0,FirstHalf,Angus Gunn,318896,424,h,23.3,50.7,29.8,74.8,Successful,24.961169844380287,74.90593717496343,Forward,Short,"[{""type"": ""Zone"", ""value"": ""Back""}, {""type"": ""PassEndX"", ""value"": ""29.8""}, {""type"": ""PassEndY"", ""value"": ""74.8""}, {""type"": ""Length"", ""value"": ""17.8""}, {""type"": ""Angle"", ""value"": ""1.18""}]"
2944994133.0,47,56.0,FirstHalf,Lewis Ferguson,396971,424,h,36.5,77.6,39.3,86.3,Successful,9.139474820797968,72.15979569229651,Lateral,Short,"[{""type"": ""Zone"", ""value"": ""Back""}, {""type"": ""PassEndX"", ""value"": ""39.3""}, {""type"": ""PassEndY"", ""value"": ""86.3""}, {""type"": ""Length"", ""value"": ""6.6""}, {""type"": ""Angle"", ""value"": ""1.11""}]"
2944994135.0,48,0.0,FirstHalf,Andy Robertson,115726,424,h,42.2,82.4,58.7,95.7,Successful,21.19292334719304,38.87091923503198,Forward,Short,"[{""type"": ""Zone"", ""value"": ""Left""}, {""type"": ""PassEndX"", ""value"": ""58.7""}, {""type"": ""PassEndY"", ""value"": ""95.7""}, {""type"": ""Length"", ""value"": ""19.5""}, {""type"": ""Angle"", ""value"": ""0.48""}]"
2944994137.0,48,3.0,FirstHalf,Kieran Tierney,297403,424,h,58.7,96.0,43.6,82.4,Successful,20.321663317750343,-137.99183074596903,Backward,Short,"[{""type"": ""Zone"", ""value"": ""Back""}, {""type"": ""PassEndX"", ""value"": ""43.6""}, {""type"": ""PassEndY"", ""value"": ""82.4""}, {""type"": ""Length"", ""value"": ""18.4""}, {""type"": ""Angle"", ""value"": ""3.67""}]"
2944994139.0,48,5.0,FirstHalf,Andy Robertson,115726,424,h,45.1,83.2,40.4,64.3,Successful,19.475625792256338,-103.96489135099732,Lateral,Short,"[{""type"": ""Zone"", ""value"": ""Back""}, {""type"": ""PassEndX"", ""value"": ""40.4""}, {""type"": ""PassEndY"", ""value"": ""64.3""}, {""type"": ""Length"", ""value"": ""13.8""}, {""type"": ""Angle"", ""value"": ""4.35""}]"
2944994141.0,48,7.0,FirstHalf,Jack Hendry,280210,424,h,42.8,61.8,80.4,0.0,Unsuccessful,72.3394774656273,-58.68307338719278,Forward,Chipped,"[{""type"": ""Longball""}, {""type"": ""Zone"", ""value"": ""Right""}, {""type"": ""PassEndX"", ""value"": ""80.4""}, {""type"": ""PassEndY"", ""value"": ""0.0""}, {""type"": ""Chipped""}, {""type"": ""Length"", ""value"": ""58.0""}, {""type"": ""Angle"", ""value"": ""5.46""}]"
2944994147.0,48,25.0,FirstHalf,Noussair Mazraoui,349932,495,a,17.7,100.0,22.5,86.5,Successful,14.327944723511465,-70.42687416958981,Lateral,ThrowIn,"[{""type"": ""Zone"", ""value"": ""Back""}, {""type"": ""ThrowIn""}, {""type"": ""PassEndX"", ""value"": ""22.5""}, {""type"": ""PassEndY"", ""value"": ""86.5""}, {""type"": ""Length"", ""value"": ""11.4""}, {""type"": ""Angle"", ""value"": ""5.17""}]"
2944994149.0,48,27.0,FirstHalf,Neil El Aynaoui,486734,495,a,22.5,86.5,42.6,91.4,Unsuccessful,20.688644228175033,13.70039866537148,Forward,Short,"[{""type"": ""Longball""}, {""type"": ""Zone"", ""value"": ""Back""}, {""type"": ""PassEndX"", ""value"": ""42.6""}, {""type"": ""PassEndY"", ""value"": ""91.4""}, {""type"": ""Length"", ""value"": ""21.4""}, {""type"": ""Angle"", ""value"": ""0.16""}]"
2944994153.0,48,30.0,FirstHalf,Lewis Ferguson,396971,424,h,64.7,6.1,79.6,45.2,Unsuccessful,41.84280105346677,69.13944860943825,Forward,Short,"[{""type"": ""Longball""}, {""type"": ""Zone"", ""value"": ""Center""}, {""type"": ""PassEndX"", ""value"": ""79.6""}, {""type"": ""PassEndY"", ""value"": ""45.2""}, {""type"": ""Length"", ""value"": ""30.8""}, {""type"": ""Angle"", ""value"": ""1.04""}]"
2944994155.0,48,33.0,FirstHalf,Issa Diop,300359,495,a,21.6,57.3,34.9,58.3,Unsuccessful,13.337541002748592,4.299862820192071,Forward,Short,"[{""type"": ""HeadPass""}, {""type"": ""Zone"", ""value"": ""Back""}, {""type"": ""PassEndX"", ""value"": ""34.9""}, {""type"": ""PassEndY"", ""value"": ""58.3""}, {""type"": ""Length"", ""value"": ""14.0""}, {""type"": ""Angle"", ""value"": ""0.05""}]"
2944994161.0,48,35.0,FirstHalf,Scott McTominay,336915,424,h,65.1,41.7,73.5,50.3,Unsuccessful,12.021647141718976,45.67403689798447,Forward,Short,"[{""type"": ""HeadPass""}, {""type"": ""Zone"", ""value"": ""Center""}, {""type"": ""PassEndX"", ""value"": ""73.5""}, {""type"": ""PassEndY"", ""value"": ""50.3""}, {""type"": ""Length"", ""value"": ""10.6""}, {""type"": ""Angle"", ""value"": ""0.59""}]"
2944994163.0,48,37.0,FirstHalf,Issa Diop,300359,495,a,24.1,55.4,41.9,61.2,Unsuccessful,18.7211110781385,18.047821068771075,Forward,Short,"[{""type"": ""HeadPass""}, {""type"": ""Zone"", ""value"": ""Back""}, {""type"": ""PassEndX"", ""value"": ""41.9""}, {""type"": ""PassEndY"", ""value"": ""61.2""}, {""type"": ""Length"", ""value"": ""19.1""}, {""type"": ""Angle"", ""value"": ""0.21""}]"
2944994165.0,48,39.0,FirstHalf,Jack Hendry,280210,424,h,58.0,38.8,40.7,32.2,Successful,18.516209115258984,-159.11800253475437,Backward,Short,"[{""type"": ""Zone"", ""value"": ""Back""}, {""type"": ""PassEndX"", ""value"": ""40.7""}, {""type"": ""PassEndY"", ""value"": ""32.2""}, {""type"": ""Length"", ""value"": ""18.7""}, {""type"": ""Angle"", ""value"": ""3.38""}]"
2944994167.0,48,43.0,FirstHalf,Grant Hanley,86593,424,h,41.0,33.4,51.9,64.5,Successful,32.9548175537356,70.68533866868694,Forward,Short,"[{""type"": ""Zone"", ""value"": ""Center""}, {""type"": ""PassEndX"", ""value"": ""51.9""}, {""type"": ""PassEndY"", ""value"": ""64.5""}, {""type"": ""Length"", ""value"": ""24.0""}, {""type"": ""Angle"", ""value"": ""1.07""}]"
2944994169.0,48,45.0,FirstHalf,Lewis Ferguson,396971,424,h,52.5,61.5,61.1,96.0,Successful,35.5557309023454,76.0028395952567,Forward,Short,"[{""type"": ""Zone"", ""value"": ""Left""}, {""type"": ""PassEndX"", ""value"": ""61.1""}, {""type"": ""PassEndY"", ""value"": ""96.0""}, {""type"": ""Length"", ""value"": ""25.1""}, {""type"": ""Angle"", ""value"": ""1.20""}]"
2944994171.0,48,50.0,FirstHalf,Andy Robertson,115726,424,h,59.3,94.1,40.4,74.2,Successful,27.44485379811668,-133.52363149018692,Backward,Short,"[{""type"": ""Zone"", ""value"": ""Back""}, {""type"": ""PassEndX"", ""value"": ""40.4""}, {""type"": ""PassEndY"", ""value"": ""74.2""}, {""type"": ""Length"", ""value"": ""24.0""}, {""type"": ""Angle"", ""value"": ""3.74""}]"
2944994173.0,48,52.0,FirstHalf,Lewis Ferguson,396971,424,h,40.4,74.2,54.7,77.9,Successful,14.770917371646222,14.506641597524343,Forward,Short,"[{""type"": ""Zone"", ""value"": ""Center""}, {""type"": ""PassEndX"", ""value"": ""54.7""}, {""type"": ""PassEndY"", ""value"": ""77.9""}, {""type"": ""Length"", ""value"": ""15.2""}, {""type"": ""Angle"", ""value"": ""0.17""}]"
2944994175.0,48,57.0,FirstHalf,Scott McTominay,336915,424,h,45.0,65.5,43.9,31.6,Successful,33.91784191248022,-91.8585029996111,Lateral,Short,"[{""type"": ""Zone"", ""value"": ""Back""}, {""type"": ""PassEndX"", ""value"": ""43.9""}, {""type"": ""PassEndY"", ""value"": ""31.6""}, {""type"": ""Length"", ""value"": ""23.1""}, {""type"": ""Angle"", ""value"": ""4.66""}]"
2944994177.0,49,0.0,FirstHalf,Grant Hanley,86593,424,h,54.4,30.9,89.1,44.9,Unsuccessful,37.41777652399992,21.972016762310833,Forward,Short,"[{""type"": ""Longball""}, {""type"": ""Zone"", ""value"": ""Center""}, {""type"": ""PassEndX"", ""value"": ""89.1""}, {""type"": ""PassEndY"", ""value"": ""44.9""}, {""type"": ""Length"", ""value"": ""37.7""}, {""type"": ""Angle"", ""value"": ""0.26""}]"
2944994181.0,49,15.0,FirstHalf,Yassine Bounou,136220,495,a,14.2,65.5,74.7,73.6,Unsuccessful,61.03982306658498,7.625657644826722,Forward,Short,"[{""type"": ""Longball""}, {""type"": ""Zone"", ""value"": ""Center""}, {""type"": ""PassEndX"", ""value"": ""74.7""}, {""type"": ""PassEndY"", ""value"": ""73.6""}, {""type"": ""Length"", ""value"": ""63.8""}, {""type"": ""Angle"", ""value"": ""0.09""}]"
2944994201.0,49,26.0,FirstHalf,Neil El Aynaoui,486734,495,a,62.4,80.4,66.2,93.1,Successful,13.25631924781535,73.34215444342131,Lateral,Short,"[{""type"": ""Zone"", ""value"": ""Left""}, {""type"": ""PassEndX"", ""value"": ""66.2""}, {""type"": ""PassEndY"", ""value"": ""93.1""}, {""type"": ""Length"", ""value"": ""9.5""}, {""type"": ""Angle"", ""value"": ""1.14""}]"
2944994203.0,49,29.0,FirstHalf,Bilal El Khannouss,433572,495,a,66.2,93.1,72.1,82.9,Successful,11.78346298844273,-59.953564753189504,Forward,Short,"[{""type"": ""Zone"", ""value"": ""Left""}, {""type"": ""PassEndX"", ""value"": ""72.1""}, {""type"": ""PassEndY"", ""value"": ""82.9""}, {""type"": ""Length"", ""value"": ""9.3""}, {""type"": ""Angle"", ""value"": ""5.44""}]"
2944994205.0,49,30.0,FirstHalf,Ismael Saibari,404776,495,a,72.1,82.9,62.3,87.5,Successful,10.825894882179481,154.8552143693211,Backward,Short,"[{""type"": ""Zone"", ""value"": ""Left""}, {""type"": ""PassEndX"", ""value"": ""62.3""}, {""type"": ""PassEndY"", ""value"": ""87.5""}, {""type"": ""Length"", ""value"": ""10.8""}, {""type"": ""Angle"", ""value"": ""2.85""}]"
2944994207.0,49,31.0,FirstHalf,Neil El Aynaoui,486734,495,a,62.3,87.5,56.7,89.3,Successful,5.882176467941091,162.18111108547723,Backward,Short,"[{""type"": ""Zone"", ""value"": ""Left""}, {""type"": ""PassEndX"", ""value"": ""56.7""}, {""type"": ""PassEndY"", ""value"": ""89.3""}, {""type"": ""Length"", ""value"": ""6.0""}, {""type"": ""Angle"", ""value"": ""2.94""}]"
2944994209.0,49,32.0,FirstHalf,Noussair Mazraoui,349932,495,a,56.7,89.3,43.1,70.1,Successful,23.52870587176439,-125.31121343963319,Backward,Short,"[{""type"": ""Zone"", ""value"": ""Back""}, {""type"": ""PassEndX"", ""value"": ""43.1""}, {""type"": ""PassEndY"", ""value"": ""70.1""}, {""type"": ""Length"", ""value"": ""19.3""}, {""type"": ""Angle"", ""value"": ""3.88""}]"
2944994211.0,49,42.0,FirstHalf,Chadi Riad,454342,495,a,45.6,61.2,49.6,30.0,Successful,31.45536520214,-82.69424046668918,Lateral,Short,"[{""type"": ""Zone"", ""value"": ""Back""}, {""type"": ""PassEndX"", ""value"": ""49.6""}, {""type"": ""PassEndY"", ""value"": ""30.0""}, {""type"": ""Length"", ""value"": ""21.6""}, {""type"": ""Angle"", ""value"": ""4.91""}]"
2944994213.0,49,45.0,FirstHalf,Brahim Díaz,317541,495,a,49.6,30.0,44.5,36.1,Successful,7.951100552753689,129.8978347476418,Backward,Short,"[{""type"": ""Zone"", ""value"": ""Back""}, {""type"": ""PassEndX"", ""value"": ""44.5""}, {""type"": ""PassEndY"", ""value"": ""36.1""}, {""type"": ""Length"", ""value"": ""6.8""}, {""type"": ""Angle"", ""value"": ""2.48""}]"
2944994215.0,49,45.0,FirstHalf,Issa Diop,300359,495,a,44.5,36.3,49.8,30.5,Successful,7.856844150166142,-47.57914750028342,Forward,Short,"[{""type"": ""Zone"", ""value"": ""Back""}, {""type"": ""PassEndX"", ""value"": ""49.8""}, {""type"": ""PassEndY"", ""value"": ""30.5""}, {""type"": ""Length"", ""value"": ""6.8""}, {""type"": ""Angle"", ""value"": ""5.67""}]"
2944994217.0,49,46.0,FirstHalf,Brahim Díaz,317541,495,a,49.8,30.5,44.6,56.1,Successful,26.122786987609114,101.48199135474809,Backward,Short,"[{""type"": ""Zone"", ""value"": ""Back""}, {""type"": ""PassEndX"", ""value"": ""44.6""}, {""type"": ""PassEndY"", ""value"": ""56.1""}, {""type"": ""Length"", ""value"": ""18.2""}, {""type"": ""Angle"", ""value"": ""1.87""}]"
2944994219.0,49,48.0,FirstHalf,Chadi Riad,454342,495,a,44.6,56.1,48.9,66.7,Successful,11.438968484964018,67.91955483246666,Lateral,Short,"[{""type"": ""Zone"", ""value"": ""Back""}, {""type"": ""PassEndX"", ""value"": ""48.9""}, {""type"": ""PassEndY"", ""value"": ""66.7""}, {""type"": ""Length"", ""value"": ""8.5""}, {""type"": ""Angle"", ""value"": ""1.01""}]"
2944994221.0,49,51.0,FirstHalf,Neil El Aynaoui,486734,495,a,49.8,64.4,43.3,53.1,Successful,13.036103712382781,-119.90842732140511,Backward,Short,"[{""type"": ""Zone"", ""value"": ""Back""}, {""type"": ""PassEndX"", ""value"": ""43.3""}, {""type"": ""PassEndY"", ""value"": ""53.1""}, {""type"": ""Length"", ""value"": ""10.3""}, {""type"": ""Angle"", ""value"": ""3.99""}]"
2944994223.0,49,54.0,FirstHalf,Chadi Riad,454342,495,a,43.3,54.3,48.1,68.0,Successful,14.51654228802438,70.69132706511081,Lateral,Short,"[{""type"": ""Zone"", ""value"": ""Back""}, {""type"": ""PassEndX"", ""value"": ""48.1""}, {""type"": ""PassEndY"", ""value"": ""68.0""}, {""type"": ""Length"", ""value"": ""10.6""}, {""type"": ""Angle"", ""value"": ""1.07""}]"
2944994225.0,49,55.0,FirstHalf,Neil El Aynaoui,486734,495,a,48.1,68.0,32.0,53.8,Successful,21.467417171145673,-138.58810667388923,Backward,Short,"[{""type"": ""Zone"", ""value"": ""Back""}, {""type"": ""PassEndX"", ""value"": ""32.0""}, {""type"": ""PassEndY"", ""value"": ""53.8""}, {""type"": ""Length"", ""value"": ""19.5""}, {""type"": ""Angle"", ""value"": ""3.66""}]"
2944994229.0,50,1.0,FirstHalf,Chadi Riad,454342,495,a,32.0,53.8,33.4,28.9,Successful,24.9393263742227,-86.7819387162058,Lateral,Short,"[{""type"": ""Zone"", ""value"": ""Back""}, {""type"": ""PassEndX"", ""value"": ""33.4""}, {""type"": ""PassEndY"", ""value"": ""28.9""}, {""type"": ""Length"", ""value"": ""17.0""}, {""type"": ""Angle"", ""value"": ""4.80""}]"
2944994295.0,45,0.0,SecondHalf,Lewis Ferguson,396971,424,h,50.1,50.0,85.2,100.0,Unsuccessful,61.09017924347579,54.9311449547639,Forward,Short,"[{""type"": ""Longball""}, {""type"": ""Zone"", ""value"": ""Left""}, {""type"": ""PassEndX"", ""value"": ""85.2""}, {""type"": ""PassEndY"", ""value"": ""100.0""}, {""type"": ""Length"", ""value"": ""50.9""}, {""type"": ""Angle"", ""value"": ""0.76""}]"
2944994319.0,45,18.0,SecondHalf,Achraf Hakimi,320834,495,a,5.4,0.0,10.2,14.3,Successful,15.084097586531321,71.44493441486806,Lateral,ThrowIn,"[{""type"": ""Zone"", ""value"": ""Back""}, {""type"": ""ThrowIn""}, {""type"": ""PassEndX"", ""value"": ""10.2""}, {""type"": ""PassEndY"", ""value"": ""14.3""}, {""type"": ""Length"", ""value"": ""12.2""}, {""type"": ""Angle"", ""value"": ""1.14""}]"
2944994321.0,45,21.0,SecondHalf,Ayyoub Bouaddi,504830,495,a,6.1,12.4,2.0,4.3,Successful,9.078546139112806,-116.84729411334884,Lateral,Short,"[{""type"": ""Zone"", ""value"": ""Back""}, {""type"": ""PassEndX"", ""value"": ""2.0""}, {""type"": ""PassEndY"", ""value"": ""4.3""}, {""type"": ""Length"", ""value"": ""7.0""}, {""type"": ""Angle"", ""value"": ""4.05""}]"
2944994325.0,45,22.0,SecondHalf,Achraf Hakimi,320834,495,a,2.0,4.3,36.6,13.5,Unsuccessful,35.80223456713282,14.89018236732713,Forward,Short,"[{""type"": ""Longball""}, {""type"": ""Zone"", ""value"": ""Back""}, {""type"": ""PassEndX"", ""value"": ""36.6""}, {""type"": ""PassEndY"", ""value"": ""13.5""}, {""type"": ""Length"", ""value"": ""36.9""}, {""type"": ""Angle"", ""value"": ""0.17""}]"
2944994329.0,45,26.0,SecondHalf,Jack Hendry,280210,424,h,61.8,78.8,69.6,67.5,Successful,13.730622709840945,-55.38402068762015,Forward,Short,"[{""type"": ""HeadPass""}, {""type"": ""Zone"", ""value"": ""Center""}, {""type"": ""PassEndX"", ""value"": ""69.6""}, {""type"": ""PassEndY"", ""value"": ""67.5""}, {""type"": ""Length"", ""value"": ""11.2""}, {""type"": ""Angle"", ""value"": ""5.53""}]"
2944994331.0,45,27.0,SecondHalf,Ryan Christie,128882,424,h,68.4,67.5,53.4,79.4,Successful,19.147062437878045,141.57386002428584,Backward,Short,"[{""type"": ""HeadPass""}, {""type"": ""Zone"", ""value"": ""Left""}, {""type"": ""PassEndX"", ""value"": ""53.4""}, {""type"": ""PassEndY"", ""value"": ""79.4""}, {""type"": ""Length"", ""value"": ""17.7""}, {""type"": ""Angle"", ""value"": ""2.67""}]"
2944994333.0,45,28.0,SecondHalf,Jack Hendry,280210,424,h,52.6,80.0,66.7,70.8,Successful,16.835973390332978,-33.1237355962404,Forward,Short,"[{""type"": ""HeadPass""}, {""type"": ""Zone"", ""value"": ""Center""}, {""type"": ""PassEndX"", ""value"": ""66.7""}, {""type"": ""PassEndY"", ""value"": ""70.8""}, {""type"": ""Length"", ""value"": ""16.1""}, {""type"": ""Angle"", ""value"": ""5.88""}]"
2944994339.0,45,29.0,SecondHalf,Lewis Ferguson,396971,424,h,66.7,70.8,30.8,49.9,Successful,41.540582566930865,-149.7932039430179,Backward,Short,"[{""type"": ""Longball""}, {""type"": ""Zone"", ""value"": ""Back""}, {""type"": ""PassEndX"", ""value"": ""30.8""}, {""type"": ""PassEndY"", ""value"": ""49.9""}, {""type"": ""Length"", ""value"": ""40.3""}, {""type"": ""Angle"", ""value"": ""3.50""}]"
2944994345.0,45,32.0,SecondHalf,Angus Gunn,318896,424,h,30.8,49.9,73.0,20.9,Unsuccessful,51.20390610099976,-34.49699698108216,Forward,Short,"[{""type"": ""Longball""}, {""type"": ""Zone"", ""value"": ""Right""}, {""type"": ""PassEndX"", ""value"": ""73.0""}, {""type"": ""PassEndY"", ""value"": ""20.9""}, {""type"": ""Length"", ""value"": ""48.5""}, {""type"": ""Angle"", ""value"": ""5.86""}]"
2944994351.0,45,35.0,SecondHalf,Noussair Mazraoui,349932,495,a,27.5,78.9,34.3,94.6,Successful,17.109354166653972,66.58154955430477,Forward,Short,"[{""type"": ""HeadPass""}, {""type"": ""Zone"", ""value"": ""Back""}, {""type"": ""PassEndX"", ""value"": ""34.3""}, {""type"": ""PassEndY"", ""value"": ""94.6""}, {""type"": ""Length"", ""value"": ""12.8""}, {""type"": ""Angle"", ""value"": ""0.98""}]"
2944994355.0,45,40.0,SecondHalf,Bilal El Khannouss,433572,495,a,30.2,94.9,39.6,84.0,Unsuccessful,14.393401265857914,-49.22599817795846,Forward,Short,"[{""type"": ""Zone"", ""value"": ""Back""}, {""type"": ""PassEndX"", ""value"": ""39.6""}, {""type"": ""PassEndY"", ""value"": ""84.0""}, {""type"": ""Length"", ""value"": ""12.3""}, {""type"": ""Angle"", ""value"": ""5.64""}]"
2944994365.0,45,43.0,SecondHalf,Nathan Patterson,396975,424,h,62.9,6.1,40.2,23.1,Successful,28.3600070521853,143.1705083978899,Backward,Short,"[{""type"": ""Zone"", ""value"": ""Back""}, {""type"": ""PassEndX"", ""value"": ""40.2""}, {""type"": ""PassEndY"", ""value"": ""23.1""}, {""type"": ""Length"", ""value"": ""26.5""}, {""type"": ""Angle"", ""value"": ""2.69""}]"
2944994373.0,45,46.0,SecondHalf,Grant Hanley,86593,424,h,40.0,23.6,33.7,56.6,Successful,33.59598190260258,100.80823094031979,Backward,Short,"[{""type"": ""Zone"", ""value"": ""Back""}, {""type"": ""PassEndX"", ""value"": ""33.7""}, {""type"": ""PassEndY"", ""value"": ""56.6""}, {""type"": ""Length"", ""value"": ""23.4""}, {""type"": ""Angle"", ""value"": ""1.86""}]"
2944994377.0,45,50.0,SecondHalf,Jack Hendry,280210,424,h,32.0,62.6,37.1,80.2,Successful,18.32402794147619,73.8398533074364,Forward,Short,"[{""type"": ""Zone"", ""value"": ""Back""}, {""type"": ""PassEndX"", ""value"": ""37.1""}, {""type"": ""PassEndY"", ""value"": ""80.2""}, {""type"": ""Length"", ""value"": ""13.1""}, {""type"": ""Angle"", ""value"": ""1.15""}]"
2944994379.0,45,51.0,SecondHalf,Andy Robertson,115726,424,h,37.1,80.2,32.0,63.4,Successful,17.557049866079442,-106.88679112394404,Backward,Short,"[{""type"": ""Zone"", ""value"": ""Back""}, {""type"": ""PassEndX"", ""value"": ""32.0""}, {""type"": ""PassEndY"", ""value"": ""63.4""}, {""type"": ""Length"", ""value"": ""12.6""}, {""type"": ""Angle"", ""value"": ""4.27""}]"
2944994385.0,45,54.0,SecondHalf,Jack Hendry,280210,424,h,32.2,61.2,31.6,24.0,Successful,37.20483839502599,-90.92404535277271,Lateral,Short,"[{""type"": ""Zone"", ""value"": ""Back""}, {""type"": ""PassEndX"", ""value"": ""31.6""}, {""type"": ""PassEndY"", ""value"": ""24.0""}, {""type"": ""Length"", ""value"": ""25.3""}, {""type"": ""Angle"", ""value"": ""4.69""}]"
2944994389.0,45,57.0,SecondHalf,Grant Hanley,86593,424,h,32.7,20.1,69.9,21.5,Successful,37.22633476451852,2.1552756207914916,Forward,Chipped,"[{""type"": ""Longball""}, {""type"": ""Zone"", ""value"": ""Center""}, {""type"": ""PassEndX"", ""value"": ""69.9""}, {""type"": ""PassEndY"", ""value"": ""21.5""}, {""type"": ""Chipped""}, {""type"": ""Length"", ""value"": ""39.1""}, {""type"": ""Angle"", ""value"": ""0.02""}]"
2944994391.0,46,2.0,SecondHalf,John McGinn,318449,424,h,69.7,21.2,72.1,7.7,Successful,13.711673858431725,-79.91940201245771,Lateral,Short,"[{""type"": ""Zone"", ""value"": ""Right""}, {""type"": ""PassEndX"", ""value"": ""72.1""}, {""type"": ""PassEndY"", ""value"": ""7.7""}, {""type"": ""Length"", ""value"": ""9.5""}, {""type"": ""Angle"", ""value"": ""4.98""}]"
2944994401.0,46,5.0,SecondHalf,Ryan Christie,128882,424,h,71.9,11.4,58.8,28.0,Successful,21.14639449173311,128.2789704243618,Backward,Short,"[{""type"": ""Zone"", ""value"": ""Center""}, {""type"": ""PassEndX"", ""value"": ""58.8""}, {""type"": ""PassEndY"", ""value"": ""28.0""}, {""type"": ""Length"", ""value"": ""17.8""}, {""type"": ""Angle"", ""value"": ""2.45""}]"
2944994409.0,46,8.0,SecondHalf,Grant Hanley,86593,424,h,57.7,30.7,54.4,49.4,Successful,18.988944151795277,100.00797980144135,Lateral,Short,"[{""type"": ""Zone"", ""value"": ""Center""}, {""type"": ""PassEndX"", ""value"": ""54.4""}, {""type"": ""PassEndY"", ""value"": ""49.4""}, {""type"": ""Length"", ""value"": ""13.2""}, {""type"": ""Angle"", ""value"": ""1.84""}]"
2944994411.0,46,11.0,SecondHalf,Jack Hendry,280210,424,h,54.4,49.4,65.9,58.4,Successful,14.603081866510239,38.04704253182607,Forward,Short,"[{""type"": ""Zone"", ""value"": ""Center""}, {""type"": ""PassEndX"", ""value"": ""65.9""}, {""type"": ""PassEndY"", ""value"": ""58.4""}, {""type"": ""Length"", ""value"": ""13.5""}, {""type"": ""Angle"", ""value"": ""0.47""}]"
2944994413.0,46,14.0,SecondHalf,Scott McTominay,336915,424,h,66.0,51.5,60.4,34.3,Successful,18.088670487352022,-108.03428556712987,Backward,Short,"[{""type"": ""Zone"", ""value"": ""Center""}, {""type"": ""PassEndX"", ""value"": ""60.4""}, {""type"": ""PassEndY"", ""value"": ""34.3""}, {""type"": ""Length"", ""value"": ""13.1""}, {""type"": ""Angle"", ""value"": ""4.25""}]"
2944994415.0,46,15.0,SecondHalf,Lewis Ferguson,396971,424,h,60.4,34.3,66.3,5.9,Successful,29.006378608850845,-78.26394044414022,Forward,Short,"[{""type"": ""Zone"", ""value"": ""Right""}, {""type"": ""PassEndX"", ""value"": ""66.3""}, {""type"": ""PassEndY"", ""value"": ""5.9""}, {""type"": ""Length"", ""value"": ""20.3""}, {""type"": ""Angle"", ""value"": ""5.02""}]"
2944994419.0,46,18.0,SecondHalf,Nathan Patterson,396975,424,h,67.8,5.0,61.2,27.1,Successful,23.06447484769597,106.62786248581732,Backward,Short,"[{""type"": ""Zone"", ""value"": ""Center""}, {""type"": ""PassEndX"", ""value"": ""61.2""}, {""type"": ""PassEndY"", ""value"": ""27.1""}, {""type"": ""Length"", ""value"": ""16.5""}, {""type"": ""Angle"", ""value"": ""2.00""}]"
2944994425.0,46,23.0,SecondHalf,Lewis Ferguson,396971,424,h,66.2,38.0,64.0,66.1,Successful,28.185989427373304,94.47665874841063,Lateral,Short,"[{""type"": ""Zone"", ""value"": ""Center""}, {""type"": ""PassEndX"", ""value"": ""64.0""}, {""type"": ""PassEndY"", ""value"": ""66.1""}, {""type"": ""Length"", ""value"": ""19.2""}, {""type"": ""Angle"", ""value"": ""1.69""}]"
2944994433.0,46,25.0,SecondHalf,Jack Hendry,280210,424,h,65.9,69.1,78.5,96.3,Successful,29.97665758552811,65.14476286706355,Forward,Short,"[{""type"": ""Zone"", ""value"": ""Left""}, {""type"": ""PassEndX"", ""value"": ""78.5""}, {""type"": ""PassEndY"", ""value"": ""96.3""}, {""type"": ""Length"", ""value"": ""22.7""}, {""type"": ""Angle"", ""value"": ""0.95""}]"
2944994435.0,46,31.0,SecondHalf,Andy Robertson,115726,424,h,76.3,95.9,71.9,86.2,Successful,10.651291001564083,-114.39943592417508,Lateral,Short,"[{""type"": ""Zone"", ""value"": ""Left""}, {""type"": ""PassEndX"", ""value"": ""71.9""}, {""type"": ""PassEndY"", ""value"": ""86.2""}, {""type"": ""Length"", ""value"": ""8.1""}, {""type"": ""Angle"", ""value"": ""4.10""}]"
2944994437.0,46,33.0,SecondHalf,Ryan Christie,128882,424,h,73.4,88.4,59.8,78.5,Successful,16.821712160181566,-143.94758475481564,Backward,Short,"[{""type"": ""Zone"", ""value"": ""Center""}, {""type"": ""PassEndX"", ""value"": ""59.8""}, {""type"": ""PassEndY"", ""value"": ""78.5""}, {""type"": ""Length"", ""value"": ""15.8""}, {""type"": ""Angle"", ""value"": ""3.58""}]"
2944994439.0,46,35.0,SecondHalf,Jack Hendry,280210,424,h,59.3,78.5,67.2,88.9,Successful,13.060245020672477,52.779137190914355,Forward,Short,"[{""type"": ""Zone"", ""value"": ""Left""}, {""type"": ""PassEndX"", ""value"": ""67.2""}, {""type"": ""PassEndY"", ""value"": ""88.9""}, {""type"": ""Length"", ""value"": ""10.9""}, {""type"": ""Angle"", ""value"": ""0.71""}]"
2944994441.0,46,37.0,SecondHalf,Ryan Christie,128882,424,h,68.0,89.6,65.1,67.0,Successful,22.78530228019808,-97.31215486529824,Lateral,Short,"[{""type"": ""Zone"", ""value"": ""Center""}, {""type"": ""PassEndX"", ""value"": ""65.1""}, {""type"": ""PassEndY"", ""value"": ""67.0""}, {""type"": ""Length"", ""value"": ""15.7""}, {""type"": ""Angle"", ""value"": ""4.52""}]"
2944994443.0,46,39.0,SecondHalf,Lewis Ferguson,396971,424,h,64.6,69.4,64.2,41.9,Successful,27.5029089370561,-90.8333343902814,Lateral,Short,"[{""type"": ""Zone"", ""value"": ""Center""}, {""type"": ""PassEndX"", ""value"": ""64.2""}, {""type"": ""PassEndY"", ""value"": ""41.9""}, {""type"": ""Length"", ""value"": ""18.7""}, {""type"": ""Angle"", ""value"": ""4.69""}]"
2944994447.0,46,40.0,SecondHalf,Scott McTominay,336915,424,h,65.7,40.9,53.3,46.1,Successful,13.446189051177294,157.24902365721235,Backward,Short,"[{""type"": ""Zone"", ""value"": ""Center""}, {""type"": ""PassEndX"", ""value"": ""53.3""}, {""type"": ""PassEndY"", ""value"": ""46.1""}, {""type"": ""Length"", ""value"": ""13.5""}, {""type"": ""Angle"", ""value"": ""2.88""}]"
2944994449.0,46,42.0,SecondHalf,Grant Hanley,86593,424,h,52.9,45.7,58.1,47.6,Successful,5.536244214266566,20.071525864538707,Forward,Short,"[{""type"": ""Zone"", ""value"": ""Center""}, {""type"": ""PassEndX"", ""value"": ""58.1""}, {""type"": ""PassEndY"", ""value"": ""47.6""}, {""type"": ""Length"", ""value"": ""5.6""}, {""type"": ""Angle"", ""value"": ""0.23""}]"
2944994453.0,46,43.0,SecondHalf,Lewis Ferguson,396971,424,h,58.1,47.6,43.3,37.7,Successful,17.805897899291686,-146.22068678371528,Backward,Short,"[{""type"": ""Zone"", ""value"": ""Back""}, {""type"": ""PassEndX"", ""value"": ""43.3""}, {""type"": ""PassEndY"", ""value"": ""37.7""}, {""type"": ""Length"", ""value"": ""16.9""}, {""type"": ""Angle"", ""value"": ""3.55""}]"
2944994457.0,46,46.0,SecondHalf,Grant Hanley,86593,424,h,44.0,36.7,57.9,21.6,Successful,20.52364490045567,-47.36950806425529,Forward,Short,"[{""type"": ""Zone"", ""value"": ""Center""}, {""type"": ""PassEndX"", ""value"": ""57.9""}, {""type"": ""PassEndY"", ""value"": ""21.6""}, {""type"": ""Length"", ""value"": ""17.8""}, {""type"": ""Angle"", ""value"": ""5.67""}]"
2944994463.0,46,49.0,SecondHalf,Scott McTominay,336915,424,h,47.2,20.7,36.3,30.9,Successful,14.928161306738353,136.90011096557686,Backward,Short,"[{""type"": ""Zone"", ""value"": ""Back""}, {""type"": ""PassEndX"", ""value"": ""36.3""}, {""type"": ""PassEndY"", ""value"": ""30.9""}, {""type"": ""Length"", ""value"": ""13.4""}, {""type"": ""Angle"", ""value"": ""2.60""}]"
2944994467.0,46,52.0,SecondHalf,Grant Hanley,86593,424,h,36.3,33.1,36.5,73.2,Successful,40.10049875001557,89.71423788312346,Lateral,Short,"[{""type"": ""Zone"", ""value"": ""Back""}, {""type"": ""PassEndX"", ""value"": ""36.5""}, {""type"": ""PassEndY"", ""value"": ""73.2""}, {""type"": ""Length"", ""value"": ""27.3""}, {""type"": ""Angle"", ""value"": ""1.56""}]"
2944994475.0,46,57.0,SecondHalf,Jack Hendry,280210,424,h,59.4,79.4,71.2,96.3,Successful,20.61188977265306,55.07629747118671,Forward,Short,"[{""type"": ""Zone"", ""value"": ""Left""}, {""type"": ""PassEndX"", ""value"": ""71.2""}, {""type"": ""PassEndY"", ""value"": ""96.3""}, {""type"": ""Length"", ""value"": ""16.9""}, {""type"": ""Angle"", ""value"": ""0.75""}]"
2944994479.0,47,0.0,SecondHalf,Andy Robertson,115726,424,h,81.8,97.3,87.7,70.3,Unsuccessful,27.637112729082247,-77.67357057621504,Forward,Cross,"[{""type"": ""Cross""}, {""type"": ""Zone"", ""value"": ""Center""}, {""type"": ""LeftFoot""}, {""type"": ""PassEndX"", ""value"": ""87.7""}, {""type"": ""PassEndY"", ""value"": ""70.3""}, {""type"": ""Chipped""}, {""type"": ""Length"", ""value"": ""19.4""}, {""type"": ""Angle"", ""value"": ""5.04""}]"
2944994515.0,47,33.0,SecondHalf,Kieran Tierney,297403,424,h,90.6,100.0,90.6,67.5,Successful,32.5,-90.0,Lateral,ThrowIn,"[{""type"": ""Longball""}, {""type"": ""Zone"", ""value"": ""Center""}, {""type"": ""ThrowIn""}, {""type"": ""PassEndX"", ""value"": ""90.6""}, {""type"": ""PassEndY"", ""value"": ""67.5""}, {""type"": ""Length"", ""value"": ""23.3""}, {""type"": ""Angle"", ""value"": ""4.71""}]"
2944994525.0,47,37.0,SecondHalf,Grant Hanley,86593,424,h,90.6,67.5,87.6,47.0,Unsuccessful,20.71834935510066,-98.32565033042684,Lateral,Short,"[{""type"": ""HeadPass""}, {""type"": ""Zone"", ""value"": ""Center""}, {""type"": ""PassEndX"", ""value"": ""87.6""}, {""type"": ""PassEndY"", ""value"": ""47.0""}, {""type"": ""Length"", ""value"": ""14.3""}, {""type"": ""Angle"", ""value"": ""4.49""}]"
2944994529.0,47,40.0,SecondHalf,Andy Robertson,115726,424,h,74.1,73.2,79.9,93.2,Successful,20.82402458700047,73.82784098421743,Forward,Short,"[{""type"": ""HeadPass""}, {""type"": ""Zone"", ""value"": ""Left""}, {""type"": ""PassEndX"", ""value"": ""79.9""}, {""type"": ""PassEndY"", ""value"": ""93.2""}, {""type"": ""Length"", ""value"": ""14.9""}, {""type"": ""Angle"", ""value"": ""1.15""}]"
2944994531.0,47,43.0,SecondHalf,Kieran Tierney,297403,424,h,79.4,95.3,70.3,79.4,Successful,18.319934497699492,-119.78367328797707,Backward,Short,"[{""type"": ""Zone"", ""value"": ""Left""}, {""type"": ""PassEndX"", ""value"": ""70.3""}, {""type"": ""PassEndY"", ""value"": ""79.4""}, {""type"": ""Length"", ""value"": ""14.4""}, {""type"": ""Angle"", ""value"": ""3.99""}]"
2944994535.0,47,45.0,SecondHalf,Lewis Ferguson,396971,424,h,69.1,77.9,53.4,58.4,Successful,25.034775812856804,-128.83852189632938,Backward,Short,"[{""type"": ""Zone"", ""value"": ""Center""}, {""type"": ""PassEndX"", ""value"": ""53.4""}, {""type"": ""PassEndY"", ""value"": ""58.4""}, {""type"": ""Length"", ""value"": ""21.2""}, {""type"": ""Angle"", ""value"": ""3.82""}]"
2944994537.0,47,47.0,SecondHalf,Nathan Patterson,396975,424,h,53.5,58.4,64.0,65.2,Successful,12.509596316428443,32.927862653164155,Forward,Short,"[{""type"": ""Zone"", ""value"": ""Center""}, {""type"": ""PassEndX"", ""value"": ""64.0""}, {""type"": ""PassEndY"", ""value"": ""65.2""}, {""type"": ""Length"", ""value"": ""12.0""}, {""type"": ""Angle"", ""value"": ""0.40""}]"
2944994543.0,47,49.0,SecondHalf,Ryan Christie,128882,424,h,63.7,63.6,46.8,60.3,Successful,17.21917535772257,-168.95109432834525,Backward,Short,"[{""type"": ""Zone"", ""value"": ""Back""}, {""type"": ""PassEndX"", ""value"": ""46.8""}, {""type"": ""PassEndY"", ""value"": ""60.3""}, {""type"": ""Length"", ""value"": ""17.9""}, {""type"": ""Angle"", ""value"": ""3.27""}]"
2944994547.0,47,52.0,SecondHalf,Nathan Patterson,396975,424,h,46.4,64.6,69.5,89.1,Unsuccessful,33.67283771825594,46.68468431789629,Forward,Chipped,"[{""type"": ""Zone"", ""value"": ""Left""}, {""type"": ""PassEndX"", ""value"": ""69.5""}, {""type"": ""PassEndY"", ""value"": ""89.1""}, {""type"": ""Chipped""}, {""type"": ""Length"", ""value"": ""29.4""}, {""type"": ""Angle"", ""value"": ""0.60""}]"
2944994555.0,48,1.0,SecondHalf,Brahim Díaz,317541,495,a,53.3,28.0,66.5,32.0,Successful,13.792751719653337,16.858398767738276,Forward,Short,"[{""type"": ""Zone"", ""value"": ""Center""}, {""type"": ""PassEndX"", ""value"": ""66.5""}, {""type"": ""PassEndY"", ""value"": ""32.0""}, {""type"": ""Length"", ""value"": ""14.1""}, {""type"": ""Angle"", ""value"": ""0.19""}]"
2944994559.0,48,2.0,SecondHalf,Ismael Saibari,404776,495,a,66.5,32.0,55.9,44.4,Successful,16.31318485152424,130.5251034937539,Backward,Short,"[{""type"": ""Zone"", ""value"": ""Center""}, {""type"": ""PassEndX"", ""value"": ""55.9""}, {""type"": ""PassEndY"", ""value"": ""44.4""}, {""type"": ""Length"", ""value"": ""14.0""}, {""type"": ""Angle"", ""value"": ""2.49""}]"
2944994567.0,48,11.0,SecondHalf,John McGinn,318449,424,h,80.2,32.5,82.2,32.5,Unsuccessful,2.0,0.0,Lateral,Short,"[{""type"": ""Zone"", ""value"": ""Center""}, {""type"": ""PassEndX"", ""value"": ""82.2""}, {""type"": ""PassEndY"", ""value"": ""32.5""}, {""type"": ""Length"", ""value"": ""2.1""}, {""type"": ""Angle"", ""value"": ""0.00""}, {""type"": ""OppositeRelatedEvent"", ""value"": ""516""}, {""type"": ""Offensive""}]"
2944994605.0,49,11.0,SecondHalf,Yassine Bounou,136220,495,a,5.4,53.3,11.1,28.5,Successful,25.44661077629003,-77.05601274970363,Forward,GoalKick,"[{""type"": ""Zone"", ""value"": ""Back""}, {""type"": ""GoalKick""}, {""type"": ""PassEndX"", ""value"": ""11.1""}, {""type"": ""PassEndY"", ""value"": ""28.5""}, {""type"": ""Length"", ""value"": ""17.9""}, {""type"": ""Angle"", ""value"": ""5.05""}]"
2944994609.0,49,16.0,SecondHalf,Issa Diop,300359,495,a,11.2,25.6,14.9,7.9,Successful,18.08258831030558,-78.19293657840144,Lateral,Short,"[{""type"": ""Zone"", ""value"": ""Back""}, {""type"": ""PassEndX"", ""value"": ""14.9""}, {""type"": ""PassEndY"", ""value"": ""7.9""}, {""type"": ""Length"", ""value"": ""12.6""}, {""type"": ""Angle"", ""value"": ""5.02""}]"
2944994613.0,49,19.0,SecondHalf,Achraf Hakimi,320834,495,a,15.2,12.0,4.7,17.6,Successful,11.9,151.92751306414704,Backward,Short,"[{""type"": ""Zone"", ""value"": ""Back""}, {""type"": ""PassEndX"", ""value"": ""4.7""}, {""type"": ""PassEndY"", ""value"": ""17.6""}, {""type"": ""Length"", ""value"": ""11.7""}, {""type"": ""Angle"", ""value"": ""2.81""}]"
2944994615.0,49,22.0,SecondHalf,Issa Diop,300359,495,a,5.9,13.5,18.7,5.3,Successful,15.201315732527892,-32.64464013491648,Forward,Short,"[{""type"": ""Zone"", ""value"": ""Back""}, {""type"": ""PassEndX"", ""value"": ""18.7""}, {""type"": ""PassEndY"", ""value"": ""5.3""}, {""type"": ""Length"", ""value"": ""14.6""}, {""type"": ""Angle"", ""value"": ""5.89""}]"
2944994625.0,49,25.0,SecondHalf,Achraf Hakimi,320834,495,a,18.7,5.3,18.4,17.8,Successful,12.503599481749246,91.37483478056942,Lateral,Short,"[{""type"": ""Zone"", ""value"": ""Back""}, {""type"": ""PassEndX"", ""value"": ""18.4""}, {""type"": ""PassEndY"", ""value"": ""17.8""}, {""type"": ""Length"", ""value"": ""8.5""}, {""type"": ""Angle"", ""value"": ""1.61""}]"
2944994631.0,49,30.0,SecondHalf,Ayyoub Bouaddi,504830,495,a,33.2,41.7,35.4,79.9,Successful,38.263298341883704,86.7038840274537,Lateral,Short,"[{""type"": ""Zone"", ""value"": ""Back""}, {""type"": ""PassEndX"", ""value"": ""35.4""}, {""type"": ""PassEndY"", ""value"": ""79.9""}, {""type"": ""Length"", ""value"": ""26.1""}, {""type"": ""Angle"", ""value"": ""1.48""}]"
2944994635.0,49,32.0,SecondHalf,Noussair Mazraoui,349932,495,a,35.4,79.9,55.6,95.6,Successful,25.583783926542214,37.85534162940859,Forward,Short,"[{""type"": ""Zone"", ""value"": ""Left""}, {""type"": ""PassEndX"", ""value"": ""55.6""}, {""type"": ""PassEndY"", ""value"": ""95.6""}, {""type"": ""Length"", ""value"": ""23.7""}, {""type"": ""Angle"", ""value"": ""0.47""}]"
2944994641.0,49,35.0,SecondHalf,Bilal El Khannouss,433572,495,a,48.2,94.9,38.9,86.6,Successful,12.465151423067443,-138.25194560036385,Backward,Short,"[{""type"": ""Zone"", ""value"": ""Back""}, {""type"": ""PassEndX"", ""value"": ""38.9""}, {""type"": ""PassEndY"", ""value"": ""86.6""}, {""type"": ""Length"", ""value"": ""11.3""}, {""type"": ""Angle"", ""value"": ""3.67""}]"
2944994649.0,49,38.0,SecondHalf,Noussair Mazraoui,349932,495,a,42.7,91.8,78.7,91.9,Successful,36.000138888620974,0.15915453374467056,Forward,Short,"[{""type"": ""Longball""}, {""type"": ""Zone"", ""value"": ""Left""}, {""type"": ""PassEndX"", ""value"": ""78.7""}, {""type"": ""PassEndY"", ""value"": ""91.9""}, {""type"": ""Length"", ""value"": ""37.8""}, {""type"": ""Angle"", ""value"": ""0.00""}]"
2944994655.0,49,42.0,SecondHalf,Bilal El Khannouss,433572,495,a,97.2,76.1,88.6,56.2,Successful,21.67879147923149,-113.3721083947781,Backward,Short,"[{""type"": ""Zone"", ""value"": ""Center""}, {""type"": ""PassEndX"", ""value"": ""88.6""}, {""type"": ""PassEndY"", ""value"": ""56.2""}, {""type"": ""IntentionalAssist""}, {""type"": ""ShotAssist"", ""value"": ""15""}, {""type"": ""Length"", ""value"": ""16.3""}, {""type"": ""Angle"", ""value"": ""4.12""}, {""type"": ""KeyPass""}]"
2944994693.0,50,24.0,SecondHalf,Brahim Díaz,317541,495,a,99.5,99.5,84.0,95.9,Successful,15.912573644762809,-166.92441890091015,Backward,Short,"[{""type"": ""CornerTaken""}, {""type"": ""Zone"", ""value"": ""Left""}, {""type"": ""PassEndX"", ""value"": ""84.0""}, {""type"": ""PassEndY"", ""value"": ""95.9""}, {""type"": ""Length"", ""value"": ""16.5""}, {""type"": ""Angle"", ""value"": ""3.29""}]"
2944994697.0,50,26.0,SecondHalf,Azzedine Ounahi,392361,495,a,84.0,95.9,91.4,95.2,Successful,7.433034373659258,-5.4037913602497305,Forward,Short,"[{""type"": ""Zone"", ""value"": ""Left""}, {""type"": ""PassEndX"", ""value"": ""91.4""}, {""type"": ""PassEndY"", ""value"": ""95.2""}, {""type"": ""Length"", ""value"": ""7.8""}, {""type"": ""Angle"", ""value"": ""6.22""}]"
2944994701.0,50,29.0,SecondHalf,Brahim Díaz,317541,495,a,88.8,91.9,91.1,46.0,Unsuccessful,45.957589144775646,-87.13136900193481,Lateral,Cross,"[{""type"": ""Cross""}, {""type"": ""RightFoot""}, {""type"": ""Zone"", ""value"": ""Center""}, {""type"": ""PassEndX"", ""value"": ""91.1""}, {""type"": ""PassEndY"", ""value"": ""46.0""}, {""type"": ""Chipped""}, {""type"": ""Length"", ""value"": ""31.3""}, {""type"": ""Angle"", ""value"": ""4.79""}]"
2944994733.0,51,10.0,SecondHalf,Achraf Hakimi,320834,495,a,99.5,0.5,94.9,34.4,Successful,34.210670849897106,97.72745158238135,Lateral,Cross,"[{""type"": ""Cross""}, {""type"": ""CornerTaken""}, {""type"": ""RightFoot""}, {""type"": ""Zone"", ""value"": ""Center""}, {""type"": ""PassEndX"", ""value"": ""94.9""}, {""type"": ""PassEndY"", ""value"": ""34.4""}, {""type"": ""IntentionalAssist""}, {""type"": ""Chipped""}, {""type"": ""ShotAssist"", ""value"": ""15""}, {""type"": ""Length"", ""value"": ""23.6""}, {""type"": ""Angle"", ""value"": ""1.78""}, {""type"": ""KeyPass""}]"
2944994757.0,52,6.0,SecondHalf,Achraf Hakimi,320834,495,a,75.9,0.0,74.7,16.3,Successful,16.344112089679268,94.21049840330222,Lateral,ThrowIn,"[{""type"": ""Zone"", ""value"": ""Right""}, {""type"": ""ThrowIn""}, {""type"": ""PassEndX"", ""value"": ""74.7""}, {""type"": ""PassEndY"", ""value"": ""16.3""}, {""type"": ""Length"", ""value"": ""12.5""}, {""type"": ""Angle"", ""value"": ""1.67""}]"
2944994759.0,52,7.0,SecondHalf,Azzedine Ounahi,392361,495,a,73.1,13.7,71.9,3.9,Successful,9.873196037757983,-96.98105740682973,Lateral,Short,"[{""type"": ""Zone"", ""value"": ""Right""}, {""type"": ""PassEndX"", ""value"": ""71.9""}, {""type"": ""PassEndY"", ""value"": ""3.9""}, {""type"": ""Length"", ""value"": ""6.8""}, {""type"": ""Angle"", ""value"": ""4.53""}]"
2944994761.0,52,8.0,SecondHalf,Achraf Hakimi,320834,495,a,71.9,3.9,77.2,10.1,Successful,8.156592425762119,49.47489650624611,Forward,Short,"[{""type"": ""Zone"", ""value"": ""Right""}, {""type"": ""PassEndX"", ""value"": ""77.2""}, {""type"": ""PassEndY"", ""value"": ""10.1""}, {""type"": ""Length"", ""value"": ""7.0""}, {""type"": ""Angle"", ""value"": ""0.65""}]"
2944994763.0,52,12.0,SecondHalf,Azzedine Ounahi,392361,495,a,77.8,8.4,84.7,36.8,Successful,29.22618688778952,76.3441378614582,Forward,Short,"[{""type"": ""Zone"", ""value"": ""Center""}, {""type"": ""PassEndX"", ""value"": ""84.7""}, {""type"": ""PassEndY"", ""value"": ""36.8""}, {""type"": ""Length"", ""value"": ""20.6""}, {""type"": ""Angle"", ""value"": ""1.21""}]"
2944994771.0,52,20.0,SecondHalf,Angus Gunn,318896,424,h,13.0,44.0,28.1,46.7,Successful,15.339491516996254,10.137803853085147,Forward,Short,"[{""type"": ""Zone"", ""value"": ""Back""}, {""type"": ""KeeperThrow""}, {""type"": ""PassEndX"", ""value"": ""28.1""}, {""type"": ""PassEndY"", ""value"": ""46.7""}, {""type"": ""Length"", ""value"": ""16.0""}, {""type"": ""Angle"", ""value"": ""0.12""}]"
2944994781.0,52,21.0,SecondHalf,Lewis Ferguson,396971,424,h,25.4,38.7,12.7,6.8,Successful,34.335113222472415,-111.70844724313481,Backward,Short,"[{""type"": ""Zone"", ""value"": ""Back""}, {""type"": ""PassEndX"", ""value"": ""12.7""}, {""type"": ""PassEndY"", ""value"": ""6.8""}, {""type"": ""Length"", ""value"": ""25.5""}, {""type"": ""Angle"", ""value"": ""4.16""}]"
2944994783.0,52,29.0,SecondHalf,Nathan Patterson,396975,424,h,3.2,6.5,22.7,0.0,Unsuccessful,20.554804791094465,-18.43494882292201,Forward,Short,"[{""type"": ""Zone"", ""value"": ""Back""}, {""type"": ""PassEndX"", ""value"": ""22.7""}, {""type"": ""PassEndY"", ""value"": ""0.0""}, {""type"": ""Length"", ""value"": ""21.2""}, {""type"": ""Angle"", ""value"": ""6.02""}]"
2944994793.0,52,37.0,SecondHalf,Bilal El Khannouss,433572,495,a,81.6,100.0,68.0,95.2,Successful,14.42220510185595,-160.55996517182382,Backward,ThrowIn,"[{""type"": ""Zone"", ""value"": ""Left""}, {""type"": ""ThrowIn""}, {""type"": ""PassEndX"", ""value"": ""68.0""}, {""type"": ""PassEndY"", ""value"": ""95.2""}, {""type"": ""Length"", ""value"": ""15.0""}, {""type"": ""Angle"", ""value"": ""3.45""}]"
2944994803.0,52,38.0,SecondHalf,Noussair Mazraoui,349932,495,a,67.9,95.4,64.6,91.3,Successful,5.263078946776321,-128.82982490497045,Lateral,Short,"[{""type"": ""Zone"", ""value"": ""Left""}, {""type"": ""PassEndX"", ""value"": ""64.6""}, {""type"": ""PassEndY"", ""value"": ""91.3""}, {""type"": ""Length"", ""value"": ""4.4""}, {""type"": ""Angle"", ""value"": ""3.82""}]"
2944994807.0,52,44.0,SecondHalf,Azzedine Ounahi,392361,495,a,66.3,77.6,67.7,95.4,Successful,17.85497129653253,85.50284838533221,Lateral,Short,"[{""type"": ""Zone"", ""value"": ""Left""}, {""type"": ""PassEndX"", ""value"": ""67.7""}, {""type"": ""PassEndY"", ""value"": ""95.4""}, {""type"": ""Length"", ""value"": ""12.2""}, {""type"": ""Angle"", ""value"": ""1.45""}]"
2944994811.0,52,46.0,SecondHalf,Noussair Mazraoui,349932,495,a,67.7,91.4,64.5,80.4,Successful,11.456002793295749,-106.2201936956028,Lateral,Short,"[{""type"": ""Zone"", ""value"": ""Left""}, {""type"": ""PassEndX"", ""value"": ""64.5""}, {""type"": ""PassEndY"", ""value"": ""80.4""}, {""type"": ""Length"", ""value"": ""8.2""}, {""type"": ""Angle"", ""value"": ""4.29""}]"
2944994813.0,52,48.0,SecondHalf,Azzedine Ounahi,392361,495,a,66.4,83.0,65.5,94.4,Successful,11.435471131527557,94.5139884580013,Lateral,Short,"[{""type"": ""Zone"", ""value"": ""Left""}, {""type"": ""PassEndX"", ""value"": ""65.5""}, {""type"": ""PassEndY"", ""value"": ""94.4""}, {""type"": ""Length"", ""value"": ""7.8""}, {""type"": ""Angle"", ""value"": ""1.69""}]"
2944994817.0,52,50.0,SecondHalf,Noussair Mazraoui,349932,495,a,64.9,92.8,45.8,76.9,Successful,24.851961693194365,-140.22394759626846,Backward,Short,"[{""type"": ""Zone"", ""value"": ""Back""}, {""type"": ""PassEndX"", ""value"": ""45.8""}, {""type"": ""PassEndY"", ""value"": ""76.9""}, {""type"": ""Length"", ""value"": ""22.8""}, {""type"": ""Angle"", ""value"": ""3.64""}]"
2944994821.0,52,54.0,SecondHalf,Chadi Riad,454342,495,a,46.1,74.3,44.6,46.2,Successful,28.140007107319637,-93.05559345775293,Lateral,Short,"[{""type"": ""Zone"", ""value"": ""Back""}, {""type"": ""PassEndX"", ""value"": ""44.6""}, {""type"": ""PassEndY"", ""value"": ""46.2""}, {""type"": ""Length"", ""value"": ""19.2""}, {""type"": ""Angle"", ""value"": ""4.63""}]"
2944994827.0,52,57.0,SecondHalf,Issa Diop,300359,495,a,44.0,39.1,66.2,11.9,Successful,35.10954286230455,-50.77948582515591,Forward,Short,"[{""type"": ""Zone"", ""value"": ""Right""}, {""type"": ""PassEndX"", ""value"": ""66.2""}, {""type"": ""PassEndY"", ""value"": ""11.9""}, {""type"": ""Length"", ""value"": ""29.8""}, {""type"": ""Angle"", ""value"": ""5.61""}]"
2944994831.0,52,58.0,SecondHalf,Brahim Díaz,317541,495,a,65.6,11.5,55.4,15.7,Successful,11.030865786510137,157.6198649480404,Backward,Short,"[{""type"": ""Zone"", ""value"": ""Right""}, {""type"": ""PassEndX"", ""value"": ""55.4""}, {""type"": ""PassEndY"", ""value"": ""15.7""}, {""type"": ""Length"", ""value"": ""11.1""}, {""type"": ""Angle"", ""value"": ""2.88""}]"
2944994833.0,53,1.0,SecondHalf,Achraf Hakimi,320834,495,a,57.8,9.7,66.0,20.1,Successful,13.243866504914646,51.74557964748282,Forward,Short,"[{""type"": ""Zone"", ""value"": ""Right""}, {""type"": ""PassEndX"", ""value"": ""66.0""}, {""type"": ""PassEndY"", ""value"": ""20.1""}, {""type"": ""Length"", ""value"": ""11.1""}, {""type"": ""Angle"", ""value"": ""0.69""}]"
2944994845.0,53,5.0,SecondHalf,Andy Robertson,115726,424,h,38.1,85.7,27.7,76.0,Successful,14.221462653327896,-136.99456930124182,Backward,Short,"[{""type"": ""Zone"", ""value"": ""Back""}, {""type"": ""PassEndX"", ""value"": ""27.7""}, {""type"": ""PassEndY"", ""value"": ""76.0""}, {""type"": ""Length"", ""value"": ""12.8""}, {""type"": ""Angle"", ""value"": ""3.68""}]"
2944994847.0,53,7.0,SecondHalf,Lewis Ferguson,396971,424,h,29.8,76.6,20.7,88.3,Successful,14.822280526288797,127.87498365109822,Backward,Short,"[{""type"": ""Zone"", ""value"": ""Back""}, {""type"": ""PassEndX"", ""value"": ""20.7""}, {""type"": ""PassEndY"", ""value"": ""88.3""}, {""type"": ""Length"", ""value"": ""12.4""}, {""type"": ""Angle"", ""value"": ""2.45""}]"
2944994855.0,53,11.0,SecondHalf,Jack Hendry,280210,424,h,21.1,88.0,8.6,57.9,Successful,32.59233038615067,-112.55225136187498,Backward,Short,"[{""type"": ""Zone"", ""value"": ""Back""}, {""type"": ""PassEndX"", ""value"": ""8.6""}, {""type"": ""PassEndY"", ""value"": ""57.9""}, {""type"": ""Length"", ""value"": ""24.3""}, {""type"": ""Angle"", ""value"": ""4.14""}]"
2944994859.0,53,16.0,SecondHalf,Angus Gunn,318896,424,h,11.8,43.0,20.0,69.6,Successful,27.835229476330884,72.86700384965687,Forward,Short,"[{""type"": ""Zone"", ""value"": ""Back""}, {""type"": ""PassEndX"", ""value"": ""20.0""}, {""type"": ""PassEndY"", ""value"": ""69.6""}, {""type"": ""Length"", ""value"": ""20.0""}, {""type"": ""Angle"", ""value"": ""1.13""}]"
2944994869.0,53,22.0,SecondHalf,Jack Hendry,280210,424,h,31.2,59.0,31.5,27.1,Successful,31.901410627118043,-89.46118410211724,Lateral,Short,"[{""type"": ""Zone"", ""value"": ""Back""}, {""type"": ""PassEndX"", ""value"": ""31.5""}, {""type"": ""PassEndY"", ""value"": ""27.1""}, {""type"": ""Length"", ""value"": ""21.7""}, {""type"": ""Angle"", ""value"": ""4.73""}]"
2944994871.0,53,26.0,SecondHalf,Grant Hanley,86593,424,h,34.7,21.3,35.6,37.1,Successful,15.825612152457168,86.73983936212512,Lateral,Short,"[{""type"": ""Zone"", ""value"": ""Back""}, {""type"": ""PassEndX"", ""value"": ""35.6""}, {""type"": ""PassEndY"", ""value"": ""37.1""}, {""type"": ""Length"", ""value"": ""10.8""}, {""type"": ""Angle"", ""value"": ""1.48""}]"
2944994877.0,53,28.0,SecondHalf,Lewis Ferguson,396971,424,h,34.0,29.4,44.6,37.9,Successful,13.58712625980932,38.72566544291819,Forward,Short,"[{""type"": ""Zone"", ""value"": ""Back""}, {""type"": ""PassEndX"", ""value"": ""44.6""}, {""type"": ""PassEndY"", ""value"": ""37.9""}, {""type"": ""Length"", ""value"": ""12.5""}, {""type"": ""Angle"", ""value"": ""0.48""}]"
2944994879.0,53,29.0,SecondHalf,Scott McTominay,336915,424,h,44.6,37.9,31.3,32.4,Successful,14.39235908390282,-157.53325007900426,Backward,Short,"[{""type"": ""Zone"", ""value"": ""Back""}, {""type"": ""PassEndX"", ""value"": ""31.3""}, {""type"": ""PassEndY"", ""value"": ""32.4""}, {""type"": ""Length"", ""value"": ""14.5""}, {""type"": ""Angle"", ""value"": ""3.40""}]"
2944994883.0,53,31.0,SecondHalf,Lewis Ferguson,396971,424,h,32.9,33.4,33.9,59.7,Successful,26.319004540445675,87.82250220732637,Lateral,Short,"[{""type"": ""Zone"", ""value"": ""Back""}, {""type"": ""PassEndX"", ""value"": ""33.9""}, {""type"": ""PassEndY"", ""value"": ""59.7""}, {""type"": ""Length"", ""value"": ""17.9""}, {""type"": ""Angle"", ""value"": ""1.51""}]"
2944994885.0,53,36.0,SecondHalf,Jack Hendry,280210,424,h,59.9,72.3,67.2,96.6,Successful,25.372820103409868,73.27912655619458,Forward,Short,"[{""type"": ""Zone"", ""value"": ""Left""}, {""type"": ""PassEndX"", ""value"": ""67.2""}, {""type"": ""PassEndY"", ""value"": ""96.6""}, {""type"": ""Length"", ""value"": ""18.2""}, {""type"": ""Angle"", ""value"": ""1.14""}]"
2944994889.0,53,39.0,SecondHalf,Andy Robertson,115726,424,h,68.3,97.4,62.9,83.9,Successful,14.539944979263161,-111.80140948635182,Backward,Short,"[{""type"": ""Zone"", ""value"": ""Left""}, {""type"": ""PassEndX"", ""value"": ""62.9""}, {""type"": ""PassEndY"", ""value"": ""83.9""}, {""type"": ""Length"", ""value"": ""10.8""}, {""type"": ""Angle"", ""value"": ""4.16""}]"
2944994893.0,53,41.0,SecondHalf,Ché Adams,256419,424,h,63.8,91.4,72.0,88.4,Successful,8.731551981177232,-20.09523119190481,Forward,Short,"[{""type"": ""Zone"", ""value"": ""Left""}, {""type"": ""PassEndX"", ""value"": ""72.0""}, {""type"": ""PassEndY"", ""value"": ""88.4""}, {""type"": ""Length"", ""value"": ""8.8""}, {""type"": ""Angle"", ""value"": ""6.05""}]"
2944994899.0,53,44.0,SecondHalf,Kieran Tierney,297403,424,h,65.9,86.8,39.7,88.0,Successful,26.227466518899615,177.37759853945892,Backward,Short,"[{""type"": ""Zone"", ""value"": ""Back""}, {""type"": ""PassEndX"", ""value"": ""39.7""}, {""type"": ""PassEndY"", ""value"": ""88.0""}, {""type"": ""Length"", ""value"": ""27.5""}, {""type"": ""Angle"", ""value"": ""3.11""}]"
2944994907.0,53,48.0,SecondHalf,Jack Hendry,280210,424,h,39.6,83.8,40.7,40.0,Successful,43.81381060807197,-88.56136730573729,Lateral,Short,"[{""type"": ""Zone"", ""value"": ""Back""}, {""type"": ""PassEndX"", ""value"": ""40.7""}, {""type"": ""PassEndY"", ""value"": ""40.0""}, {""type"": ""Length"", ""value"": ""29.8""}, {""type"": ""Angle"", ""value"": ""4.75""}]"
2944994913.0,53,51.0,SecondHalf,Grant Hanley,86593,424,h,38.8,38.6,52.2,24.0,Successful,19.817164277464123,-47.454031674527066,Forward,Short,"[{""type"": ""Zone"", ""value"": ""Center""}, {""type"": ""PassEndX"", ""value"": ""52.2""}, {""type"": ""PassEndY"", ""value"": ""24.0""}, {""type"": ""Length"", ""value"": ""17.2""}, {""type"": ""Angle"", ""value"": ""5.67""}]"
2944994917.0,53,54.0,SecondHalf,Scott McTominay,336915,424,h,59.4,21.9,70.7,3.7,Successful,21.422651563240255,-58.16471756731541,Forward,Short,"[{""type"": ""Zone"", ""value"": ""Right""}, {""type"": ""PassEndX"", ""value"": ""70.7""}, {""type"": ""PassEndY"", ""value"": ""3.7""}, {""type"": ""Length"", ""value"": ""17.1""}, {""type"": ""Angle"", ""value"": ""5.48""}]"
2944994921.0,53,59.0,SecondHalf,Nathan Patterson,396975,424,h,70.1,5.0,60.7,20.4,Successful,18.042172818150252,121.39945748334124,Backward,Short,"[{""type"": ""Zone"", ""value"": ""Right""}, {""type"": ""PassEndX"", ""value"": ""60.7""}, {""type"": ""PassEndY"", ""value"": ""20.4""}, {""type"": ""Length"", ""value"": ""14.4""}, {""type"": ""Angle"", ""value"": ""2.33""}]"
2944994927.0,54,2.0,SecondHalf,Lewis Ferguson,396971,424,h,60.9,20.4,78.7,19.1,Successful,17.847408775505762,-4.1771069689022005,Forward,Short,"[{""type"": ""Zone"", ""value"": ""Right""}, {""type"": ""PassEndX"", ""value"": ""78.7""}, {""type"": ""PassEndY"", ""value"": ""19.1""}, {""type"": ""Length"", ""value"": ""18.7""}, {""type"": ""Angle"", ""value"": ""6.24""}]"
2944994931.0,54,4.0,SecondHalf,Bilal El Khannouss,433572,495,a,23.8,93.7,33.1,89.9,Successful,10.046392387319937,-22.225030451113543,Forward,Short,"[{""type"": ""Zone"", ""value"": ""Back""}, {""type"": ""PassEndX"", ""value"": ""33.1""}, {""type"": ""PassEndY"", ""value"": ""89.9""}, {""type"": ""Length"", ""value"": ""10.1""}, {""type"": ""Angle"", ""value"": ""6.02""}]"
2944994963.0,54,26.0,SecondHalf,Neil El Aynaoui,486734,495,a,33.1,89.0,8.4,57.6,Successful,39.950594488693156,-128.18944690142692,Backward,Short,"[{""type"": ""Longball""}, {""type"": ""FreekickTaken""}, {""type"": ""Zone"", ""value"": ""Back""}, {""type"": ""PassEndX"", ""value"": ""8.4""}, {""type"": ""PassEndY"", ""value"": ""57.6""}, {""type"": ""Length"", ""value"": ""33.6""}, {""type"": ""Angle"", ""value"": ""3.83""}]"
2944994967.0,54,30.0,SecondHalf,Yassine Bounou,136220,495,a,9.5,56.8,22.0,28.0,Successful,31.39570034256283,-66.53781721191432,Forward,Short,"[{""type"": ""Zone"", ""value"": ""Back""}, {""type"": ""PassEndX"", ""value"": ""22.0""}, {""type"": ""PassEndY"", ""value"": ""28.0""}, {""type"": ""Length"", ""value"": ""23.6""}, {""type"": ""Angle"", ""value"": ""5.30""}]"
2944994971.0,54,34.0,SecondHalf,Issa Diop,300359,495,a,22.9,26.6,11.9,44.7,Successful,21.180415482232636,121.28850646056748,Backward,Short,"[{""type"": ""Zone"", ""value"": ""Back""}, {""type"": ""PassEndX"", ""value"": ""11.9""}, {""type"": ""PassEndY"", ""value"": ""44.7""}, {""type"": ""Length"", ""value"": ""16.9""}, {""type"": ""Angle"", ""value"": ""2.32""}]"
2944994975.0,54,38.0,SecondHalf,Yassine Bounou,136220,495,a,13.9,46.5,24.3,22.9,Successful,25.78992051170379,-66.21796957677863,Forward,Short,"[{""type"": ""Zone"", ""value"": ""Back""}, {""type"": ""PassEndX"", ""value"": ""24.3""}, {""type"": ""PassEndY"", ""value"": ""22.9""}, {""type"": ""Length"", ""value"": ""19.4""}, {""type"": ""Angle"", ""value"": ""5.31""}]"
2944994977.0,54,41.0,SecondHalf,Issa Diop,300359,495,a,25.6,19.0,41.3,22.6,Successful,16.10745169168605,12.914632042321008,Forward,Short,"[{""type"": ""Zone"", ""value"": ""Back""}, {""type"": ""PassEndX"", ""value"": ""41.3""}, {""type"": ""PassEndY"", ""value"": ""22.6""}, {""type"": ""Length"", ""value"": ""16.7""}, {""type"": ""Angle"", ""value"": ""0.15""}]"
2944995015.0,55,13.0,SecondHalf,Yassine Bounou,136220,495,a,4.4,42.6,8.1,32.5,Successful,10.756393447619887,-69.8803668591817,Lateral,GoalKick,"[{""type"": ""Zone"", ""value"": ""Back""}, {""type"": ""GoalKick""}, {""type"": ""PassEndX"", ""value"": ""8.1""}, {""type"": ""PassEndY"", ""value"": ""32.5""}, {""type"": ""Length"", ""value"": ""7.9""}, {""type"": ""Angle"", ""value"": ""5.23""}]"
2944995019.0,55,16.0,SecondHalf,Issa Diop,300359,495,a,8.7,32.2,20.3,11.0,Successful,24.166091947189148,-61.31385242626057,Forward,Short,"[{""type"": ""Zone"", ""value"": ""Back""}, {""type"": ""PassEndX"", ""value"": ""20.3""}, {""type"": ""PassEndY"", ""value"": ""11.0""}, {""type"": ""Length"", ""value"": ""18.9""}, {""type"": ""Angle"", ""value"": ""5.41""}]"
2944995021.0,55,19.0,SecondHalf,Achraf Hakimi,320834,495,a,22.2,11.4,27.4,38.3,Successful,27.39799262719807,79.05918340410885,Forward,Short,"[{""type"": ""Zone"", ""value"": ""Back""}, {""type"": ""PassEndX"", ""value"": ""27.4""}, {""type"": ""PassEndY"", ""value"": ""38.3""}, {""type"": ""Length"", ""value"": ""19.1""}, {""type"": ""Angle"", ""value"": ""1.28""}]"
2944995029.0,55,20.0,SecondHalf,Ayyoub Bouaddi,504830,495,a,27.4,38.3,24.1,15.2,Successful,23.334523779156065,-98.13010235415597,Lateral,Short,"[{""type"": ""Zone"", ""value"": ""Back""}, {""type"": ""PassEndX"", ""value"": ""24.1""}, {""type"": ""PassEndY"", ""value"": ""15.2""}, {""type"": ""Length"", ""value"": ""16.1""}, {""type"": ""Angle"", ""value"": ""4.50""}]"
2944995033.0,55,22.0,SecondHalf,Achraf Hakimi,320834,495,a,25.8,23.4,22.6,61.6,Successful,38.33379709864391,94.78846655031359,Lateral,Short,"[{""type"": ""Zone"", ""value"": ""Back""}, {""type"": ""PassEndX"", ""value"": ""22.6""}, {""type"": ""PassEndY"", ""value"": ""61.6""}, {""type"": ""Length"", ""value"": ""26.2""}, {""type"": ""Angle"", ""value"": ""1.70""}]"
2944995035.0,55,28.0,SecondHalf,Chadi Riad,454342,495,a,29.7,71.1,34.4,95.4,Successful,24.75035353282859,79.05326887025495,Lateral,Short,"[{""type"": ""Zone"", ""value"": ""Back""}, {""type"": ""PassEndX"", ""value"": ""34.4""}, {""type"": ""PassEndY"", ""value"": ""95.4""}, {""type"": ""Length"", ""value"": ""17.2""}, {""type"": ""Angle"", ""value"": ""1.28""}]"
2944995041.0,55,31.0,SecondHalf,Noussair Mazraoui,349932,495,a,36.4,93.7,22.5,70.1,Successful,27.38923146055764,-120.49736411991682,Backward,Short,"[{""type"": ""Zone"", ""value"": ""Back""}, {""type"": ""PassEndX"", ""value"": ""22.5""}, {""type"": ""PassEndY"", ""value"": ""70.1""}, {""type"": ""Length"", ""value"": ""21.7""}, {""type"": ""Angle"", ""value"": ""3.97""}]"
2944995045.0,55,35.0,SecondHalf,Chadi Riad,454342,495,a,22.5,70.1,22.9,37.6,Successful,32.50246144525057,-89.2948567786503,Lateral,Short,"[{""type"": ""Zone"", ""value"": ""Back""}, {""type"": ""PassEndX"", ""value"": ""22.9""}, {""type"": ""PassEndY"", ""value"": ""37.6""}, {""type"": ""Length"", ""value"": ""22.1""}, {""type"": ""Angle"", ""value"": ""4.73""}]"
2944995055.0,55,37.0,SecondHalf,Issa Diop,300359,495,a,22.9,35.3,30.4,41.9,Successful,9.990495483208027,41.34777721969367,Forward,Short,"[{""type"": ""Zone"", ""value"": ""Back""}, {""type"": ""PassEndX"", ""value"": ""30.4""}, {""type"": ""PassEndY"", ""value"": ""41.9""}, {""type"": ""Length"", ""value"": ""9.1""}, {""type"": ""Angle"", ""value"": ""0.52""}]"
2944995057.0,55,44.0,SecondHalf,Ayyoub Bouaddi,504830,495,a,34.2,38.1,29.7,62.2,Successful,24.51652503924649,100.57658654496876,Lateral,Short,"[{""type"": ""Zone"", ""value"": ""Back""}, {""type"": ""PassEndX"", ""value"": ""29.7""}, {""type"": ""PassEndY"", ""value"": ""62.2""}, {""type"": ""Length"", ""value"": ""17.1""}, {""type"": ""Angle"", ""value"": ""1.85""}]"
2944995063.0,55,47.0,SecondHalf,Chadi Riad,454342,495,a,29.8,62.2,33.6,86.0,Successful,24.101452238402562,80.92850242282283,Lateral,Short,"[{""type"": ""Zone"", ""value"": ""Back""}, {""type"": ""PassEndX"", ""value"": ""33.6""}, {""type"": ""PassEndY"", ""value"": ""86.0""}, {""type"": ""Length"", ""value"": ""16.7""}, {""type"": ""Angle"", ""value"": ""1.33""}]"
2944995065.0,55,53.0,SecondHalf,Noussair Mazraoui,349932,495,a,45.3,82.0,52.1,70.8,Successful,13.102671483327365,-58.736268305622566,Forward,Short,"[{""type"": ""Zone"", ""value"": ""Center""}, {""type"": ""PassEndX"", ""value"": ""52.1""}, {""type"": ""PassEndY"", ""value"": ""70.8""}, {""type"": ""Length"", ""value"": ""10.4""}, {""type"": ""Angle"", ""value"": ""5.47""}]"
2944995067.0,55,54.0,SecondHalf,Neil El Aynaoui,486734,495,a,52.1,70.8,36.0,77.9,Successful,17.59602227777631,156.20281864380965,Backward,Short,"[{""type"": ""Zone"", ""value"": ""Back""}, {""type"": ""PassEndX"", ""value"": ""36.0""}, {""type"": ""PassEndY"", ""value"": ""77.9""}, {""type"": ""Length"", ""value"": ""17.6""}, {""type"": ""Angle"", ""value"": ""2.86""}]"
2944995073.0,55,56.0,SecondHalf,Chadi Riad,454342,495,a,36.0,77.9,41.0,85.3,Successful,8.930845424706435,55.9540626433983,Lateral,Short,"[{""type"": ""Zone"", ""value"": ""Back""}, {""type"": ""PassEndX"", ""value"": ""41.0""}, {""type"": ""PassEndY"", ""value"": ""85.3""}, {""type"": ""Length"", ""value"": ""7.3""}, {""type"": ""Angle"", ""value"": ""0.76""}]"
2944995075.0,56,2.0,SecondHalf,Azzedine Ounahi,392361,495,a,46.9,77.9,64.7,90.4,Successful,21.75063217472081,35.07834145831432,Forward,Short,"[{""type"": ""Zone"", ""value"": ""Left""}, {""type"": ""PassEndX"", ""value"": ""64.7""}, {""type"": ""PassEndY"", ""value"": ""90.4""}, {""type"": ""Length"", ""value"": ""20.5""}, {""type"": ""Angle"", ""value"": ""0.43""}]"
2944995079.0,56,4.0,SecondHalf,Neil El Aynaoui,486734,495,a,61.9,89.9,41.5,75.6,Successful,24.912848090894794,-144.97029761054873,Backward,Short,"[{""type"": ""Zone"", ""value"": ""Back""}, {""type"": ""PassEndX"", ""value"": ""41.5""}, {""type"": ""PassEndY"", ""value"": ""75.6""}, {""type"": ""Length"", ""value"": ""23.5""}, {""type"": ""Angle"", ""value"": ""3.57""}]"
2944995081.0,56,6.0,SecondHalf,Chadi Riad,454342,495,a,41.5,75.6,46.8,92.1,Successful,17.33032025093593,72.19235216430359,Forward,Short,"[{""type"": ""Zone"", ""value"": ""Back""}, {""type"": ""PassEndX"", ""value"": ""46.8""}, {""type"": ""PassEndY"", ""value"": ""92.1""}, {""type"": ""Length"", ""value"": ""12.5""}, {""type"": ""Angle"", ""value"": ""1.11""}]"
2944995085.0,56,10.0,SecondHalf,Noussair Mazraoui,349932,495,a,45.0,82.0,36.7,69.8,Successful,14.75567687366459,-124.22854583980195,Backward,Short,"[{""type"": ""Zone"", ""value"": ""Back""}, {""type"": ""PassEndX"", ""value"": ""36.7""}, {""type"": ""PassEndY"", ""value"": ""69.8""}, {""type"": ""Length"", ""value"": ""12.0""}, {""type"": ""Angle"", ""value"": ""3.90""}]"
2944995091.0,56,12.0,SecondHalf,Chadi Riad,454342,495,a,37.6,68.8,37.8,34.5,Successful,34.3005830854229,-89.66591760825148,Lateral,Short,"[{""type"": ""Zone"", ""value"": ""Back""}, {""type"": ""PassEndX"", ""value"": ""37.8""}, {""type"": ""PassEndY"", ""value"": ""34.5""}, {""type"": ""Length"", ""value"": ""23.3""}, {""type"": ""Angle"", ""value"": ""4.72""}]"
2944995095.0,56,20.0,SecondHalf,Issa Diop,300359,495,a,45.6,24.2,55.4,35.0,Successful,14.583552379307312,47.779166864072096,Forward,Short,"[{""type"": ""Zone"", ""value"": ""Center""}, {""type"": ""PassEndX"", ""value"": ""55.4""}, {""type"": ""PassEndY"", ""value"": ""35.0""}, {""type"": ""Length"", ""value"": ""12.6""}, {""type"": ""Angle"", ""value"": ""0.62""}]"
2944995097.0,56,21.0,SecondHalf,Ayyoub Bouaddi,504830,495,a,55.4,35.0,39.1,27.5,Successful,17.94268653240088,-155.29176766799404,Backward,Short,"[{""type"": ""Zone"", ""value"": ""Back""}, {""type"": ""PassEndX"", ""value"": ""39.1""}, {""type"": ""PassEndY"", ""value"": ""27.5""}, {""type"": ""LayOff""}, {""type"": ""Length"", ""value"": ""17.9""}, {""type"": ""Angle"", ""value"": ""3.43""}]"
2944995099.0,56,23.0,SecondHalf,Issa Diop,300359,495,a,35.2,24.2,43.1,5.3,Successful,20.48462838325362,-67.31558857587076,Forward,Short,"[{""type"": ""Zone"", ""value"": ""Back""}, {""type"": ""PassEndX"", ""value"": ""43.1""}, {""type"": ""PassEndY"", ""value"": ""5.3""}, {""type"": ""Length"", ""value"": ""15.3""}, {""type"": ""Angle"", ""value"": ""5.29""}]"
2944995103.0,56,24.0,SecondHalf,Achraf Hakimi,320834,495,a,43.1,5.3,29.9,25.4,Successful,24.046829312822098,123.29356327084668,Backward,Short,"[{""type"": ""Zone"", ""value"": ""Back""}, {""type"": ""PassEndX"", ""value"": ""29.9""}, {""type"": ""PassEndY"", ""value"": ""25.4""}, {""type"": ""Length"", ""value"": ""19.5""}, {""type"": ""Angle"", ""value"": ""2.36""}]"
2944995105.0,56,26.0,SecondHalf,Issa Diop,300359,495,a,31.2,25.7,29.2,45.7,Successful,20.099751242241783,95.71059313749964,Lateral,Short,"[{""type"": ""Zone"", ""value"": ""Back""}, {""type"": ""PassEndX"", ""value"": ""29.2""}, {""type"": ""PassEndY"", ""value"": ""45.7""}, {""type"": ""Length"", ""value"": ""13.8""}, {""type"": ""Angle"", ""value"": ""1.72""}]"
2944995107.0,56,32.0,SecondHalf,Chadi Riad,454342,495,a,29.1,55.8,35.5,39.9,Successful,17.139719951037705,-68.07443950640852,Forward,Short,"[{""type"": ""Zone"", ""value"": ""Back""}, {""type"": ""PassEndX"", ""value"": ""35.5""}, {""type"": ""PassEndY"", ""value"": ""39.9""}, {""type"": ""Length"", ""value"": ""12.7""}, {""type"": ""Angle"", ""value"": ""5.27""}]"
2944995115.0,56,35.0,SecondHalf,Ayyoub Bouaddi,504830,495,a,37.6,38.4,55.4,8.2,Successful,35.055384750420295,-59.48473356032298,Forward,Short,"[{""type"": ""Zone"", ""value"": ""Right""}, {""type"": ""PassEndX"", ""value"": ""55.4""}, {""type"": ""PassEndY"", ""value"": ""8.2""}, {""type"": ""Length"", ""value"": ""27.8""}, {""type"": ""Angle"", ""value"": ""5.45""}]"
2944995117.0,56,38.0,SecondHalf,Brahim Díaz,317541,495,a,55.5,6.9,61.7,18.8,Successful,13.418271125595878,62.480107569049814,Forward,Short,"[{""type"": ""Zone"", ""value"": ""Right""}, {""type"": ""PassEndX"", ""value"": ""61.7""}, {""type"": ""PassEndY"", ""value"": ""18.8""}, {""type"": ""Length"", ""value"": ""10.4""}, {""type"": ""Angle"", ""value"": ""0.89""}]"
2944995119.0,56,39.0,SecondHalf,Achraf Hakimi,320834,495,a,61.7,18.8,55.6,10.5,Successful,10.300485425454474,-126.31364541876334,Backward,Short,"[{""type"": ""Zone"", ""value"": ""Right""}, {""type"": ""PassEndX"", ""value"": ""55.6""}, {""type"": ""PassEndY"", ""value"": ""10.5""}, {""type"": ""Length"", ""value"": ""8.5""}, {""type"": ""Angle"", ""value"": ""3.86""}]"
2944995125.0,56,42.0,SecondHalf,Brahim Díaz,317541,495,a,57.7,11.4,59.3,32.7,Successful,21.36000936329383,85.70415948872852,Lateral,Short,"[{""type"": ""Zone"", ""value"": ""Center""}, {""type"": ""PassEndX"", ""value"": ""59.3""}, {""type"": ""PassEndY"", ""value"": ""32.7""}, {""type"": ""Length"", ""value"": ""14.6""}, {""type"": ""Angle"", ""value"": ""1.46""}]"
2944995129.0,56,44.0,SecondHalf,Neil El Aynaoui,486734,495,a,58.7,30.4,70.3,6.4,Successful,26.656331330473815,-64.20397350550007,Forward,Short,"[{""type"": ""Zone"", ""value"": ""Right""}, {""type"": ""PassEndX"", ""value"": ""70.3""}, {""type"": ""PassEndY"", ""value"": ""6.4""}, {""type"": ""Length"", ""value"": ""20.4""}, {""type"": ""Angle"", ""value"": ""5.35""}]"
2944995133.0,56,45.0,SecondHalf,Achraf Hakimi,320834,495,a,70.3,6.4,69.1,21.8,Successful,15.446682491719704,94.45560283332634,Lateral,Short,"[{""type"": ""Zone"", ""value"": ""Center""}, {""type"": ""PassEndX"", ""value"": ""69.1""}, {""type"": ""PassEndY"", ""value"": ""21.8""}, {""type"": ""Length"", ""value"": ""10.5""}, {""type"": ""Angle"", ""value"": ""1.69""}]"
2944995137.0,56,48.0,SecondHalf,Ayyoub Bouaddi,504830,495,a,74.4,15.8,85.2,16.6,Unsuccessful,10.829589096544705,4.2363947990588455,Forward,Short,"[{""type"": ""Zone"", ""value"": ""Right""}, {""type"": ""PassEndX"", ""value"": ""85.2""}, {""type"": ""PassEndY"", ""value"": ""16.6""}, {""type"": ""Length"", ""value"": ""11.4""}, {""type"": ""Angle"", ""value"": ""0.05""}]"
2944995157.0,56,55.0,SecondHalf,Scott McTominay,336915,424,h,16.0,84.0,19.8,93.4,Successful,10.139033484509266,67.98871680208065,Lateral,Short,"[{""type"": ""Zone"", ""value"": ""Back""}, {""type"": ""PassEndX"", ""value"": ""19.8""}, {""type"": ""PassEndY"", ""value"": ""93.4""}, {""type"": ""Length"", ""value"": ""7.5""}, {""type"": ""Angle"", ""value"": ""1.01""}]"
2944995161.0,56,56.0,SecondHalf,Andy Robertson,115726,424,h,25.3,94.1,48.7,85.4,Unsuccessful,24.964975465639856,-20.394876082048356,Forward,Short,"[{""type"": ""Zone"", ""value"": ""Back""}, {""type"": ""PassEndX"", ""value"": ""48.7""}, {""type"": ""PassEndY"", ""value"": ""85.4""}, {""type"": ""Length"", ""value"": ""25.3""}, {""type"": ""Angle"", ""value"": ""6.05""}]"
2944995167.0,56,58.0,SecondHalf,Issa Diop,300359,495,a,54.8,17.5,66.2,40.8,Successful,25.939352343495393,63.92886572154076,Forward,Short,"[{""type"": ""Zone"", ""value"": ""Center""}, {""type"": ""PassEndX"", ""value"": ""66.2""}, {""type"": ""PassEndY"", ""value"": ""40.8""}, {""type"": ""Length"", ""value"": ""19.9""}, {""type"": ""Angle"", ""value"": ""0.92""}]"
2944995171.0,57,0.0,SecondHalf,Azzedine Ounahi,392361,495,a,66.2,40.8,82.4,32.2,Successful,18.341210428976602,-27.962232204374345,Forward,Short,"[{""type"": ""Zone"", ""value"": ""Center""}, {""type"": ""PassEndX"", ""value"": ""82.4""}, {""type"": ""PassEndY"", ""value"": ""32.2""}, {""type"": ""IntentionalAssist""}, {""type"": ""ShotAssist"", ""value"": ""15""}, {""type"": ""Length"", ""value"": ""18.0""}, {""type"": ""Angle"", ""value"": ""5.95""}, {""type"": ""KeyPass""}]"
2944995183.0,57,9.0,SecondHalf,Andy Robertson,115726,424,h,15.6,83.0,55.6,79.4,Unsuccessful,40.16167327191436,-5.142764557884234,Forward,Chipped,"[{""type"": ""Longball""}, {""type"": ""Zone"", ""value"": ""Left""}, {""type"": ""PassEndX"", ""value"": ""55.6""}, {""type"": ""PassEndY"", ""value"": ""79.4""}, {""type"": ""Chipped""}, {""type"": ""Length"", ""value"": ""42.1""}, {""type"": ""Angle"", ""value"": ""6.22""}]"
2944995185.0,57,11.0,SecondHalf,Issa Diop,300359,495,a,45.9,19.0,60.2,23.3,Unsuccessful,14.932514858522664,16.73599585147607,Forward,Short,"[{""type"": ""HeadPass""}, {""type"": ""Zone"", ""value"": ""Center""}, {""type"": ""PassEndX"", ""value"": ""60.2""}, {""type"": ""PassEndY"", ""value"": ""23.3""}, {""type"": ""Length"", ""value"": ""15.3""}, {""type"": ""Angle"", ""value"": ""0.19""}]"
2944995191.0,57,13.0,SecondHalf,Ryan Christie,128882,424,h,44.1,73.3,62.5,67.3,Unsuccessful,19.35355264544471,-18.06047193619919,Forward,Short,"[{""type"": ""HeadPass""}, {""type"": ""Zone"", ""value"": ""Center""}, {""type"": ""PassEndX"", ""value"": ""62.5""}, {""type"": ""PassEndY"", ""value"": ""67.3""}, {""type"": ""Length"", ""value"": ""19.7""}, {""type"": ""Angle"", ""value"": ""6.08""}]"
2944995199.0,57,15.0,SecondHalf,Chadi Riad,454342,495,a,37.5,32.7,46.9,24.4,Successful,12.539936203984455,-41.443818905744905,Forward,Short,"[{""type"": ""HeadPass""}, {""type"": ""Zone"", ""value"": ""Back""}, {""type"": ""PassEndX"", ""value"": ""46.9""}, {""type"": ""PassEndY"", ""value"": ""24.4""}, {""type"": ""Length"", ""value"": ""11.4""}, {""type"": ""Angle"", ""value"": ""5.76""}]"
2944995205.0,57,16.0,SecondHalf,Ayyoub Bouaddi,504830,495,a,45.3,25.4,27.9,24.1,Successful,17.44849563716024,-175.72721923239078,Backward,Short,"[{""type"": ""Zone"", ""value"": ""Back""}, {""type"": ""PassEndX"", ""value"": ""27.9""}, {""type"": ""PassEndY"", ""value"": ""24.1""}, {""type"": ""Length"", ""value"": ""18.3""}, {""type"": ""Angle"", ""value"": ""3.19""}]"
2944995207.0,57,18.0,SecondHalf,Issa Diop,300359,495,a,28.1,25.2,35.2,30.9,Successful,9.10494371207203,38.75808565258494,Forward,Short,"[{""type"": ""Zone"", ""value"": ""Back""}, {""type"": ""PassEndX"", ""value"": ""35.2""}, {""type"": ""PassEndY"", ""value"": ""30.9""}, {""type"": ""Length"", ""value"": ""8.4""}, {""type"": ""Angle"", ""value"": ""0.48""}]"
2944995211.0,57,21.0,SecondHalf,Ayyoub Bouaddi,504830,495,a,33.9,29.4,35.1,14.8,Successful,14.649232061783987,-85.30131948270056,Lateral,Short,"[{""type"": ""Zone"", ""value"": ""Back""}, {""type"": ""PassEndX"", ""value"": ""35.1""}, {""type"": ""PassEndY"", ""value"": ""14.8""}, {""type"": ""Length"", ""value"": ""10.0""}, {""type"": ""Angle"", ""value"": ""4.84""}]"
2944995219.0,57,23.0,SecondHalf,Azzedine Ounahi,392361,495,a,35.5,13.8,46.3,3.0,Successful,15.273506473629425,-45.000000000000014,Forward,Short,"[{""type"": ""Zone"", ""value"": ""Back""}, {""type"": ""PassEndX"", ""value"": ""46.3""}, {""type"": ""PassEndY"", ""value"": ""3.0""}, {""type"": ""Length"", ""value"": ""13.5""}, {""type"": ""Angle"", ""value"": ""5.71""}]"
2944995223.0,57,28.0,SecondHalf,Achraf Hakimi,320834,495,a,60.9,3.9,72.3,3.8,Successful,11.400438588054408,-0.5025816667210316,Forward,Short,"[{""type"": ""Zone"", ""value"": ""Right""}, {""type"": ""PassEndX"", ""value"": ""72.3""}, {""type"": ""PassEndY"", ""value"": ""3.8""}, {""type"": ""Length"", ""value"": ""12.0""}, {""type"": ""Angle"", ""value"": ""6.28""}]"
2944995227.0,57,33.0,SecondHalf,Azzedine Ounahi,392361,495,a,74.1,9.6,75.6,20.9,Successful,11.39912277326637,82.43857157233303,Lateral,Short,"[{""type"": ""Zone"", ""value"": ""Right""}, {""type"": ""PassEndX"", ""value"": ""75.6""}, {""type"": ""PassEndY"", ""value"": ""20.9""}, {""type"": ""Length"", ""value"": ""7.8""}, {""type"": ""Angle"", ""value"": ""1.37""}]"
2944995229.0,57,34.0,SecondHalf,Achraf Hakimi,320834,495,a,75.6,20.9,70.3,11.5,Successful,10.791200118615166,-119.41559883309554,Backward,Short,"[{""type"": ""Zone"", ""value"": ""Right""}, {""type"": ""PassEndX"", ""value"": ""70.3""}, {""type"": ""PassEndY"", ""value"": ""11.5""}, {""type"": ""Length"", ""value"": ""8.5""}, {""type"": ""Angle"", ""value"": ""4.00""}]"
2944995233.0,57,35.0,SecondHalf,Azzedine Ounahi,392361,495,a,70.3,11.5,66.8,24.6,Successful,13.55949851580065,104.95863607372087,Lateral,Short,"[{""type"": ""Zone"", ""value"": ""Center""}, {""type"": ""PassEndX"", ""value"": ""66.8""}, {""type"": ""PassEndY"", ""value"": ""24.6""}, {""type"": ""Length"", ""value"": ""9.6""}, {""type"": ""Angle"", ""value"": ""1.96""}]"
2944995237.0,57,36.0,SecondHalf,Bilal El Khannouss,433572,495,a,66.8,24.6,74.0,22.9,Successful,7.397972695272675,-13.284866484902206,Forward,Short,"[{""type"": ""Zone"", ""value"": ""Center""}, {""type"": ""PassEndX"", ""value"": ""74.0""}, {""type"": ""PassEndY"", ""value"": ""22.9""}, {""type"": ""Length"", ""value"": ""7.6""}, {""type"": ""Angle"", ""value"": ""6.13""}]"
2944995241.0,57,37.0,SecondHalf,Achraf Hakimi,320834,495,a,74.0,22.9,66.1,22.9,Successful,7.900000000000006,180.0,Backward,Short,"[{""type"": ""Zone"", ""value"": ""Center""}, {""type"": ""PassEndX"", ""value"": ""66.1""}, {""type"": ""PassEndY"", ""value"": ""22.9""}, {""type"": ""Length"", ""value"": ""8.3""}, {""type"": ""Angle"", ""value"": ""3.14""}]"
2944995243.0,57,38.0,SecondHalf,Bilal El Khannouss,433572,495,a,67.1,20.9,70.7,4.9,Successful,16.4,-77.31961650818016,Lateral,Short,"[{""type"": ""Zone"", ""value"": ""Right""}, {""type"": ""PassEndX"", ""value"": ""70.7""}, {""type"": ""PassEndY"", ""value"": ""4.9""}, {""type"": ""Length"", ""value"": ""11.5""}, {""type"": ""Angle"", ""value"": ""5.05""}]"
2944995245.0,57,40.0,SecondHalf,Azzedine Ounahi,392361,495,a,70.7,4.9,71.9,18.0,Unsuccessful,13.154847015454036,84.76613835278356,Lateral,Short,"[{""type"": ""Zone"", ""value"": ""Right""}, {""type"": ""PassEndX"", ""value"": ""71.9""}, {""type"": ""PassEndY"", ""value"": ""18.0""}, {""type"": ""Length"", ""value"": ""9.0""}, {""type"": ""Angle"", ""value"": ""1.43""}]"
2944995319.0,59,15.0,SecondHalf,Achraf Hakimi,320834,495,a,71.2,0.0,34.0,8.7,Successful,38.203795622948256,166.83676751030052,Backward,ThrowIn,"[{""type"": ""Longball""}, {""type"": ""Zone"", ""value"": ""Back""}, {""type"": ""ThrowIn""}, {""type"": ""PassEndX"", ""value"": ""34.0""}, {""type"": ""PassEndY"", ""value"": ""8.7""}, {""type"": ""Length"", ""value"": ""39.7""}, {""type"": ""Angle"", ""value"": ""2.96""}]"
2944995323.0,59,21.0,SecondHalf,Issa Diop,300359,495,a,34.0,8.7,12.5,34.2,Successful,33.354160160315836,130.1354855622395,Backward,Short,"[{""type"": ""Zone"", ""value"": ""Back""}, {""type"": ""PassEndX"", ""value"": ""12.5""}, {""type"": ""PassEndY"", ""value"": ""34.2""}, {""type"": ""Length"", ""value"": ""28.5""}, {""type"": ""Angle"", ""value"": ""2.49""}]"
2944995327.0,59,26.0,SecondHalf,Yassine Bounou,136220,495,a,12.3,36.8,24.3,14.3,Successful,25.499999999999996,-61.92751306414704,Forward,Short,"[{""type"": ""Zone"", ""value"": ""Back""}, {""type"": ""PassEndX"", ""value"": ""24.3""}, {""type"": ""PassEndY"", ""value"": ""14.3""}, {""type"": ""Length"", ""value"": ""19.8""}, {""type"": ""Angle"", ""value"": ""5.40""}]"
2944995329.0,59,35.0,SecondHalf,Issa Diop,300359,495,a,20.7,27.1,6.1,38.6,Successful,18.585209172887993,141.77351290902845,Backward,Short,"[{""type"": ""Zone"", ""value"": ""Back""}, {""type"": ""PassEndX"", ""value"": ""6.1""}, {""type"": ""PassEndY"", ""value"": ""38.6""}, {""type"": ""Length"", ""value"": ""17.2""}, {""type"": ""Angle"", ""value"": ""2.67""}]"
2944995331.0,59,37.0,SecondHalf,Yassine Bounou,136220,495,a,7.3,42.7,10.4,70.8,Successful,28.270479302622366,83.70457057272777,Lateral,Short,"[{""type"": ""Zone"", ""value"": ""Back""}, {""type"": ""PassEndX"", ""value"": ""10.4""}, {""type"": ""PassEndY"", ""value"": ""70.8""}, {""type"": ""Length"", ""value"": ""19.4""}, {""type"": ""Angle"", ""value"": ""1.40""}]"
2944995335.0,59,42.0,SecondHalf,Chadi Riad,454342,495,a,12.5,75.6,61.8,83.2,Unsuccessful,49.882361612096915,8.763627825042157,Forward,Short,"[{""type"": ""Longball""}, {""type"": ""Zone"", ""value"": ""Left""}, {""type"": ""PassEndX"", ""value"": ""61.8""}, {""type"": ""PassEndY"", ""value"": ""83.2""}, {""type"": ""Length"", ""value"": ""52.0""}, {""type"": ""Angle"", ""value"": ""0.10""}]"
2944995339.0,59,46.0,SecondHalf,Nathan Patterson,396975,424,h,38.7,20.1,44.8,37.4,Successful,18.343936327844137,70.5772907774382,Forward,Short,"[{""type"": ""HeadPass""}, {""type"": ""Zone"", ""value"": ""Back""}, {""type"": ""PassEndX"", ""value"": ""44.8""}, {""type"": ""PassEndY"", ""value"": ""37.4""}, {""type"": ""Length"", ""value"": ""13.4""}, {""type"": ""Angle"", ""value"": ""1.07""}]"
2944995341.0,59,47.0,SecondHalf,Lewis Ferguson,396971,424,h,44.8,37.4,68.9,28.2,Unsuccessful,25.796317566660562,-20.89399281302662,Forward,Short,"[{""type"": ""Longball""}, {""type"": ""Zone"", ""value"": ""Center""}, {""type"": ""PassEndX"", ""value"": ""68.9""}, {""type"": ""PassEndY"", ""value"": ""28.2""}, {""type"": ""Length"", ""value"": ""26.1""}, {""type"": ""Angle"", ""value"": ""6.04""}]"
2944995351.0,59,51.0,SecondHalf,Neil El Aynaoui,486734,495,a,34.9,75.1,28.5,84.8,Successful,11.621101496846158,123.41658139531292,Backward,Short,"[{""type"": ""Zone"", ""value"": ""Back""}, {""type"": ""PassEndX"", ""value"": ""28.5""}, {""type"": ""PassEndY"", ""value"": ""84.8""}, {""type"": ""Length"", ""value"": ""9.4""}, {""type"": ""Angle"", ""value"": ""2.37""}]"
2944995355.0,59,53.0,SecondHalf,Noussair Mazraoui,349932,495,a,28.5,84.8,41.3,88.5,Successful,13.324038426843416,16.12259877771721,Forward,Chipped,"[{""type"": ""Zone"", ""value"": ""Back""}, {""type"": ""PassEndX"", ""value"": ""41.3""}, {""type"": ""PassEndY"", ""value"": ""88.5""}, {""type"": ""Chipped""}, {""type"": ""Length"", ""value"": ""13.7""}, {""type"": ""Angle"", ""value"": ""0.19""}]"
2944995357.0,59,54.0,SecondHalf,Bilal El Khannouss,433572,495,a,39.0,93.0,38.9,83.6,Unsuccessful,9.400531899844824,-90.6095065766752,Lateral,Short,"[{""type"": ""Zone"", ""value"": ""Back""}, {""type"": ""PassEndX"", ""value"": ""38.9""}, {""type"": ""PassEndY"", ""value"": ""83.6""}, {""type"": ""Length"", ""value"": ""6.4""}, {""type"": ""Angle"", ""value"": ""4.70""}]"
2944995369.0,59,57.0,SecondHalf,Jack Hendry,280210,424,h,45.9,32.5,34.1,26.7,Successful,13.148383931114878,-153.82471001824007,Backward,Short,"[{""type"": ""Zone"", ""value"": ""Back""}, {""type"": ""PassEndX"", ""value"": ""34.1""}, {""type"": ""PassEndY"", ""value"": ""26.7""}, {""type"": ""Length"", ""value"": ""13.0""}, {""type"": ""Angle"", ""value"": ""3.45""}]"
2944995373.0,60,0.0,SecondHalf,Grant Hanley,86593,424,h,37.6,28.3,47.1,36.9,Successful,12.814444974324873,42.153383084183886,Forward,Short,"[{""type"": ""Zone"", ""value"": ""Back""}, {""type"": ""PassEndX"", ""value"": ""47.1""}, {""type"": ""PassEndY"", ""value"": ""36.9""}, {""type"": ""Length"", ""value"": ""11.6""}, {""type"": ""Angle"", ""value"": ""0.53""}]"
2944995375.0,60,1.0,SecondHalf,Scott McTominay,336915,424,h,47.1,36.9,32.9,56.3,Successful,24.041630560342615,126.20258929000894,Backward,Short,"[{""type"": ""Zone"", ""value"": ""Back""}, {""type"": ""PassEndX"", ""value"": ""32.9""}, {""type"": ""PassEndY"", ""value"": ""56.3""}, {""type"": ""LayOff""}, {""type"": ""Length"", ""value"": ""19.9""}, {""type"": ""Angle"", ""value"": ""2.42""}]"
2944995377.0,60,3.0,SecondHalf,Jack Hendry,280210,424,h,32.3,56.6,34.6,76.1,Successful,19.635172522796935,83.27311595099866,Lateral,Short,"[{""type"": ""Zone"", ""value"": ""Back""}, {""type"": ""PassEndX"", ""value"": ""34.6""}, {""type"": ""PassEndY"", ""value"": ""76.1""}, {""type"": ""Length"", ""value"": ""13.5""}, {""type"": ""Angle"", ""value"": ""1.39""}]"
2944995387.0,60,5.0,SecondHalf,Andy Robertson,115726,424,h,34.7,75.9,18.0,48.8,Successful,31.83237345847778,-121.64287728570113,Backward,Short,"[{""type"": ""Zone"", ""value"": ""Back""}, {""type"": ""PassEndX"", ""value"": ""18.0""}, {""type"": ""PassEndY"", ""value"": ""48.8""}, {""type"": ""Length"", ""value"": ""25.4""}, {""type"": ""Angle"", ""value"": ""3.95""}]"
2944995391.0,60,9.0,SecondHalf,Angus Gunn,318896,424,h,17.7,49.4,25.6,20.9,Successful,29.57465130817268,-74.50699983069308,Forward,Short,"[{""type"": ""Zone"", ""value"": ""Back""}, {""type"": ""PassEndX"", ""value"": ""25.6""}, {""type"": ""PassEndY"", ""value"": ""20.9""}, {""type"": ""Length"", ""value"": ""21.1""}, {""type"": ""Angle"", ""value"": ""5.12""}]"
2944995393.0,60,13.0,SecondHalf,Grant Hanley,86593,424,h,27.3,13.5,33.8,26.5,Successful,14.534441853748632,63.43494882292202,Forward,Short,"[{""type"": ""Zone"", ""value"": ""Back""}, {""type"": ""PassEndX"", ""value"": ""33.8""}, {""type"": ""PassEndY"", ""value"": ""26.5""}, {""type"": ""Length"", ""value"": ""11.2""}, {""type"": ""Angle"", ""value"": ""0.91""}]"
2944995395.0,60,16.0,SecondHalf,Lewis Ferguson,396971,424,h,33.3,26.2,39.0,4.0,Successful,22.92007853389687,-75.59997869320895,Forward,Short,"[{""type"": ""Zone"", ""value"": ""Back""}, {""type"": ""PassEndX"", ""value"": ""39.0""}, {""type"": ""PassEndY"", ""value"": ""4.0""}, {""type"": ""Length"", ""value"": ""16.2""}, {""type"": ""Angle"", ""value"": ""5.09""}]"
2944995399.0,60,19.0,SecondHalf,Nathan Patterson,396975,424,h,39.9,4.0,25.6,14.0,Successful,17.44964183013508,145.03487922646644,Backward,Short,"[{""type"": ""Zone"", ""value"": ""Back""}, {""type"": ""PassEndX"", ""value"": ""25.6""}, {""type"": ""PassEndY"", ""value"": ""14.0""}, {""type"": ""Length"", ""value"": ""16.5""}, {""type"": ""Angle"", ""value"": ""2.72""}]"
2944995401.0,60,22.0,SecondHalf,Grant Hanley,86593,424,h,26.1,14.3,29.0,28.5,Successful,14.493101807411689,78.45747429956315,Lateral,Short,"[{""type"": ""Zone"", ""value"": ""Back""}, {""type"": ""PassEndX"", ""value"": ""29.0""}, {""type"": ""PassEndY"", ""value"": ""28.5""}, {""type"": ""Length"", ""value"": ""10.1""}, {""type"": ""Angle"", ""value"": ""1.27""}]"
2944995405.0,60,24.0,SecondHalf,Lewis Ferguson,396971,424,h,28.7,30.0,25.4,64.8,Successful,34.95611534481485,95.41702211385662,Lateral,Short,"[{""type"": ""Zone"", ""value"": ""Back""}, {""type"": ""PassEndX"", ""value"": ""25.4""}, {""type"": ""PassEndY"", ""value"": ""64.8""}, {""type"": ""Length"", ""value"": ""23.9""}, {""type"": ""Angle"", ""value"": ""1.72""}]"
2944995407.0,60,28.0,SecondHalf,Jack Hendry,280210,424,h,26.4,68.1,30.6,88.9,Successful,21.21980207259249,78.58416047559298,Lateral,Short,"[{""type"": ""Zone"", ""value"": ""Back""}, {""type"": ""PassEndX"", ""value"": ""30.6""}, {""type"": ""PassEndY"", ""value"": ""88.9""}, {""type"": ""Length"", ""value"": ""14.8""}, {""type"": ""Angle"", ""value"": ""1.27""}]"
2944995413.0,60,29.0,SecondHalf,Andy Robertson,115726,424,h,31.6,87.9,27.6,59.7,Successful,28.482275190019497,-98.0732048758252,Lateral,Short,"[{""type"": ""Zone"", ""value"": ""Back""}, {""type"": ""PassEndX"", ""value"": ""27.6""}, {""type"": ""PassEndY"", ""value"": ""59.7""}, {""type"": ""Length"", ""value"": ""19.6""}, {""type"": ""Angle"", ""value"": ""4.50""}]"
2944995417.0,60,33.0,SecondHalf,Scott McTominay,336915,424,h,30.6,54.9,65.2,22.1,Unsuccessful,47.67598976424087,-43.47020927571364,Forward,Chipped,"[{""type"": ""Longball""}, {""type"": ""Zone"", ""value"": ""Center""}, {""type"": ""PassEndX"", ""value"": ""65.2""}, {""type"": ""PassEndY"", ""value"": ""22.1""}, {""type"": ""Chipped""}, {""type"": ""Length"", ""value"": ""42.6""}, {""type"": ""Angle"", ""value"": ""5.73""}]"
2944995419.0,60,36.0,SecondHalf,Noussair Mazraoui,349932,495,a,36.2,80.8,42.7,83.2,Successful,6.928924880528005,20.26569747094755,Forward,Short,"[{""type"": ""HeadPass""}, {""type"": ""Zone"", ""value"": ""Back""}, {""type"": ""PassEndX"", ""value"": ""42.7""}, {""type"": ""PassEndY"", ""value"": ""83.2""}, {""type"": ""Length"", ""value"": ""7.0""}, {""type"": ""Angle"", ""value"": ""0.23""}]"
2944995425.0,60,38.0,SecondHalf,Azzedine Ounahi,392361,495,a,42.7,83.2,63.4,78.2,Successful,21.295304646799487,-13.579453081689094,Forward,Short,"[{""type"": ""Zone"", ""value"": ""Center""}, {""type"": ""PassEndX"", ""value"": ""63.4""}, {""type"": ""PassEndY"", ""value"": ""78.2""}, {""type"": ""Length"", ""value"": ""22.0""}, {""type"": ""Angle"", ""value"": ""6.13""}]"
2944995429.0,60,44.0,SecondHalf,Bilal El Khannouss,433572,495,a,95.6,76.7,94.9,72.2,Unsuccessful,4.554119014694279,-98.84181456019154,Lateral,Cross,"[{""type"": ""Cross""}, {""type"": ""Zone"", ""value"": ""Center""}, {""type"": ""LeftFoot""}, {""type"": ""PassEndX"", ""value"": ""94.9""}, {""type"": ""PassEndY"", ""value"": ""72.2""}, {""type"": ""Length"", ""value"": ""3.1""}, {""type"": ""Angle"", ""value"": ""4.48""}]"
2944995447.0,60,50.0,SecondHalf,Ryan Christie,128882,424,h,20.9,29.5,26.1,15.3,Successful,15.122169156572744,-69.88741171092451,Forward,Short,"[{""type"": ""Zone"", ""value"": ""Back""}, {""type"": ""PassEndX"", ""value"": ""26.1""}, {""type"": ""PassEndY"", ""value"": ""15.3""}, {""type"": ""Length"", ""value"": ""11.1""}, {""type"": ""Angle"", ""value"": ""5.23""}]"
2944995451.0,60,51.0,SecondHalf,Ben Gannon-Doak,430350,424,h,26.3,15.2,35.3,30.4,Unsuccessful,17.664653973401233,59.37000151517931,Forward,Chipped,"[{""type"": ""Zone"", ""value"": ""Back""}, {""type"": ""PassEndX"", ""value"": ""35.3""}, {""type"": ""PassEndY"", ""value"": ""30.4""}, {""type"": ""Chipped""}, {""type"": ""Length"", ""value"": ""14.0""}, {""type"": ""Angle"", ""value"": ""0.83""}]"
2944995459.0,60,52.0,SecondHalf,Ayyoub Bouaddi,504830,495,a,63.4,69.1,66.5,77.9,Successful,9.330058949438648,70.59402924599884,Lateral,Short,"[{""type"": ""Zone"", ""value"": ""Center""}, {""type"": ""PassEndX"", ""value"": ""66.5""}, {""type"": ""PassEndY"", ""value"": ""77.9""}, {""type"": ""Length"", ""value"": ""6.8""}, {""type"": ""Angle"", ""value"": ""1.07""}]"
2944995461.0,60,55.0,SecondHalf,Neil El Aynaoui,486734,495,a,64.8,74.9,67.4,88.6,Successful,13.944532978913267,79.2541427704221,Lateral,Short,"[{""type"": ""Zone"", ""value"": ""Left""}, {""type"": ""PassEndX"", ""value"": ""67.4""}, {""type"": ""PassEndY"", ""value"": ""88.6""}, {""type"": ""Length"", ""value"": ""9.7""}, {""type"": ""Angle"", ""value"": ""1.29""}]"
2944995463.0,60,56.0,SecondHalf,Noussair Mazraoui,349932,495,a,67.4,88.6,78.0,93.3,Successful,11.59525765129865,23.912317551750913,Forward,Short,"[{""type"": ""Zone"", ""value"": ""Left""}, {""type"": ""PassEndX"", ""value"": ""78.0""}, {""type"": ""PassEndY"", ""value"": ""93.3""}, {""type"": ""Length"", ""value"": ""11.6""}, {""type"": ""Angle"", ""value"": ""0.28""}]"
2944995465.0,60,59.0,SecondHalf,Bilal El Khannouss,433572,495,a,77.1,92.3,89.0,89.6,Successful,12.202458768625286,-12.783453941424371,Forward,Short,"[{""type"": ""Zone"", ""value"": ""Left""}, {""type"": ""PassEndX"", ""value"": ""89.0""}, {""type"": ""PassEndY"", ""value"": ""89.6""}, {""type"": ""Length"", ""value"": ""12.6""}, {""type"": ""Angle"", ""value"": ""6.14""}]"
2944995505.0,61,38.0,SecondHalf,Achraf Hakimi,320834,495,a,81.8,88.1,88.2,56.8,Unsuccessful,31.94761336938958,-78.44386249958069,Forward,Cross,"[{""type"": ""Cross""}, {""type"": ""FreekickTaken""}, {""type"": ""RightFoot""}, {""type"": ""Zone"", ""value"": ""Center""}, {""type"": ""PassEndX"", ""value"": ""88.2""}, {""type"": ""PassEndY"", ""value"": ""56.8""}, {""type"": ""Chipped""}, {""type"": ""Length"", ""value"": ""22.3""}, {""type"": ""Angle"", ""value"": ""5.02""}]"
2944995515.0,61,43.0,SecondHalf,Bilal El Khannouss,433572,495,a,73.0,46.0,78.2,66.2,Successful,20.858571379651103,75.56402502102479,Forward,Short,"[{""type"": ""HeadPass""}, {""type"": ""Zone"", ""value"": ""Center""}, {""type"": ""PassEndX"", ""value"": ""78.2""}, {""type"": ""PassEndY"", ""value"": ""66.2""}, {""type"": ""Length"", ""value"": ""14.8""}, {""type"": ""Angle"", ""value"": ""1.19""}]"
2944995519.0,61,46.0,SecondHalf,Issa Diop,300359,495,a,78.2,66.2,90.7,66.5,Unsuccessful,12.503599481749246,1.3748347805693921,Forward,Short,"[{""type"": ""HeadPass""}, {""type"": ""Zone"", ""value"": ""Center""}, {""type"": ""PassEndX"", ""value"": ""90.7""}, {""type"": ""PassEndY"", ""value"": ""66.5""}, {""type"": ""Length"", ""value"": ""13.1""}, {""type"": ""Angle"", ""value"": ""0.02""}]"
2944995529.0,61,50.0,SecondHalf,Neil El Aynaoui,486734,495,a,70.7,73.6,78.6,85.0,Successful,13.869751259485515,55.27871980413231,Forward,Short,"[{""type"": ""Zone"", ""value"": ""Left""}, {""type"": ""PassEndX"", ""value"": ""78.6""}, {""type"": ""PassEndY"", ""value"": ""85.0""}, {""type"": ""ShotAssist"", ""value"": ""13""}, {""type"": ""Length"", ""value"": ""11.4""}, {""type"": ""Angle"", ""value"": ""0.75""}, {""type"": ""KeyPass""}]"
2944995547.0,62,3.0,SecondHalf,Jack Hendry,280210,424,h,4.3,62.6,4.3,49.7,Successful,12.899999999999999,-90.0,Lateral,GoalKick,"[{""type"": ""Zone"", ""value"": ""Back""}, {""type"": ""GoalKick""}, {""type"": ""PassEndX"", ""value"": ""4.3""}, {""type"": ""PassEndY"", ""value"": ""49.7""}, {""type"": ""Length"", ""value"": ""8.8""}, {""type"": ""Angle"", ""value"": ""4.71""}]"
2944995553.0,62,4.0,SecondHalf,Angus Gunn,318896,424,h,3.7,50.9,17.5,55.4,Successful,14.515164484083535,18.060471936199185,Forward,Short,"[{""type"": ""Zone"", ""value"": ""Back""}, {""type"": ""PassEndX"", ""value"": ""17.5""}, {""type"": ""PassEndY"", ""value"": ""55.4""}, {""type"": ""Length"", ""value"": ""14.8""}, {""type"": ""Angle"", ""value"": ""0.21""}]"
2944995557.0,62,8.0,SecondHalf,Jack Hendry,280210,424,h,18.8,55.5,19.2,31.0,Successful,24.503265088555036,-89.06464180424285,Lateral,Short,"[{""type"": ""Zone"", ""value"": ""Back""}, {""type"": ""PassEndX"", ""value"": ""19.2""}, {""type"": ""PassEndY"", ""value"": ""31.0""}, {""type"": ""Length"", ""value"": ""16.7""}, {""type"": ""Angle"", ""value"": ""4.74""}]"
2944995561.0,62,10.0,SecondHalf,Grant Hanley,86593,424,h,18.9,28.8,7.2,51.9,Successful,25.8940147524481,116.8619178444027,Backward,Short,"[{""type"": ""Zone"", ""value"": ""Back""}, {""type"": ""PassEndX"", ""value"": ""7.2""}, {""type"": ""PassEndY"", ""value"": ""51.9""}, {""type"": ""Length"", ""value"": ""19.9""}, {""type"": ""Angle"", ""value"": ""2.23""}]"
2944995565.0,62,13.0,SecondHalf,Angus Gunn,318896,424,h,6.8,51.8,15.3,58.1,Successful,10.580170130957255,36.54497232282257,Forward,Short,"[{""type"": ""Zone"", ""value"": ""Back""}, {""type"": ""PassEndX"", ""value"": ""15.3""}, {""type"": ""PassEndY"", ""value"": ""58.1""}, {""type"": ""Length"", ""value"": ""9.9""}, {""type"": ""Angle"", ""value"": ""0.45""}]"
2944995573.0,62,20.0,SecondHalf,Jack Hendry,280210,424,h,38.2,65.8,50.7,62.0,Unsuccessful,13.064838307457157,-16.909271810540773,Forward,Short,"[{""type"": ""Zone"", ""value"": ""Center""}, {""type"": ""PassEndX"", ""value"": ""50.7""}, {""type"": ""PassEndY"", ""value"": ""62.0""}, {""type"": ""Length"", ""value"": ""13.4""}, {""type"": ""Angle"", ""value"": ""6.09""}]"
2944995575.0,62,21.0,SecondHalf,Issa Diop,300359,495,a,48.4,38.5,69.3,45.9,Unsuccessful,22.1713779454503,19.497373592635356,Forward,Short,"[{""type"": ""Zone"", ""value"": ""Center""}, {""type"": ""PassEndX"", ""value"": ""69.3""}, {""type"": ""PassEndY"", ""value"": ""45.9""}, {""type"": ""Length"", ""value"": ""22.5""}, {""type"": ""Angle"", ""value"": ""0.23""}]"
2944995579.0,62,23.0,SecondHalf,Lewis Ferguson,396971,424,h,36.3,58.4,70.8,84.4,Unsuccessful,43.2001157405857,37.00252652819618,Forward,Chipped,"[{""type"": ""Longball""}, {""type"": ""Zone"", ""value"": ""Left""}, {""type"": ""PassEndX"", ""value"": ""70.8""}, {""type"": ""PassEndY"", ""value"": ""84.4""}, {""type"": ""Chipped""}, {""type"": ""Length"", ""value"": ""40.3""}, {""type"": ""Angle"", ""value"": ""0.45""}]"
2944995585.0,62,26.0,SecondHalf,Achraf Hakimi,320834,495,a,20.8,14.7,4.3,42.1,Successful,31.984527509406796,121.05592124536314,Backward,Short,"[{""type"": ""Zone"", ""value"": ""Back""}, {""type"": ""PassEndX"", ""value"": ""4.3""}, {""type"": ""PassEndY"", ""value"": ""42.1""}, {""type"": ""Length"", ""value"": ""25.4""}, {""type"": ""Angle"", ""value"": ""2.32""}]"
2944995595.0,62,29.0,SecondHalf,Yassine Bounou,136220,495,a,4.3,42.1,10.6,4.8,Successful,37.828296287303246,-80.41317607677715,Forward,Short,"[{""type"": ""Zone"", ""value"": ""Back""}, {""type"": ""PassEndX"", ""value"": ""10.6""}, {""type"": ""PassEndY"", ""value"": ""4.8""}, {""type"": ""Length"", ""value"": ""26.2""}, {""type"": ""Angle"", ""value"": ""4.97""}]"
2944995603.0,62,38.0,SecondHalf,Achraf Hakimi,320834,495,a,18.2,7.2,18.0,53.5,Successful,46.30043196342773,90.24749642828729,Lateral,Short,"[{""type"": ""Zone"", ""value"": ""Back""}, {""type"": ""PassEndX"", ""value"": ""18.0""}, {""type"": ""PassEndY"", ""value"": ""53.5""}, {""type"": ""Length"", ""value"": ""31.5""}, {""type"": ""Angle"", ""value"": ""1.58""}]"
2944995607.0,62,43.0,SecondHalf,Chadi Riad,454342,495,a,26.9,71.8,26.6,95.9,Successful,24.10186714758839,90.71318863501757,Lateral,Short,"[{""type"": ""Zone"", ""value"": ""Back""}, {""type"": ""PassEndX"", ""value"": ""26.6""}, {""type"": ""PassEndY"", ""value"": ""95.9""}, {""type"": ""Length"", ""value"": ""16.4""}, {""type"": ""Angle"", ""value"": ""1.59""}]"
2944995609.0,62,45.0,SecondHalf,Noussair Mazraoui,349932,495,a,26.0,94.2,23.3,75.4,Successful,18.99289340779861,-98.17276487755451,Lateral,Short,"[{""type"": ""Zone"", ""value"": ""Back""}, {""type"": ""PassEndX"", ""value"": ""23.3""}, {""type"": ""PassEndY"", ""value"": ""75.4""}, {""type"": ""Length"", ""value"": ""13.1""}, {""type"": ""Angle"", ""value"": ""4.49""}]"
2944995613.0,62,48.0,SecondHalf,Chadi Riad,454342,495,a,22.5,72.9,26.7,94.7,Successful,22.200900882621855,79.09497795476555,Lateral,Short,"[{""type"": ""Zone"", ""value"": ""Back""}, {""type"": ""PassEndX"", ""value"": ""26.7""}, {""type"": ""PassEndY"", ""value"": ""94.7""}, {""type"": ""Length"", ""value"": ""15.5""}, {""type"": ""Angle"", ""value"": ""1.28""}]"
2944995617.0,62,50.0,SecondHalf,Noussair Mazraoui,349932,495,a,26.8,94.1,23.7,73.3,Successful,21.029740844813087,-98.47687822446103,Lateral,Short,"[{""type"": ""Zone"", ""value"": ""Back""}, {""type"": ""PassEndX"", ""value"": ""23.7""}, {""type"": ""PassEndY"", ""value"": ""73.3""}, {""type"": ""Length"", ""value"": ""14.5""}, {""type"": ""Angle"", ""value"": ""4.49""}]"
2944995625.0,62,53.0,SecondHalf,Chadi Riad,454342,495,a,23.8,72.8,24.8,55.6,Successful,17.229045243425414,-86.67259575827343,Lateral,Short,"[{""type"": ""Zone"", ""value"": ""Back""}, {""type"": ""PassEndX"", ""value"": ""24.8""}, {""type"": ""PassEndY"", ""value"": ""55.6""}, {""type"": ""Length"", ""value"": ""11.7""}, {""type"": ""Angle"", ""value"": ""4.80""}]"
2944995627.0,62,56.0,SecondHalf,Neil El Aynaoui,486734,495,a,26.1,51.7,27.3,23.3,Successful,28.425340807103794,-87.58049078334368,Lateral,Short,"[{""type"": ""Zone"", ""value"": ""Back""}, {""type"": ""PassEndX"", ""value"": ""27.3""}, {""type"": ""PassEndY"", ""value"": ""23.3""}, {""type"": ""Length"", ""value"": ""19.4""}, {""type"": ""Angle"", ""value"": ""4.78""}]"
2944995633.0,62,59.0,SecondHalf,Azzedine Ounahi,392361,495,a,27.8,23.9,27.1,40.6,Successful,16.714664220378467,92.40021446085665,Lateral,Short,"[{""type"": ""Zone"", ""value"": ""Back""}, {""type"": ""PassEndX"", ""value"": ""27.1""}, {""type"": ""PassEndY"", ""value"": ""40.6""}, {""type"": ""Length"", ""value"": ""11.4""}, {""type"": ""Angle"", ""value"": ""1.64""}]"
2944995635.0,63,1.0,SecondHalf,Neil El Aynaoui,486734,495,a,27.1,39.9,34.0,46.4,Successful,9.479451460923253,43.290185955858476,Forward,Short,"[{""type"": ""Zone"", ""value"": ""Back""}, {""type"": ""PassEndX"", ""value"": ""34.0""}, {""type"": ""PassEndY"", ""value"": ""46.4""}, {""type"": ""Length"", ""value"": ""8.5""}, {""type"": ""Angle"", ""value"": ""0.55""}]"
2944995639.0,63,2.0,SecondHalf,Ayyoub Bouaddi,504830,495,a,34.0,46.4,19.4,34.6,Successful,18.772320048411704,-141.05419189411484,Backward,Short,"[{""type"": ""Zone"", ""value"": ""Back""}, {""type"": ""PassEndX"", ""value"": ""19.4""}, {""type"": ""PassEndY"", ""value"": ""34.6""}, {""type"": ""Length"", ""value"": ""17.3""}, {""type"": ""Angle"", ""value"": ""3.62""}]"
2944995645.0,63,4.0,SecondHalf,Issa Diop,300359,495,a,16.4,34.0,5.6,53.5,Successful,22.291029585911907,118.97970769792877,Backward,Short,"[{""type"": ""Zone"", ""value"": ""Back""}, {""type"": ""PassEndX"", ""value"": ""5.6""}, {""type"": ""PassEndY"", ""value"": ""53.5""}, {""type"": ""Length"", ""value"": ""17.4""}, {""type"": ""Angle"", ""value"": ""2.28""}]"
2944995649.0,63,7.0,SecondHalf,Yassine Bounou,136220,495,a,5.6,53.5,10.4,21.6,Successful,32.259107241211744,-81.44288746693356,Lateral,Chipped,"[{""type"": ""Zone"", ""value"": ""Back""}, {""type"": ""PassEndX"", ""value"": ""10.4""}, {""type"": ""PassEndY"", ""value"": ""21.6""}, {""type"": ""Chipped""}, {""type"": ""Length"", ""value"": ""22.3""}, {""type"": ""Angle"", ""value"": ""4.94""}]"
2944995653.0,63,10.0,SecondHalf,Issa Diop,300359,495,a,11.1,19.8,18.3,15.2,Unsuccessful,8.544003745317532,-32.57405713457252,Forward,Chipped,"[{""type"": ""Zone"", ""value"": ""Back""}, {""type"": ""PassEndX"", ""value"": ""18.3""}, {""type"": ""PassEndY"", ""value"": ""15.2""}, {""type"": ""Chipped""}, {""type"": ""Length"", ""value"": ""8.2""}, {""type"": ""Angle"", ""value"": ""5.89""}]"
2944995657.0,63,13.0,SecondHalf,Andy Robertson,115726,424,h,75.5,88.0,75.7,75.9,Successful,12.10165277968261,-89.05304855322652,Lateral,Short,"[{""type"": ""Zone"", ""value"": ""Center""}, {""type"": ""PassEndX"", ""value"": ""75.7""}, {""type"": ""PassEndY"", ""value"": ""75.9""}, {""type"": ""Length"", ""value"": ""8.2""}, {""type"": ""Angle"", ""value"": ""4.74""}]"
2944995663.0,63,15.0,SecondHalf,Scott McTominay,336915,424,h,77.5,75.2,79.6,54.2,Successful,21.104738804353868,-84.28940686250039,Lateral,Short,"[{""type"": ""Zone"", ""value"": ""Center""}, {""type"": ""PassEndX"", ""value"": ""79.6""}, {""type"": ""PassEndY"", ""value"": ""54.2""}, {""type"": ""ShotAssist"", ""value"": ""13""}, {""type"": ""Length"", ""value"": ""14.4""}, {""type"": ""Angle"", ""value"": ""4.87""}, {""type"": ""KeyPass""}]"
2944995693.0,63,43.0,SecondHalf,Yassine Bounou,136220,495,a,5.1,49.7,8.5,29.9,Successful,20.089798406156298,-80.25635871296284,Lateral,GoalKick,"[{""type"": ""Zone"", ""value"": ""Back""}, {""type"": ""GoalKick""}, {""type"": ""PassEndX"", ""value"": ""8.5""}, {""type"": ""PassEndY"", ""value"": ""29.9""}, {""type"": ""Length"", ""value"": ""13.9""}, {""type"": ""Angle"", ""value"": ""4.97""}]"
2944995695.0,63,45.0,SecondHalf,Issa Diop,300359,495,a,8.5,29.9,13.5,6.4,Successful,24.026027553467927,-77.98852161363456,Lateral,Short,"[{""type"": ""Zone"", ""value"": ""Back""}, {""type"": ""PassEndX"", ""value"": ""13.5""}, {""type"": ""PassEndY"", ""value"": ""6.4""}, {""type"": ""Length"", ""value"": ""16.8""}, {""type"": ""Angle"", ""value"": ""5.03""}]"
2944995697.0,63,50.0,SecondHalf,Achraf Hakimi,320834,495,a,15.3,5.6,6.3,20.3,Successful,17.23629890666787,121.476839349584,Backward,Short,"[{""type"": ""Zone"", ""value"": ""Back""}, {""type"": ""PassEndX"", ""value"": ""6.3""}, {""type"": ""PassEndY"", ""value"": ""20.3""}, {""type"": ""Length"", ""value"": ""13.8""}, {""type"": ""Angle"", ""value"": ""2.33""}]"
2944995699.0,63,52.0,SecondHalf,Issa Diop,300359,495,a,5.6,23.1,3.8,42.1,Successful,19.085072700935672,95.41186915231704,Lateral,Short,"[{""type"": ""Zone"", ""value"": ""Back""}, {""type"": ""PassEndX"", ""value"": ""3.8""}, {""type"": ""PassEndY"", ""value"": ""42.1""}, {""type"": ""Length"", ""value"": ""13.1""}, {""type"": ""Angle"", ""value"": ""1.72""}]"
2944995701.0,63,54.0,SecondHalf,Yassine Bounou,136220,495,a,3.8,42.1,8.8,16.5,Successful,26.083711392361327,-78.94854297333457,Forward,Short,"[{""type"": ""Zone"", ""value"": ""Back""}, {""type"": ""PassEndX"", ""value"": ""8.8""}, {""type"": ""PassEndY"", ""value"": ""16.5""}, {""type"": ""Length"", ""value"": ""18.2""}, {""type"": ""Angle"", ""value"": ""5.01""}]"
2944995703.0,63,58.0,SecondHalf,Issa Diop,300359,495,a,11.9,14.5,36.6,11.5,Successful,24.881519246219675,-6.925081738392679,Forward,Short,"[{""type"": ""Zone"", ""value"": ""Back""}, {""type"": ""PassEndX"", ""value"": ""36.6""}, {""type"": ""PassEndY"", ""value"": ""11.5""}, {""type"": ""Length"", ""value"": ""26.0""}, {""type"": ""Angle"", ""value"": ""6.20""}]"
2944995713.0,64,6.0,SecondHalf,John McGinn,318449,424,h,69.8,88.1,100.0,91.7,Unsuccessful,30.413812651491103,6.797882500286356,Forward,Chipped,"[{""type"": ""Longball""}, {""type"": ""Zone"", ""value"": ""Left""}, {""type"": ""PassEndX"", ""value"": ""100.0""}, {""type"": ""PassEndY"", ""value"": ""91.7""}, {""type"": ""Chipped""}, {""type"": ""Length"", ""value"": ""33.0""}, {""type"": ""Angle"", ""value"": ""0.07""}]"
2944995729.0,64,32.0,SecondHalf,Yassine Bounou,136220,495,a,3.8,46.2,4.0,25.2,Successful,21.000952359357424,-89.45434240658429,Lateral,GoalKick,"[{""type"": ""Zone"", ""value"": ""Back""}, {""type"": ""GoalKick""}, {""type"": ""PassEndX"", ""value"": ""4.0""}, {""type"": ""PassEndY"", ""value"": ""25.2""}, {""type"": ""Length"", ""value"": ""14.3""}, {""type"": ""Angle"", ""value"": ""4.73""}]"
2944995731.0,64,34.0,SecondHalf,Achraf Hakimi,320834,495,a,13.4,8.2,25.3,25.4,Successful,20.915305400591215,55.322172074380404,Forward,Short,"[{""type"": ""Zone"", ""value"": ""Back""}, {""type"": ""PassEndX"", ""value"": ""25.3""}, {""type"": ""PassEndY"", ""value"": ""25.4""}, {""type"": ""Length"", ""value"": ""17.1""}, {""type"": ""Angle"", ""value"": ""0.75""}]"
2944995733.0,64,36.0,SecondHalf,Azzedine Ounahi,392361,495,a,25.3,25.4,27.5,6.6,Successful,18.928285712129345,-83.32553095288243,Lateral,Short,"[{""type"": ""Zone"", ""value"": ""Back""}, {""type"": ""PassEndX"", ""value"": ""27.5""}, {""type"": ""PassEndY"", ""value"": ""6.6""}, {""type"": ""Length"", ""value"": ""13.0""}, {""type"": ""Angle"", ""value"": ""4.89""}]"
2944995737.0,64,37.0,SecondHalf,Neil El Aynaoui,486734,495,a,27.5,6.6,25.9,16.5,Successful,10.02845950283492,99.18054195762616,Lateral,Short,"[{""type"": ""Zone"", ""value"": ""Back""}, {""type"": ""PassEndX"", ""value"": ""25.9""}, {""type"": ""PassEndY"", ""value"": ""16.5""}, {""type"": ""Length"", ""value"": ""6.9""}, {""type"": ""Angle"", ""value"": ""1.82""}]"
2944995749.0,64,40.0,SecondHalf,Achraf Hakimi,320834,495,a,28.1,14.0,36.9,4.1,Successful,13.245754036671524,-48.36646066342981,Forward,Short,"[{""type"": ""Zone"", ""value"": ""Back""}, {""type"": ""PassEndX"", ""value"": ""36.9""}, {""type"": ""PassEndY"", ""value"": ""4.1""}, {""type"": ""Length"", ""value"": ""11.4""}, {""type"": ""Angle"", ""value"": ""5.65""}]"
2944995753.0,64,43.0,SecondHalf,Azzedine Ounahi,392361,495,a,36.8,4.1,32.6,27.2,Successful,23.47871376374779,100.30484646876602,Lateral,Short,"[{""type"": ""Zone"", ""value"": ""Back""}, {""type"": ""PassEndX"", ""value"": ""32.6""}, {""type"": ""PassEndY"", ""value"": ""27.2""}, {""type"": ""Length"", ""value"": ""16.3""}, {""type"": ""Angle"", ""value"": ""1.84""}]"
2944995761.0,64,50.0,SecondHalf,Neil El Aynaoui,486734,495,a,38.9,28.4,43.6,4.4,Successful,24.455878638887626,-78.91980077564492,Lateral,Short,"[{""type"": ""Zone"", ""value"": ""Back""}, {""type"": ""PassEndX"", ""value"": ""43.6""}, {""type"": ""PassEndY"", ""value"": ""4.4""}, {""type"": ""Length"", ""value"": ""17.0""}, {""type"": ""Angle"", ""value"": ""5.01""}]"
2944995765.0,64,53.0,SecondHalf,Azzedine Ounahi,392361,495,a,43.6,4.4,68.8,5.6,Unsuccessful,25.22855524995436,2.7263109939062646,Forward,Chipped,"[{""type"": ""Zone"", ""value"": ""Right""}, {""type"": ""PassEndX"", ""value"": ""68.8""}, {""type"": ""PassEndY"", ""value"": ""5.6""}, {""type"": ""Chipped""}, {""type"": ""Length"", ""value"": ""26.5""}, {""type"": ""Angle"", ""value"": ""0.03""}]"
2944995913.0,65,23.0,SecondHalf,Azzedine Ounahi,392361,495,a,61.3,8.0,63.7,6.2,Successful,3.0000000000000044,-36.86989764584395,Lateral,Short,"[{""type"": ""FreekickTaken""}, {""type"": ""Zone"", ""value"": ""Right""}, {""type"": ""PassEndX"", ""value"": ""63.7""}, {""type"": ""PassEndY"", ""value"": ""6.2""}, {""type"": ""Length"", ""value"": ""2.8""}, {""type"": ""Angle"", ""value"": ""5.83""}]"
2944995927.0,65,24.0,SecondHalf,Achraf Hakimi,320834,495,a,63.9,6.2,59.9,6.8,Successful,4.044749683231337,171.46923439005187,Lateral,Short,"[{""type"": ""Zone"", ""value"": ""Right""}, {""type"": ""PassEndX"", ""value"": ""59.9""}, {""type"": ""PassEndY"", ""value"": ""6.8""}, {""type"": ""Length"", ""value"": ""4.2""}, {""type"": ""Angle"", ""value"": ""3.04""}]"
2944995783.0,65,25.0,SecondHalf,Azzedine Ounahi,392361,495,a,63.1,7.0,54.0,65.2,Successful,58.90713029846217,98.88666531219573,Backward,Chipped,"[{""type"": ""Longball""}, {""type"": ""Zone"", ""value"": ""Center""}, {""type"": ""PassEndX"", ""value"": ""54.0""}, {""type"": ""PassEndY"", ""value"": ""65.2""}, {""type"": ""Chipped""}, {""type"": ""Length"", ""value"": ""40.7""}, {""type"": ""Angle"", ""value"": ""1.81""}]"
2944995789.0,65,27.0,SecondHalf,Noussair Mazraoui,349932,495,a,62.5,77.4,72.4,96.7,Successful,21.691011963483863,62.84429160827533,Forward,Short,"[{""type"": ""Zone"", ""value"": ""Left""}, {""type"": ""PassEndX"", ""value"": ""72.4""}, {""type"": ""PassEndY"", ""value"": ""96.7""}, {""type"": ""Length"", ""value"": ""16.7""}, {""type"": ""Angle"", ""value"": ""0.90""}]"
2944995791.0,65,34.0,SecondHalf,Bilal El Khannouss,433572,495,a,76.3,86.6,67.4,83.3,Successful,9.492101980067421,-159.6558987440816,Backward,Short,"[{""type"": ""Zone"", ""value"": ""Left""}, {""type"": ""PassEndX"", ""value"": ""67.4""}, {""type"": ""PassEndY"", ""value"": ""83.3""}, {""type"": ""Length"", ""value"": ""9.6""}, {""type"": ""Angle"", ""value"": ""3.38""}]"
2944995793.0,65,35.0,SecondHalf,Ayyoub Bouaddi,504830,495,a,67.4,83.3,76.1,92.6,Successful,12.734991166074664,46.90915243299641,Forward,Short,"[{""type"": ""Zone"", ""value"": ""Left""}, {""type"": ""PassEndX"", ""value"": ""76.1""}, {""type"": ""PassEndY"", ""value"": ""92.6""}, {""type"": ""Length"", ""value"": ""11.1""}, {""type"": ""Angle"", ""value"": ""0.61""}]"
2944995797.0,65,37.0,SecondHalf,Bilal El Khannouss,433572,495,a,76.1,92.6,81.0,96.7,Successful,6.389053137985324,39.92039213998546,Lateral,Short,"[{""type"": ""Zone"", ""value"": ""Left""}, {""type"": ""PassEndX"", ""value"": ""81.0""}, {""type"": ""PassEndY"", ""value"": ""96.7""}, {""type"": ""Length"", ""value"": ""5.9""}, {""type"": ""Angle"", ""value"": ""0.50""}]"
2944995801.0,65,39.0,SecondHalf,Noussair Mazraoui,349932,495,a,80.3,95.7,69.6,84.2,Successful,15.707959765672946,-132.93618027154304,Backward,Short,"[{""type"": ""Zone"", ""value"": ""Left""}, {""type"": ""PassEndX"", ""value"": ""69.6""}, {""type"": ""PassEndY"", ""value"": ""84.2""}, {""type"": ""Length"", ""value"": ""13.7""}, {""type"": ""Angle"", ""value"": ""3.75""}]"
2944995803.0,65,42.0,SecondHalf,Ayyoub Bouaddi,504830,495,a,68.9,80.7,68.4,44.1,Successful,36.60341514121326,-90.78268054059298,Lateral,Short,"[{""type"": ""Zone"", ""value"": ""Center""}, {""type"": ""PassEndX"", ""value"": ""68.4""}, {""type"": ""PassEndY"", ""value"": ""44.1""}, {""type"": ""Length"", ""value"": ""24.9""}, {""type"": ""Angle"", ""value"": ""4.69""}]"
2944995807.0,65,45.0,SecondHalf,Neil El Aynaoui,486734,495,a,67.1,39.1,72.4,27.5,Successful,12.753430910935306,-65.44450263594311,Forward,Short,"[{""type"": ""Zone"", ""value"": ""Center""}, {""type"": ""PassEndX"", ""value"": ""72.4""}, {""type"": ""PassEndY"", ""value"": ""27.5""}, {""type"": ""Length"", ""value"": ""9.7""}, {""type"": ""Angle"", ""value"": ""5.33""}]"
2944995809.0,65,47.0,SecondHalf,Brahim Díaz,317541,495,a,71.9,28.2,57.7,35.0,Successful,15.744205283214523,154.4114868586836,Backward,Short,"[{""type"": ""Zone"", ""value"": ""Center""}, {""type"": ""PassEndX"", ""value"": ""57.7""}, {""type"": ""PassEndY"", ""value"": ""35.0""}, {""type"": ""LayOff""}, {""type"": ""Length"", ""value"": ""15.6""}, {""type"": ""Angle"", ""value"": ""2.84""}]"
2944995817.0,65,49.0,SecondHalf,Issa Diop,300359,495,a,56.7,35.5,53.6,54.6,Successful,19.349935400408967,99.21892613810746,Lateral,Short,"[{""type"": ""Zone"", ""value"": ""Center""}, {""type"": ""PassEndX"", ""value"": ""53.6""}, {""type"": ""PassEndY"", ""value"": ""54.6""}, {""type"": ""Length"", ""value"": ""13.4""}, {""type"": ""Angle"", ""value"": ""1.82""}]"
2944995821.0,65,52.0,SecondHalf,Chadi Riad,454342,495,a,54.0,53.0,55.2,32.0,Successful,21.034257771549726,-86.72951207681643,Lateral,Short,"[{""type"": ""Zone"", ""value"": ""Center""}, {""type"": ""PassEndX"", ""value"": ""55.2""}, {""type"": ""PassEndY"", ""value"": ""32.0""}, {""type"": ""Length"", ""value"": ""14.3""}, {""type"": ""Angle"", ""value"": ""4.80""}]"
2944995823.0,65,55.0,SecondHalf,Issa Diop,300359,495,a,55.2,32.0,63.8,13.5,Successful,20.40122545338882,-65.06793882519496,Forward,Short,"[{""type"": ""Zone"", ""value"": ""Right""}, {""type"": ""PassEndX"", ""value"": ""63.8""}, {""type"": ""PassEndY"", ""value"": ""13.5""}, {""type"": ""Length"", ""value"": ""15.5""}, {""type"": ""Angle"", ""value"": ""5.33""}]"
2944995825.0,65,57.0,SecondHalf,Neil El Aynaoui,486734,495,a,63.8,13.5,48.2,26.1,Successful,20.052929960482082,141.07245640720768,Backward,Short,"[{""type"": ""Zone"", ""value"": ""Back""}, {""type"": ""PassEndX"", ""value"": ""48.2""}, {""type"": ""PassEndY"", ""value"": ""26.1""}, {""type"": ""Length"", ""value"": ""18.5""}, {""type"": ""Angle"", ""value"": ""2.66""}]"
2944995827.0,65,59.0,SecondHalf,Issa Diop,300359,495,a,50.5,25.9,61.7,32.3,Successful,12.89961239727768,29.744881296942214,Forward,Short,"[{""type"": ""Zone"", ""value"": ""Center""}, {""type"": ""PassEndX"", ""value"": ""61.7""}, {""type"": ""PassEndY"", ""value"": ""32.3""}, {""type"": ""Length"", ""value"": ""12.5""}, {""type"": ""Angle"", ""value"": ""0.35""}]"
2944995831.0,66,0.0,SecondHalf,Ayyoub Bouaddi,504830,495,a,61.7,32.3,67.0,16.5,Successful,16.665233271694696,-71.45633066332805,Forward,Short,"[{""type"": ""Zone"", ""value"": ""Right""}, {""type"": ""PassEndX"", ""value"": ""67.0""}, {""type"": ""PassEndY"", ""value"": ""16.5""}, {""type"": ""Length"", ""value"": ""12.1""}, {""type"": ""Angle"", ""value"": ""5.19""}]"
2944995833.0,66,1.0,SecondHalf,Azzedine Ounahi,392361,495,a,67.0,16.5,56.6,9.7,Successful,12.425779653607252,-146.82148834060726,Backward,Short,"[{""type"": ""Zone"", ""value"": ""Right""}, {""type"": ""PassEndX"", ""value"": ""56.6""}, {""type"": ""PassEndY"", ""value"": ""9.7""}, {""type"": ""Length"", ""value"": ""11.9""}, {""type"": ""Angle"", ""value"": ""3.54""}]"
2944995835.0,66,3.0,SecondHalf,Neil El Aynaoui,486734,495,a,57.8,9.2,62.6,26.4,Successful,17.857211428439772,74.40718906073364,Lateral,Short,"[{""type"": ""Zone"", ""value"": ""Center""}, {""type"": ""PassEndX"", ""value"": ""62.6""}, {""type"": ""PassEndY"", ""value"": ""26.4""}, {""type"": ""Length"", ""value"": ""12.7""}, {""type"": ""Angle"", ""value"": ""1.16""}]"
2944995837.0,66,5.0,SecondHalf,Ayyoub Bouaddi,504830,495,a,62.6,26.4,44.4,26.1,Successful,18.20247235954501,-179.05564959642038,Backward,Short,"[{""type"": ""Zone"", ""value"": ""Back""}, {""type"": ""PassEndX"", ""value"": ""44.4""}, {""type"": ""PassEndY"", ""value"": ""26.1""}, {""type"": ""Length"", ""value"": ""19.1""}, {""type"": ""Angle"", ""value"": ""3.15""}]"
2944995843.0,66,7.0,SecondHalf,Issa Diop,300359,495,a,44.4,26.1,48.0,54.6,Successful,28.726468630863767,82.80076636163236,Lateral,Short,"[{""type"": ""Zone"", ""value"": ""Back""}, {""type"": ""PassEndX"", ""value"": ""48.0""}, {""type"": ""PassEndY"", ""value"": ""54.6""}, {""type"": ""Length"", ""value"": ""19.7""}, {""type"": ""Angle"", ""value"": ""1.38""}]"
2944995845.0,66,10.0,SecondHalf,Chadi Riad,454342,495,a,53.9,60.6,54.3,77.7,Successful,17.104677722775136,88.65999221910029,Lateral,Short,"[{""type"": ""Zone"", ""value"": ""Center""}, {""type"": ""PassEndX"", ""value"": ""54.3""}, {""type"": ""PassEndY"", ""value"": ""77.7""}, {""type"": ""Length"", ""value"": ""11.6""}, {""type"": ""Angle"", ""value"": ""1.53""}]"
2944995849.0,66,12.0,SecondHalf,Noussair Mazraoui,349932,495,a,56.9,79.1,67.1,97.2,Successful,20.77618829333235,60.59717899441633,Forward,Short,"[{""type"": ""Zone"", ""value"": ""Left""}, {""type"": ""PassEndX"", ""value"": ""67.1""}, {""type"": ""PassEndY"", ""value"": ""97.2""}, {""type"": ""Length"", ""value"": ""16.3""}, {""type"": ""Angle"", ""value"": ""0.85""}]"
2944995851.0,66,21.0,SecondHalf,Bilal El Khannouss,433572,495,a,62.4,51.8,61.5,28.0,Successful,23.817010727629103,-92.16561525290285,Lateral,Short,"[{""type"": ""Zone"", ""value"": ""Center""}, {""type"": ""PassEndX"", ""value"": ""61.5""}, {""type"": ""PassEndY"", ""value"": ""28.0""}, {""type"": ""Length"", ""value"": ""16.2""}, {""type"": ""Angle"", ""value"": ""4.65""}]"
2944995853.0,66,22.0,SecondHalf,Azzedine Ounahi,392361,495,a,61.5,28.0,71.2,5.6,Successful,24.41003891844501,-66.58566523618975,Forward,Short,"[{""type"": ""Zone"", ""value"": ""Right""}, {""type"": ""PassEndX"", ""value"": ""71.2""}, {""type"": ""PassEndY"", ""value"": ""5.6""}, {""type"": ""Length"", ""value"": ""18.3""}, {""type"": ""Angle"", ""value"": ""5.30""}]"
2944995855.0,66,25.0,SecondHalf,Achraf Hakimi,320834,495,a,71.2,5.6,65.5,12.2,Successful,8.720665112249181,130.81508387488162,Backward,Short,"[{""type"": ""Zone"", ""value"": ""Right""}, {""type"": ""PassEndX"", ""value"": ""65.5""}, {""type"": ""PassEndY"", ""value"": ""12.2""}, {""type"": ""Length"", ""value"": ""7.5""}, {""type"": ""Angle"", ""value"": ""2.50""}]"
2944995859.0,66,29.0,SecondHalf,Azzedine Ounahi,392361,495,a,63.4,23.1,48.1,54.6,Successful,35.01913762501869,115.90650799951439,Backward,Short,"[{""type"": ""Zone"", ""value"": ""Back""}, {""type"": ""PassEndX"", ""value"": ""48.1""}, {""type"": ""PassEndY"", ""value"": ""54.6""}, {""type"": ""Length"", ""value"": ""26.8""}, {""type"": ""Angle"", ""value"": ""2.21""}]"
2944995863.0,66,32.0,SecondHalf,Chadi Riad,454342,495,a,53.7,57.1,55.0,81.7,Successful,24.634325645326687,86.97498809243632,Lateral,Short,"[{""type"": ""Zone"", ""value"": ""Left""}, {""type"": ""PassEndX"", ""value"": ""55.0""}, {""type"": ""PassEndY"", ""value"": ""81.7""}, {""type"": ""Length"", ""value"": ""16.8""}, {""type"": ""Angle"", ""value"": ""1.49""}]"
2944995867.0,66,34.0,SecondHalf,Noussair Mazraoui,349932,495,a,56.6,82.7,68.3,95.9,Successful,17.63887751530692,48.44738685186521,Forward,Short,"[{""type"": ""Zone"", ""value"": ""Left""}, {""type"": ""PassEndX"", ""value"": ""68.3""}, {""type"": ""PassEndY"", ""value"": ""95.9""}, {""type"": ""Length"", ""value"": ""15.2""}, {""type"": ""Angle"", ""value"": ""0.63""}]"
2944995871.0,66,37.0,SecondHalf,Ismael Saibari,404776,495,a,68.3,95.9,56.9,86.8,Successful,14.586637720873174,-141.40153624014968,Backward,Short,"[{""type"": ""Zone"", ""value"": ""Left""}, {""type"": ""PassEndX"", ""value"": ""56.9""}, {""type"": ""PassEndY"", ""value"": ""86.8""}, {""type"": ""Length"", ""value"": ""13.5""}, {""type"": ""Angle"", ""value"": ""3.62""}]"
2944995877.0,66,40.0,SecondHalf,Noussair Mazraoui,349932,495,a,57.3,84.0,43.7,69.1,Successful,20.17349746573459,-132.3883186221016,Backward,Short,"[{""type"": ""Zone"", ""value"": ""Back""}, {""type"": ""PassEndX"", ""value"": ""43.7""}, {""type"": ""PassEndY"", ""value"": ""69.1""}, {""type"": ""Length"", ""value"": ""17.5""}, {""type"": ""Angle"", ""value"": ""3.76""}]"
2944995883.0,66,42.0,SecondHalf,Chadi Riad,454342,495,a,44.1,67.7,48.0,27.2,Successful,40.68734446974882,-84.49958852979809,Lateral,Short,"[{""type"": ""Zone"", ""value"": ""Back""}, {""type"": ""PassEndX"", ""value"": ""48.0""}, {""type"": ""PassEndY"", ""value"": ""27.2""}, {""type"": ""Length"", ""value"": ""27.8""}, {""type"": ""Angle"", ""value"": ""4.86""}]"
2944995887.0,66,46.0,SecondHalf,Achraf Hakimi,320834,495,a,57.8,22.3,63.8,5.3,Successful,18.027756377319946,-70.5599651718238,Forward,Short,"[{""type"": ""Zone"", ""value"": ""Right""}, {""type"": ""PassEndX"", ""value"": ""63.8""}, {""type"": ""PassEndY"", ""value"": ""5.3""}, {""type"": ""Length"", ""value"": ""13.2""}, {""type"": ""Angle"", ""value"": ""5.21""}]"
2944995889.0,66,49.0,SecondHalf,Bilal El Khannouss,433572,495,a,65.5,6.6,68.4,17.8,Successful,11.569356075426153,75.48330004114534,Lateral,Short,"[{""type"": ""Zone"", ""value"": ""Right""}, {""type"": ""PassEndX"", ""value"": ""68.4""}, {""type"": ""PassEndY"", ""value"": ""17.8""}, {""type"": ""Length"", ""value"": ""8.2""}, {""type"": ""Angle"", ""value"": ""1.19""}]"
2944995891.0,66,50.0,SecondHalf,Achraf Hakimi,320834,495,a,68.4,17.8,61.9,10.7,Successful,9.626006440887108,-132.4738830883805,Backward,Short,"[{""type"": ""Zone"", ""value"": ""Right""}, {""type"": ""PassEndX"", ""value"": ""61.9""}, {""type"": ""PassEndY"", ""value"": ""10.7""}, {""type"": ""Length"", ""value"": ""8.4""}, {""type"": ""Angle"", ""value"": ""3.76""}]"
2944995897.0,66,51.0,SecondHalf,Bilal El Khannouss,433572,495,a,61.9,10.7,60.4,27.1,Successful,16.468454693747077,95.22592740896678,Lateral,Short,"[{""type"": ""Zone"", ""value"": ""Center""}, {""type"": ""PassEndX"", ""value"": ""60.4""}, {""type"": ""PassEndY"", ""value"": ""27.1""}, {""type"": ""Length"", ""value"": ""11.3""}, {""type"": ""Angle"", ""value"": ""1.71""}]"
2944995903.0,66,51.0,SecondHalf,Ayyoub Bouaddi,504830,495,a,60.4,27.1,60.5,13.8,Successful,13.300375934536588,-89.56921278299137,Lateral,Short,"[{""type"": ""Zone"", ""value"": ""Right""}, {""type"": ""PassEndX"", ""value"": ""60.5""}, {""type"": ""PassEndY"", ""value"": ""13.8""}, {""type"": ""Length"", ""value"": ""9.0""}, {""type"": ""Angle"", ""value"": ""4.72""}]"
2944995907.0,66,55.0,SecondHalf,Bilal El Khannouss,433572,495,a,62.5,13.2,63.1,25.6,Successful,12.414507642270799,87.2297842027998,Lateral,Short,"[{""type"": ""Zone"", ""value"": ""Center""}, {""type"": ""PassEndX"", ""value"": ""63.1""}, {""type"": ""PassEndY"", ""value"": ""25.6""}, {""type"": ""Length"", ""value"": ""8.5""}, {""type"": ""Angle"", ""value"": ""1.50""}]"
2944995911.0,66,56.0,SecondHalf,Ayyoub Bouaddi,504830,495,a,63.1,25.6,57.4,22.3,Successful,6.586349520030048,-149.93141717813756,Backward,Short,"[{""type"": ""Zone"", ""value"": ""Center""}, {""type"": ""PassEndX"", ""value"": ""57.4""}, {""type"": ""PassEndY"", ""value"": ""22.3""}, {""type"": ""Length"", ""value"": ""6.4""}, {""type"": ""Angle"", ""value"": ""3.50""}]"
2944995915.0,66,57.0,SecondHalf,Bilal El Khannouss,433572,495,a,57.1,23.8,55.8,55.9,Successful,32.12631320273149,92.3191224958774,Lateral,Short,"[{""type"": ""Zone"", ""value"": ""Center""}, {""type"": ""PassEndX"", ""value"": ""55.8""}, {""type"": ""PassEndY"", ""value"": ""55.9""}, {""type"": ""Length"", ""value"": ""21.9""}, {""type"": ""Angle"", ""value"": ""1.63""}]"
2944995919.0,67,0.0,SecondHalf,Neil El Aynaoui,486734,495,a,55.8,52.3,61.8,20.1,Successful,32.75423636722431,-79.4448185670512,Forward,Short,"[{""type"": ""Zone"", ""value"": ""Right""}, {""type"": ""PassEndX"", ""value"": ""61.8""}, {""type"": ""PassEndY"", ""value"": ""20.1""}, {""type"": ""Length"", ""value"": ""22.8""}, {""type"": ""Angle"", ""value"": ""4.99""}]"
2944995941.0,67,9.0,SecondHalf,Andy Robertson,115726,424,h,28.1,77.2,63.7,12.2,Unsuccessful,74.11045810140429,-61.29081843386151,Forward,Chipped,"[{""type"": ""Longball""}, {""type"": ""Zone"", ""value"": ""Right""}, {""type"": ""PassEndX"", ""value"": ""63.7""}, {""type"": ""PassEndY"", ""value"": ""12.2""}, {""type"": ""Chipped""}, {""type"": ""Length"", ""value"": ""57.9""}, {""type"": ""Angle"", ""value"": ""5.41""}]"
2944995943.0,67,15.0,SecondHalf,Noussair Mazraoui,349932,495,a,39.2,93.4,16.4,72.9,Successful,30.660887136545806,-138.04056727389167,Backward,Short,"[{""type"": ""Zone"", ""value"": ""Back""}, {""type"": ""PassEndX"", ""value"": ""16.4""}, {""type"": ""PassEndY"", ""value"": ""72.9""}, {""type"": ""Length"", ""value"": ""27.7""}, {""type"": ""Angle"", ""value"": ""3.67""}]"
2944995947.0,67,17.0,SecondHalf,Yassine Bounou,136220,495,a,14.8,71.1,25.5,31.7,Successful,40.827074350239684,-74.806423463944,Forward,Short,"[{""type"": ""Zone"", ""value"": ""Back""}, {""type"": ""PassEndX"", ""value"": ""25.5""}, {""type"": ""PassEndY"", ""value"": ""31.7""}, {""type"": ""Length"", ""value"": ""29.1""}, {""type"": ""Angle"", ""value"": ""5.11""}]"
2944995949.0,67,24.0,SecondHalf,Issa Diop,300359,495,a,26.3,28.7,38.9,4.9,Successful,26.92953768633988,-62.10272896905237,Forward,Short,"[{""type"": ""Zone"", ""value"": ""Back""}, {""type"": ""PassEndX"", ""value"": ""38.9""}, {""type"": ""PassEndY"", ""value"": ""4.9""}, {""type"": ""Length"", ""value"": ""20.9""}, {""type"": ""Angle"", ""value"": ""5.40""}]"
2944995951.0,67,30.0,SecondHalf,Achraf Hakimi,320834,495,a,63.8,7.2,65.5,19.6,Successful,12.515989773086268,82.19359917076423,Lateral,Short,"[{""type"": ""Zone"", ""value"": ""Right""}, {""type"": ""PassEndX"", ""value"": ""65.5""}, {""type"": ""PassEndY"", ""value"": ""19.6""}, {""type"": ""Length"", ""value"": ""8.6""}, {""type"": ""Angle"", ""value"": ""1.36""}]"
2944995955.0,67,34.0,SecondHalf,Azzedine Ounahi,392361,495,a,68.1,18.1,69.4,32.0,Successful,13.960659010233005,84.6569442414248,Lateral,Short,"[{""type"": ""Zone"", ""value"": ""Center""}, {""type"": ""PassEndX"", ""value"": ""69.4""}, {""type"": ""PassEndY"", ""value"": ""32.0""}, {""type"": ""Length"", ""value"": ""9.6""}, {""type"": ""Angle"", ""value"": ""1.43""}]"
2944995959.0,67,35.0,SecondHalf,Brahim Díaz,317541,495,a,69.5,32.2,62.6,35.1,Successful,7.4846509604656895,157.2034785320574,Backward,Short,"[{""type"": ""Zone"", ""value"": ""Center""}, {""type"": ""PassEndX"", ""value"": ""62.6""}, {""type"": ""PassEndY"", ""value"": ""35.1""}, {""type"": ""Length"", ""value"": ""7.5""}, {""type"": ""Angle"", ""value"": ""2.88""}]"
2944995961.0,67,36.0,SecondHalf,Azzedine Ounahi,392361,495,a,62.6,35.1,72.9,43.4,Successful,13.228000604777732,38.862744050737994,Forward,Short,"[{""type"": ""Zone"", ""value"": ""Center""}, {""type"": ""PassEndX"", ""value"": ""72.9""}, {""type"": ""PassEndY"", ""value"": ""43.4""}, {""type"": ""Length"", ""value"": ""12.2""}, {""type"": ""Angle"", ""value"": ""0.48""}]"
2944995963.0,67,37.0,SecondHalf,Bilal El Khannouss,433572,495,a,72.9,43.4,75.2,31.3,Successful,12.316655390161728,-79.23746277685756,Lateral,Short,"[{""type"": ""Zone"", ""value"": ""Center""}, {""type"": ""PassEndX"", ""value"": ""75.2""}, {""type"": ""PassEndY"", ""value"": ""31.3""}, {""type"": ""Length"", ""value"": ""8.6""}, {""type"": ""Angle"", ""value"": ""5.00""}]"
2944995965.0,67,39.0,SecondHalf,Brahim Díaz,317541,495,a,76.8,42.2,86.7,58.4,Unsuccessful,18.985520798756088,58.57043438516146,Forward,Short,"[{""type"": ""Zone"", ""value"": ""Center""}, {""type"": ""PassEndX"", ""value"": ""86.7""}, {""type"": ""PassEndY"", ""value"": ""58.4""}, {""type"": ""Length"", ""value"": ""15.1""}, {""type"": ""Angle"", ""value"": ""0.81""}]"
2944996111.0,71,12.0,SecondHalf,Achraf Hakimi,320834,495,a,61.9,0.0,35.8,8.2,Successful,27.357814240176427,162.55852003336057,Backward,ThrowIn,"[{""type"": ""Longball""}, {""type"": ""Zone"", ""value"": ""Back""}, {""type"": ""ThrowIn""}, {""type"": ""PassEndX"", ""value"": ""35.8""}, {""type"": ""PassEndY"", ""value"": ""8.2""}, {""type"": ""Length"", ""value"": ""28.1""}, {""type"": ""Angle"", ""value"": ""2.92""}]"
2944996113.0,71,14.0,SecondHalf,Issa Diop,300359,495,a,35.8,8.2,14.1,38.9,Successful,37.594946468907224,125.2542130447051,Backward,Short,"[{""type"": ""Zone"", ""value"": ""Back""}, {""type"": ""PassEndX"", ""value"": ""14.1""}, {""type"": ""PassEndY"", ""value"": ""38.9""}, {""type"": ""Length"", ""value"": ""30.9""}, {""type"": ""Angle"", ""value"": ""2.40""}]"
2944996115.0,71,17.0,SecondHalf,Yassine Bounou,136220,495,a,14.1,41.3,20.1,53.5,Successful,13.595587519485875,63.81188930251915,Forward,Short,"[{""type"": ""Zone"", ""value"": ""Back""}, {""type"": ""PassEndX"", ""value"": ""20.1""}, {""type"": ""PassEndY"", ""value"": ""53.5""}, {""type"": ""Length"", ""value"": ""10.4""}, {""type"": ""Angle"", ""value"": ""0.92""}]"
2944996117.0,71,21.0,SecondHalf,Chadi Riad,454342,495,a,22.6,57.6,6.6,46.2,Successful,19.64586470481765,-144.53012783259996,Backward,Short,"[{""type"": ""Zone"", ""value"": ""Back""}, {""type"": ""PassEndX"", ""value"": ""6.6""}, {""type"": ""PassEndY"", ""value"": ""46.2""}, {""type"": ""Length"", ""value"": ""18.5""}, {""type"": ""Angle"", ""value"": ""3.57""}]"
2944996119.0,71,23.0,SecondHalf,Yassine Bounou,136220,495,a,6.6,46.2,11.6,16.3,Successful,30.31517771678075,-80.50660633107611,Lateral,Short,"[{""type"": ""Zone"", ""value"": ""Back""}, {""type"": ""PassEndX"", ""value"": ""11.6""}, {""type"": ""PassEndY"", ""value"": ""16.3""}, {""type"": ""Length"", ""value"": ""21.0""}, {""type"": ""Angle"", ""value"": ""4.97""}]"
2944996121.0,71,26.0,SecondHalf,Issa Diop,300359,495,a,10.9,14.3,21.7,2.5,Successful,15.996249560443848,-47.53355888839458,Forward,Short,"[{""type"": ""Zone"", ""value"": ""Back""}, {""type"": ""PassEndX"", ""value"": ""21.7""}, {""type"": ""PassEndY"", ""value"": ""2.5""}, {""type"": ""Length"", ""value"": ""13.9""}, {""type"": ""Angle"", ""value"": ""5.67""}]"
2944996123.0,71,27.0,SecondHalf,Achraf Hakimi,320834,495,a,21.7,2.5,22.0,16.5,Successful,14.003213916812097,88.77242116786546,Lateral,Short,"[{""type"": ""Zone"", ""value"": ""Back""}, {""type"": ""PassEndX"", ""value"": ""22.0""}, {""type"": ""PassEndY"", ""value"": ""16.5""}, {""type"": ""Length"", ""value"": ""9.5""}, {""type"": ""Angle"", ""value"": ""1.54""}]"
2944996125.0,71,29.0,SecondHalf,Ayyoub Bouaddi,504830,495,a,22.0,16.5,44.2,15.7,Unsuccessful,22.214409737825584,-2.0638197284569637,Forward,Chipped,"[{""type"": ""Zone"", ""value"": ""Back""}, {""type"": ""PassEndX"", ""value"": ""44.2""}, {""type"": ""PassEndY"", ""value"": ""15.7""}, {""type"": ""Chipped""}, {""type"": ""Length"", ""value"": ""23.3""}, {""type"": ""Angle"", ""value"": ""6.26""}]"
2944996127.0,71,31.0,SecondHalf,Jack Hendry,280210,424,h,55.1,87.1,74.1,100.0,Unsuccessful,22.965408770583636,34.17444059591988,Forward,Short,"[{""type"": ""HeadPass""}, {""type"": ""Zone"", ""value"": ""Left""}, {""type"": ""PassEndX"", ""value"": ""74.1""}, {""type"": ""PassEndY"", ""value"": ""100.0""}, {""type"": ""Length"", ""value"": ""22.0""}, {""type"": ""Angle"", ""value"": ""0.43""}]"
2944996135.0,71,38.0,SecondHalf,Achraf Hakimi,320834,495,a,28.6,0.0,15.4,12.5,Successful,18.179383927955314,136.56019968692868,Backward,ThrowIn,"[{""type"": ""Zone"", ""value"": ""Back""}, {""type"": ""ThrowIn""}, {""type"": ""PassEndX"", ""value"": ""15.4""}, {""type"": ""PassEndY"", ""value"": ""12.5""}, {""type"": ""Length"", ""value"": ""16.6""}, {""type"": ""Angle"", ""value"": ""2.56""}]"
2944996137.0,71,43.0,SecondHalf,Issa Diop,300359,495,a,19.2,11.7,61.1,19.3,Unsuccessful,42.58368232081393,10.280777669714233,Forward,Chipped,"[{""type"": ""Longball""}, {""type"": ""Zone"", ""value"": ""Right""}, {""type"": ""PassEndX"", ""value"": ""61.1""}, {""type"": ""PassEndY"", ""value"": ""19.3""}, {""type"": ""Chipped""}, {""type"": ""Length"", ""value"": ""44.3""}, {""type"": ""Angle"", ""value"": ""0.12""}]"
2944996139.0,71,45.0,SecondHalf,Jack Hendry,280210,424,h,40.8,79.0,64.1,78.4,Successful,23.307724041613326,-1.475101800856953,Forward,Short,"[{""type"": ""HeadPass""}, {""type"": ""Zone"", ""value"": ""Center""}, {""type"": ""PassEndX"", ""value"": ""64.1""}, {""type"": ""PassEndY"", ""value"": ""78.4""}, {""type"": ""Length"", ""value"": ""24.5""}, {""type"": ""Angle"", ""value"": ""6.27""}]"
2944996151.0,71,59.0,SecondHalf,Achraf Hakimi,320834,495,a,57.5,22.1,56.2,32.2,Successful,10.183319694480776,97.33437880141669,Lateral,Short,"[{""type"": ""FreekickTaken""}, {""type"": ""Zone"", ""value"": ""Center""}, {""type"": ""PassEndX"", ""value"": ""56.2""}, {""type"": ""PassEndY"", ""value"": ""32.2""}, {""type"": ""Length"", ""value"": ""7.0""}, {""type"": ""Angle"", ""value"": ""1.77""}]"
2944996153.0,72,1.0,SecondHalf,Ayyoub Bouaddi,504830,495,a,54.1,31.5,43.8,39.3,Successful,12.920139318134307,142.86402479549957,Backward,Short,"[{""type"": ""Zone"", ""value"": ""Back""}, {""type"": ""PassEndX"", ""value"": ""43.8""}, {""type"": ""PassEndY"", ""value"": ""39.3""}, {""type"": ""Length"", ""value"": ""12.0""}, {""type"": ""Angle"", ""value"": ""2.69""}]"
2944996155.0,72,3.0,SecondHalf,Neil El Aynaoui,486734,495,a,43.8,39.3,43.3,65.4,Successful,26.104788832702717,91.09748605338054,Lateral,Short,"[{""type"": ""Zone"", ""value"": ""Back""}, {""type"": ""PassEndX"", ""value"": ""43.3""}, {""type"": ""PassEndY"", ""value"": ""65.4""}, {""type"": ""Length"", ""value"": ""17.8""}, {""type"": ""Angle"", ""value"": ""1.60""}]"
2944996157.0,72,4.0,SecondHalf,Chadi Riad,454342,495,a,44.2,66.7,48.2,90.4,Successful,24.035182545593454,80.42010795798797,Lateral,Short,"[{""type"": ""Zone"", ""value"": ""Back""}, {""type"": ""PassEndX"", ""value"": ""48.2""}, {""type"": ""PassEndY"", ""value"": ""90.4""}, {""type"": ""Length"", ""value"": ""16.7""}, {""type"": ""Angle"", ""value"": ""1.32""}]"
2944996159.0,72,7.0,SecondHalf,Noussair Mazraoui,349932,495,a,52.7,91.6,62.0,95.7,Successful,10.163660757817532,23.790773865777254,Forward,Short,"[{""type"": ""Zone"", ""value"": ""Left""}, {""type"": ""PassEndX"", ""value"": ""62.0""}, {""type"": ""PassEndY"", ""value"": ""95.7""}, {""type"": ""Length"", ""value"": ""10.2""}, {""type"": ""Angle"", ""value"": ""0.28""}]"
2944996161.0,72,9.0,SecondHalf,Bilal El Khannouss,433572,495,a,60.0,94.9,45.3,88.5,Successful,16.032778923193575,-156.472936052579,Backward,Short,"[{""type"": ""Zone"", ""value"": ""Back""}, {""type"": ""PassEndX"", ""value"": ""45.3""}, {""type"": ""PassEndY"", ""value"": ""88.5""}, {""type"": ""Length"", ""value"": ""16.0""}, {""type"": ""Angle"", ""value"": ""3.42""}]"
2944996165.0,72,11.0,SecondHalf,Noussair Mazraoui,349932,495,a,45.3,88.5,32.9,73.8,Successful,19.231484602078957,-130.14888390469844,Backward,Short,"[{""type"": ""Zone"", ""value"": ""Back""}, {""type"": ""PassEndX"", ""value"": ""32.9""}, {""type"": ""PassEndY"", ""value"": ""73.8""}, {""type"": ""Length"", ""value"": ""16.4""}, {""type"": ""Angle"", ""value"": ""3.80""}]"
2944996167.0,72,13.0,SecondHalf,Chadi Riad,454342,495,a,30.8,71.1,14.1,54.0,Successful,23.901882771028728,-134.32197508924872,Backward,Short,"[{""type"": ""Zone"", ""value"": ""Back""}, {""type"": ""PassEndX"", ""value"": ""14.1""}, {""type"": ""PassEndY"", ""value"": ""54.0""}, {""type"": ""Length"", ""value"": ""21.0""}, {""type"": ""Angle"", ""value"": ""3.73""}]"
2944996169.0,72,16.0,SecondHalf,Yassine Bounou,136220,495,a,14.1,54.0,21.0,27.1,Successful,27.77084802450224,-75.61348102116588,Forward,Short,"[{""type"": ""Zone"", ""value"": ""Back""}, {""type"": ""PassEndX"", ""value"": ""21.0""}, {""type"": ""PassEndY"", ""value"": ""27.1""}, {""type"": ""Length"", ""value"": ""19.7""}, {""type"": ""Angle"", ""value"": ""5.09""}]"
2944996173.0,72,20.0,SecondHalf,Issa Diop,300359,495,a,22.3,16.5,27.8,3.9,Successful,13.748090776540574,-66.41834885515011,Forward,Short,"[{""type"": ""Zone"", ""value"": ""Back""}, {""type"": ""PassEndX"", ""value"": ""27.8""}, {""type"": ""PassEndY"", ""value"": ""3.9""}, {""type"": ""Length"", ""value"": ""10.3""}, {""type"": ""Angle"", ""value"": ""5.31""}]"
2944996175.0,72,22.0,SecondHalf,Achraf Hakimi,320834,495,a,28.6,4.1,28.3,18.3,Successful,14.203168660548958,91.21029416892122,Lateral,Short,"[{""type"": ""Zone"", ""value"": ""Back""}, {""type"": ""PassEndX"", ""value"": ""28.3""}, {""type"": ""PassEndY"", ""value"": ""18.3""}, {""type"": ""Length"", ""value"": ""9.7""}, {""type"": ""Angle"", ""value"": ""1.60""}]"
2944996181.0,72,27.0,SecondHalf,Neil El Aynaoui,486734,495,a,27.1,22.9,25.5,63.4,Successful,40.531592616130936,92.26236047411952,Lateral,Short,"[{""type"": ""Zone"", ""value"": ""Back""}, {""type"": ""PassEndX"", ""value"": ""25.5""}, {""type"": ""PassEndY"", ""value"": ""63.4""}, {""type"": ""Length"", ""value"": ""27.6""}, {""type"": ""Angle"", ""value"": ""1.63""}]"
2944996183.0,72,35.0,SecondHalf,Chadi Riad,454342,495,a,34.7,74.3,42.7,91.6,Successful,19.0601678901315,65.18286912757314,Forward,Short,"[{""type"": ""Zone"", ""value"": ""Back""}, {""type"": ""PassEndX"", ""value"": ""42.7""}, {""type"": ""PassEndY"", ""value"": ""91.6""}, {""type"": ""Length"", ""value"": ""14.5""}, {""type"": ""Angle"", ""value"": ""0.95""}]"
2944996187.0,72,39.0,SecondHalf,Azzedine Ounahi,392361,495,a,55.0,92.3,68.9,92.9,Unsuccessful,13.91294361377204,2.471664761633446,Forward,Short,"[{""type"": ""Zone"", ""value"": ""Left""}, {""type"": ""PassEndX"", ""value"": ""68.9""}, {""type"": ""PassEndY"", ""value"": ""92.9""}, {""type"": ""Length"", ""value"": ""14.6""}, {""type"": ""Angle"", ""value"": ""0.03""}]"
2944996191.0,72,41.0,SecondHalf,Nathan Patterson,396975,424,h,32.3,3.5,38.4,3.7,Unsuccessful,6.103277807866853,1.8778774472853605,Forward,Short,"[{""type"": ""Zone"", ""value"": ""Back""}, {""type"": ""PassEndX"", ""value"": ""38.4""}, {""type"": ""PassEndY"", ""value"": ""3.7""}, {""type"": ""Length"", ""value"": ""6.4""}, {""type"": ""Angle"", ""value"": ""0.02""}, {""type"": ""OppositeRelatedEvent"", ""value"": ""771""}, {""type"": ""Offensive""}]"
2944996205.0,72,57.0,SecondHalf,Nathan Patterson,396975,424,h,32.8,0.0,37.3,18.2,Successful,18.748066566982313,76.1119988390932,Lateral,ThrowIn,"[{""type"": ""Zone"", ""value"": ""Back""}, {""type"": ""ThrowIn""}, {""type"": ""PassEndX"", ""value"": ""37.3""}, {""type"": ""PassEndY"", ""value"": ""18.2""}, {""type"": ""Length"", ""value"": ""14.1""}, {""type"": ""Angle"", ""value"": ""1.23""}]"
2944996209.0,72,59.0,SecondHalf,Kenny McLean,82917,424,h,37.2,17.4,52.0,14.9,Successful,15.009663553857559,-9.58783302481864,Forward,Short,"[{""type"": ""Zone"", ""value"": ""Right""}, {""type"": ""PassEndX"", ""value"": ""52.0""}, {""type"": ""PassEndY"", ""value"": ""14.9""}, {""type"": ""Length"", ""value"": ""15.6""}, {""type"": ""Angle"", ""value"": ""6.17""}]"
2944996211.0,73,2.0,SecondHalf,Lyndon Dykes,396795,424,h,44.8,13.7,43.8,3.4,Successful,10.34842983258813,-95.54531730886204,Lateral,Short,"[{""type"": ""Zone"", ""value"": ""Back""}, {""type"": ""PassEndX"", ""value"": ""43.8""}, {""type"": ""PassEndY"", ""value"": ""3.4""}, {""type"": ""Length"", ""value"": ""7.1""}, {""type"": ""Angle"", ""value"": ""4.56""}]"
2944996213.0,73,3.0,SecondHalf,Ben Gannon-Doak,430350,424,h,43.8,3.4,32.9,8.9,Successful,12.209013064126026,153.22507511135444,Backward,Short,"[{""type"": ""Zone"", ""value"": ""Back""}, {""type"": ""PassEndX"", ""value"": ""32.9""}, {""type"": ""PassEndY"", ""value"": ""8.9""}, {""type"": ""Length"", ""value"": ""12.0""}, {""type"": ""Angle"", ""value"": ""2.83""}]"
2944996219.0,73,6.0,SecondHalf,Nathan Patterson,396975,424,h,32.3,12.2,28.3,44.9,Successful,32.943739921265774,96.9740112555386,Lateral,Short,"[{""type"": ""Zone"", ""value"": ""Back""}, {""type"": ""PassEndX"", ""value"": ""28.3""}, {""type"": ""PassEndY"", ""value"": ""44.9""}, {""type"": ""Length"", ""value"": ""22.6""}, {""type"": ""Angle"", ""value"": ""1.76""}]"
2944996221.0,73,9.0,SecondHalf,Jack Hendry,280210,424,h,27.3,46.0,35.8,61.8,Successful,17.941293152947473,61.72087344380541,Forward,Short,"[{""type"": ""Zone"", ""value"": ""Back""}, {""type"": ""PassEndX"", ""value"": ""35.8""}, {""type"": ""PassEndY"", ""value"": ""61.8""}, {""type"": ""Length"", ""value"": ""14.0""}, {""type"": ""Angle"", ""value"": ""0.88""}]"
2944996225.0,73,11.0,SecondHalf,Scott McTominay,336915,424,h,34.2,62.3,29.2,30.3,Successful,32.38826948140329,-98.88065915052024,Backward,Short,"[{""type"": ""Zone"", ""value"": ""Back""}, {""type"": ""PassEndX"", ""value"": ""29.2""}, {""type"": ""PassEndY"", ""value"": ""30.3""}, {""type"": ""Length"", ""value"": ""22.4""}, {""type"": ""Angle"", ""value"": ""4.48""}]"
2944996227.0,73,17.0,SecondHalf,Grant Hanley,86593,424,h,32.9,29.2,27.1,59.3,Successful,30.65371103145588,100.90670587805828,Backward,Short,"[{""type"": ""Zone"", ""value"": ""Back""}, {""type"": ""PassEndX"", ""value"": ""27.1""}, {""type"": ""PassEndY"", ""value"": ""59.3""}, {""type"": ""Length"", ""value"": ""21.4""}, {""type"": ""Angle"", ""value"": ""1.86""}]"
2944996231.0,73,20.0,SecondHalf,Jack Hendry,280210,424,h,28.3,63.4,31.6,30.4,Successful,33.16458954969894,-84.28940686250036,Lateral,Short,"[{""type"": ""Zone"", ""value"": ""Back""}, {""type"": ""PassEndX"", ""value"": ""31.6""}, {""type"": ""PassEndY"", ""value"": ""30.4""}, {""type"": ""Length"", ""value"": ""22.7""}, {""type"": ""Angle"", ""value"": ""4.87""}]"
2944996241.0,73,23.0,SecondHalf,Grant Hanley,86593,424,h,32.6,30.3,93.2,28.6,Unsuccessful,60.62384019509157,-1.6068859162467675,Forward,Chipped,"[{""type"": ""Longball""}, {""type"": ""Zone"", ""value"": ""Center""}, {""type"": ""PassEndX"", ""value"": ""93.2""}, {""type"": ""PassEndY"", ""value"": ""28.6""}, {""type"": ""Chipped""}, {""type"": ""Length"", ""value"": ""63.6""}, {""type"": ""Angle"", ""value"": ""6.27""}]"
2944996293.0,74,27.0,SecondHalf,Yassine Bounou,136220,495,a,11.0,70.6,88.2,71.1,Unsuccessful,77.2016191540048,0.3710814662969735,Forward,Short,"[{""type"": ""Longball""}, {""type"": ""FreekickTaken""}, {""type"": ""Zone"", ""value"": ""Center""}, {""type"": ""PassEndX"", ""value"": ""88.2""}, {""type"": ""PassEndY"", ""value"": ""71.1""}, {""type"": ""Length"", ""value"": ""81.1""}, {""type"": ""Angle"", ""value"": ""0.00""}]"
2944996299.0,74,33.0,SecondHalf,Angus Gunn,318896,424,h,14.2,32.7,20.9,61.4,Successful,29.47168132292421,76.85966689073096,Forward,Short,"[{""type"": ""Zone"", ""value"": ""Back""}, {""type"": ""KeeperThrow""}, {""type"": ""PassEndX"", ""value"": ""20.9""}, {""type"": ""PassEndY"", ""value"": ""61.4""}, {""type"": ""Length"", ""value"": ""20.7""}, {""type"": ""Angle"", ""value"": ""1.22""}]"
2944996301.0,74,40.0,SecondHalf,Jack Hendry,280210,424,h,23.7,60.6,22.7,22.8,Successful,37.813225199657325,-91.51540790002213,Lateral,Short,"[{""type"": ""Zone"", ""value"": ""Back""}, {""type"": ""PassEndX"", ""value"": ""22.7""}, {""type"": ""PassEndY"", ""value"": ""22.8""}, {""type"": ""Length"", ""value"": ""25.7""}, {""type"": ""Angle"", ""value"": ""4.67""}]"
2944996303.0,74,44.0,SecondHalf,Grant Hanley,86593,424,h,23.6,23.9,9.5,47.9,Successful,27.83540910423269,120.43423575344342,Backward,Short,"[{""type"": ""Zone"", ""value"": ""Back""}, {""type"": ""PassEndX"", ""value"": ""9.5""}, {""type"": ""PassEndY"", ""value"": ""47.9""}, {""type"": ""Length"", ""value"": ""22.0""}, {""type"": ""Angle"", ""value"": ""2.31""}]"
2944996305.0,74,48.0,SecondHalf,Angus Gunn,318896,424,h,13.3,50.3,23.6,67.2,Successful,19.791412279066904,58.63905205237204,Forward,Short,"[{""type"": ""Zone"", ""value"": ""Back""}, {""type"": ""PassEndX"", ""value"": ""23.6""}, {""type"": ""PassEndY"", ""value"": ""67.2""}, {""type"": ""Length"", ""value"": ""15.8""}, {""type"": ""Angle"", ""value"": ""0.82""}]"
2944996307.0,74,50.0,SecondHalf,Jack Hendry,280210,424,h,26.8,76.0,30.4,94.1,Successful,18.454538737123716,78.75095568532569,Lateral,Short,"[{""type"": ""Zone"", ""value"": ""Back""}, {""type"": ""PassEndX"", ""value"": ""30.4""}, {""type"": ""PassEndY"", ""value"": ""94.1""}, {""type"": ""Length"", ""value"": ""12.9""}, {""type"": ""Angle"", ""value"": ""1.27""}]"
2944996309.0,74,53.0,SecondHalf,Andy Robertson,115726,424,h,31.0,94.1,71.1,78.8,Unsuccessful,42.91969244996986,-20.884160359112037,Forward,Chipped,"[{""type"": ""Longball""}, {""type"": ""Zone"", ""value"": ""Center""}, {""type"": ""PassEndX"", ""value"": ""71.1""}, {""type"": ""PassEndY"", ""value"": ""78.8""}, {""type"": ""Chipped""}, {""type"": ""Length"", ""value"": ""43.4""}, {""type"": ""Angle"", ""value"": ""6.04""}]"
2944996317.0,74,56.0,SecondHalf,Issa Diop,300359,495,a,28.9,21.2,45.7,6.4,Successful,22.38928315065045,-41.37851529588265,Forward,Short,"[{""type"": ""HeadPass""}, {""type"": ""Zone"", ""value"": ""Back""}, {""type"": ""PassEndX"", ""value"": ""45.7""}, {""type"": ""PassEndY"", ""value"": ""6.4""}, {""type"": ""Length"", ""value"": ""20.3""}, {""type"": ""Angle"", ""value"": ""5.76""}]"
2944996335.0,75,6.0,SecondHalf,Andy Robertson,115726,424,h,61.7,100.0,45.6,83.3,Successful,23.19698256239376,-133.95202335399352,Backward,ThrowIn,"[{""type"": ""Zone"", ""value"": ""Back""}, {""type"": ""ThrowIn""}, {""type"": ""PassEndX"", ""value"": ""45.6""}, {""type"": ""PassEndY"", ""value"": ""83.3""}, {""type"": ""Length"", ""value"": ""20.7""}, {""type"": ""Angle"", ""value"": ""3.75""}]"
2944996339.0,75,8.0,SecondHalf,Lewis Ferguson,396971,424,h,45.6,83.3,48.9,96.0,Successful,13.121737689803133,75.43423575344342,Lateral,Short,"[{""type"": ""Zone"", ""value"": ""Back""}, {""type"": ""PassEndX"", ""value"": ""48.9""}, {""type"": ""PassEndY"", ""value"": ""96.0""}, {""type"": ""Length"", ""value"": ""9.3""}, {""type"": ""Angle"", ""value"": ""1.19""}]"
2944996349.0,75,8.0,SecondHalf,Andy Robertson,115726,424,h,48.9,96.0,34.9,76.6,Successful,23.924046480476505,-125.81608074915565,Backward,Short,"[{""type"": ""Zone"", ""value"": ""Back""}, {""type"": ""PassEndX"", ""value"": ""34.9""}, {""type"": ""PassEndY"", ""value"": ""76.6""}, {""type"": ""Length"", ""value"": ""19.8""}, {""type"": ""Angle"", ""value"": ""3.87""}]"
2944996357.0,75,12.0,SecondHalf,Jack Hendry,280210,424,h,46.4,52.7,40.7,26.7,Successful,26.61747546256031,-102.3653727585388,Backward,Short,"[{""type"": ""Zone"", ""value"": ""Back""}, {""type"": ""PassEndX"", ""value"": ""40.7""}, {""type"": ""PassEndY"", ""value"": ""26.7""}, {""type"": ""Length"", ""value"": ""18.7""}, {""type"": ""Angle"", ""value"": ""4.39""}]"
2944996363.0,75,14.0,SecondHalf,Grant Hanley,86593,424,h,40.7,26.7,56.3,4.0,Successful,27.543601797876757,-55.50219050874996,Forward,Short,"[{""type"": ""Zone"", ""value"": ""Right""}, {""type"": ""PassEndX"", ""value"": ""56.3""}, {""type"": ""PassEndY"", ""value"": ""4.0""}, {""type"": ""Length"", ""value"": ""22.5""}, {""type"": ""Angle"", ""value"": ""5.53""}]"
2944996367.0,75,17.0,SecondHalf,Ben Gannon-Doak,430350,424,h,56.3,4.0,41.1,6.4,Successful,15.388307249337071,171.0273733851036,Backward,Short,"[{""type"": ""Zone"", ""value"": ""Back""}, {""type"": ""PassEndX"", ""value"": ""41.1""}, {""type"": ""PassEndY"", ""value"": ""6.4""}, {""type"": ""Length"", ""value"": ""16.0""}, {""type"": ""Angle"", ""value"": ""3.04""}]"
2944996371.0,75,20.0,SecondHalf,Nathan Patterson,396975,424,h,41.7,6.2,71.1,24.1,Unsuccessful,34.420488084860146,31.33487497605739,Forward,Chipped,"[{""type"": ""Longball""}, {""type"": ""Zone"", ""value"": ""Center""}, {""type"": ""PassEndX"", ""value"": ""71.1""}, {""type"": ""PassEndY"", ""value"": ""24.1""}, {""type"": ""Chipped""}, {""type"": ""Length"", ""value"": ""33.2""}, {""type"": ""Angle"", ""value"": ""0.38""}]"
2944996375.0,75,23.0,SecondHalf,Chadi Riad,454342,495,a,28.1,76.2,58.8,88.0,Unsuccessful,32.88966402990459,21.025003760937423,Forward,Short,"[{""type"": ""Longball""}, {""type"": ""Zone"", ""value"": ""Left""}, {""type"": ""PassEndX"", ""value"": ""58.8""}, {""type"": ""PassEndY"", ""value"": ""88.0""}, {""type"": ""Length"", ""value"": ""33.2""}, {""type"": ""Angle"", ""value"": ""0.24""}]"
2944996377.0,75,26.0,SecondHalf,Nathan Patterson,396975,424,h,40.2,12.0,49.0,25.3,Successful,15.947727110782903,56.50922133820901,Forward,Short,"[{""type"": ""HeadPass""}, {""type"": ""Zone"", ""value"": ""Back""}, {""type"": ""PassEndX"", ""value"": ""49.0""}, {""type"": ""PassEndY"", ""value"": ""25.3""}, {""type"": ""Length"", ""value"": ""12.9""}, {""type"": ""Angle"", ""value"": ""0.77""}]"
2944996381.0,75,27.0,SecondHalf,Kenny McLean,82917,424,h,49.0,25.3,35.0,61.2,Successful,38.533232410479144,111.3043983233534,Backward,Short,"[{""type"": ""Zone"", ""value"": ""Back""}, {""type"": ""PassEndX"", ""value"": ""35.0""}, {""type"": ""PassEndY"", ""value"": ""61.2""}, {""type"": ""LayOff""}, {""type"": ""Length"", ""value"": ""28.5""}, {""type"": ""Angle"", ""value"": ""2.11""}]"
2944996387.0,75,34.0,SecondHalf,Jack Hendry,280210,424,h,39.8,54.8,49.3,78.5,Successful,25.533115751901494,68.1569208631672,Forward,Short,"[{""type"": ""Zone"", ""value"": ""Back""}, {""type"": ""PassEndX"", ""value"": ""49.3""}, {""type"": ""PassEndY"", ""value"": ""78.5""}, {""type"": ""Length"", ""value"": ""19.0""}, {""type"": ""Angle"", ""value"": ""1.02""}]"
2944996389.0,75,37.0,SecondHalf,Kenny McLean,82917,424,h,61.5,87.5,72.0,79.7,Successful,13.080137613954983,-36.60707481260749,Forward,Short,"[{""type"": ""Zone"", ""value"": ""Left""}, {""type"": ""PassEndX"", ""value"": ""72.0""}, {""type"": ""PassEndY"", ""value"": ""79.7""}, {""type"": ""Length"", ""value"": ""12.2""}, {""type"": ""Angle"", ""value"": ""5.83""}]"
2944996393.0,75,39.0,SecondHalf,John McGinn,318449,424,h,72.0,79.7,64.9,88.7,Successful,11.463420083029318,128.26951606538432,Backward,Short,"[{""type"": ""Zone"", ""value"": ""Left""}, {""type"": ""PassEndX"", ""value"": ""64.9""}, {""type"": ""PassEndY"", ""value"": ""88.7""}, {""type"": ""LayOff""}, {""type"": ""Length"", ""value"": ""9.6""}, {""type"": ""Angle"", ""value"": ""2.45""}]"
2944996395.0,75,40.0,SecondHalf,Kenny McLean,82917,424,h,65.8,88.0,76.2,97.5,Successful,14.085808461000743,42.41049815275906,Forward,Short,"[{""type"": ""Zone"", ""value"": ""Left""}, {""type"": ""PassEndX"", ""value"": ""76.2""}, {""type"": ""PassEndY"", ""value"": ""97.5""}, {""type"": ""Length"", ""value"": ""12.7""}, {""type"": ""Angle"", ""value"": ""0.53""}]"
2944996399.0,75,41.0,SecondHalf,Andy Robertson,115726,424,h,76.2,97.5,82.8,91.8,Unsuccessful,8.720665112249177,-40.81508387488162,Forward,Short,"[{""type"": ""Zone"", ""value"": ""Left""}, {""type"": ""PassEndX"", ""value"": ""82.8""}, {""type"": ""PassEndY"", ""value"": ""91.8""}, {""type"": ""Length"", ""value"": ""7.9""}, {""type"": ""Angle"", ""value"": ""5.77""}]"
2944996407.0,75,42.0,SecondHalf,Brahim Díaz,317541,495,a,24.1,8.4,28.4,17.8,Successful,10.336827366266691,65.41842551743133,Lateral,Short,"[{""type"": ""Zone"", ""value"": ""Back""}, {""type"": ""PassEndX"", ""value"": ""28.4""}, {""type"": ""PassEndY"", ""value"": ""17.8""}, {""type"": ""Length"", ""value"": ""7.8""}, {""type"": ""Angle"", ""value"": ""0.96""}]"
2944996413.0,75,44.0,SecondHalf,Achraf Hakimi,320834,495,a,29.7,19.0,35.3,26.6,Successful,9.440338976964757,53.61564818416413,Forward,Short,"[{""type"": ""Zone"", ""value"": ""Back""}, {""type"": ""PassEndX"", ""value"": ""35.3""}, {""type"": ""PassEndY"", ""value"": ""26.6""}, {""type"": ""Length"", ""value"": ""7.8""}, {""type"": ""Angle"", ""value"": ""0.72""}]"
2944996419.0,75,46.0,SecondHalf,Azzedine Ounahi,392361,495,a,35.7,13.4,39.6,3.9,Successful,10.269371937952194,-67.68055960702493,Lateral,Short,"[{""type"": ""Zone"", ""value"": ""Back""}, {""type"": ""PassEndX"", ""value"": ""39.6""}, {""type"": ""PassEndY"", ""value"": ""3.9""}, {""type"": ""Length"", ""value"": ""7.6""}, {""type"": ""Angle"", ""value"": ""5.28""}]"
2944996423.0,75,50.0,SecondHalf,Brahim Díaz,317541,495,a,41.8,9.1,27.4,7.4,Successful,14.499999999999998,-173.26707867314042,Backward,Short,"[{""type"": ""Zone"", ""value"": ""Back""}, {""type"": ""PassEndX"", ""value"": ""27.4""}, {""type"": ""PassEndY"", ""value"": ""7.4""}, {""type"": ""Length"", ""value"": ""15.2""}, {""type"": ""Angle"", ""value"": ""3.22""}]"
2944996429.0,75,52.0,SecondHalf,Ayyoub Bouaddi,504830,495,a,27.4,7.4,34.2,30.4,Successful,23.9841614404173,73.5295715603914,Forward,Short,"[{""type"": ""Zone"", ""value"": ""Back""}, {""type"": ""PassEndX"", ""value"": ""34.2""}, {""type"": ""PassEndY"", ""value"": ""30.4""}, {""type"": ""Length"", ""value"": ""17.2""}, {""type"": ""Angle"", ""value"": ""1.14""}]"
2944996431.0,75,54.0,SecondHalf,Neil El Aynaoui,486734,495,a,34.2,30.4,30.2,13.5,Successful,17.366922582887273,-103.31608304910728,Lateral,Short,"[{""type"": ""Zone"", ""value"": ""Back""}, {""type"": ""PassEndX"", ""value"": ""30.2""}, {""type"": ""PassEndY"", ""value"": ""13.5""}, {""type"": ""Length"", ""value"": ""12.2""}, {""type"": ""Angle"", ""value"": ""4.36""}]"
2944996443.0,75,56.0,SecondHalf,Ayyoub Bouaddi,504830,495,a,29.8,18.8,28.9,59.1,Successful,40.310048375064,91.27934569237605,Lateral,Short,"[{""type"": ""Zone"", ""value"": ""Back""}, {""type"": ""PassEndX"", ""value"": ""28.9""}, {""type"": ""PassEndY"", ""value"": ""59.1""}, {""type"": ""Length"", ""value"": ""27.4""}, {""type"": ""Angle"", ""value"": ""1.61""}]"
2944996445.0,76,0.0,SecondHalf,Chadi Riad,454342,495,a,34.9,66.2,39.3,94.1,Successful,28.244822534404417,81.03791926746439,Lateral,Short,"[{""type"": ""Zone"", ""value"": ""Back""}, {""type"": ""PassEndX"", ""value"": ""39.3""}, {""type"": ""PassEndY"", ""value"": ""94.1""}, {""type"": ""Length"", ""value"": ""19.5""}, {""type"": ""Angle"", ""value"": ""1.33""}]"
2944996447.0,76,5.0,SecondHalf,Noussair Mazraoui,349932,495,a,39.3,94.1,35.8,74.6,Successful,19.81161275615895,-100.17551084304321,Lateral,Short,"[{""type"": ""Zone"", ""value"": ""Back""}, {""type"": ""PassEndX"", ""value"": ""35.8""}, {""type"": ""PassEndY"", ""value"": ""74.6""}, {""type"": ""Length"", ""value"": ""13.8""}, {""type"": ""Angle"", ""value"": ""4.44""}]"
2944996449.0,76,7.0,SecondHalf,Chadi Riad,454342,495,a,36.1,73.4,44.4,71.3,Successful,8.561541917201597,-14.19855402386323,Forward,Short,"[{""type"": ""Zone"", ""value"": ""Back""}, {""type"": ""PassEndX"", ""value"": ""44.4""}, {""type"": ""PassEndY"", ""value"": ""71.3""}, {""type"": ""Length"", ""value"": ""8.8""}, {""type"": ""Angle"", ""value"": ""6.12""}]"
2944996451.0,76,11.0,SecondHalf,Neil El Aynaoui,486734,495,a,41.0,68.3,32.6,37.1,Successful,32.31098884280702,-105.06848815949222,Backward,Short,"[{""type"": ""Zone"", ""value"": ""Back""}, {""type"": ""PassEndX"", ""value"": ""32.6""}, {""type"": ""PassEndY"", ""value"": ""37.1""}, {""type"": ""Length"", ""value"": ""23.0""}, {""type"": ""Angle"", ""value"": ""4.32""}]"
2944996453.0,76,13.0,SecondHalf,Issa Diop,300359,495,a,31.6,35.6,34.2,15.5,Successful,20.267461607216628,-82.62953199682129,Lateral,Short,"[{""type"": ""Zone"", ""value"": ""Back""}, {""type"": ""PassEndX"", ""value"": ""34.2""}, {""type"": ""PassEndY"", ""value"": ""15.5""}, {""type"": ""Length"", ""value"": ""13.9""}, {""type"": ""Angle"", ""value"": ""4.91""}]"
2944996455.0,76,15.0,SecondHalf,Azzedine Ounahi,392361,495,a,34.2,15.5,45.2,4.1,Successful,15.841717078650282,-46.02303018866784,Forward,Short,"[{""type"": ""Zone"", ""value"": ""Back""}, {""type"": ""PassEndX"", ""value"": ""45.2""}, {""type"": ""PassEndY"", ""value"": ""4.1""}, {""type"": ""Length"", ""value"": ""13.9""}, {""type"": ""Angle"", ""value"": ""5.69""}]"
2944996463.0,76,18.0,SecondHalf,Achraf Hakimi,320834,495,a,46.4,5.8,85.3,31.0,Successful,46.349217900629135,32.935768108972006,Forward,Short,"[{""type"": ""Longball""}, {""type"": ""Throughball""}, {""type"": ""Zone"", ""value"": ""Center""}, {""type"": ""PassEndX"", ""value"": ""85.3""}, {""type"": ""PassEndY"", ""value"": ""31.0""}, {""type"": ""Length"", ""value"": ""44.3""}, {""type"": ""Angle"", ""value"": ""0.40""}]"
2944996475.0,76,27.0,SecondHalf,Noussair Mazraoui,349932,495,a,60.5,67.0,72.7,76.1,Successful,15.220052562327108,36.719317757278226,Forward,Short,"[{""type"": ""Zone"", ""value"": ""Center""}, {""type"": ""PassEndX"", ""value"": ""72.7""}, {""type"": ""PassEndY"", ""value"": ""76.1""}, {""type"": ""Length"", ""value"": ""14.2""}, {""type"": ""Angle"", ""value"": ""0.45""}]"
2944996481.0,76,31.0,SecondHalf,Bilal El Khannouss,433572,495,a,77.5,73.4,89.4,84.2,Successful,16.0701586799882,42.22572268869919,Forward,Short,"[{""type"": ""Zone"", ""value"": ""Left""}, {""type"": ""PassEndX"", ""value"": ""89.4""}, {""type"": ""PassEndY"", ""value"": ""84.2""}, {""type"": ""Length"", ""value"": ""14.5""}, {""type"": ""Angle"", ""value"": ""0.53""}]"
2944996487.0,76,36.0,SecondHalf,Noussair Mazraoui,349932,495,a,97.4,76.1,86.2,17.6,Unsuccessful,59.56248819517196,-100.83829528769935,Backward,Cross,"[{""type"": ""Longball""}, {""type"": ""Cross""}, {""type"": ""Zone"", ""value"": ""Right""}, {""type"": ""PassEndX"", ""value"": ""86.2""}, {""type"": ""PassEndY"", ""value"": ""17.6""}, {""type"": ""Chipped""}, {""type"": ""Length"", ""value"": ""41.5""}, {""type"": ""Angle"", ""value"": ""4.42""}]"
2944996513.0,76,57.0,SecondHalf,Andy Robertson,115726,424,h,17.5,90.3,10.2,60.6,Successful,30.58398273606627,-103.80906075878129,Backward,Short,"[{""type"": ""FreekickTaken""}, {""type"": ""Zone"", ""value"": ""Back""}, {""type"": ""PassEndX"", ""value"": ""10.2""}, {""type"": ""PassEndY"", ""value"": ""60.6""}, {""type"": ""Length"", ""value"": ""21.6""}, {""type"": ""Angle"", ""value"": ""4.35""}]"
2944996523.0,77,1.0,SecondHalf,Angus Gunn,318896,424,h,10.7,58.1,23.1,60.9,Successful,12.712198865656564,12.724355685422355,Forward,Short,"[{""type"": ""Zone"", ""value"": ""Back""}, {""type"": ""PassEndX"", ""value"": ""23.1""}, {""type"": ""PassEndY"", ""value"": ""60.9""}, {""type"": ""Length"", ""value"": ""13.2""}, {""type"": ""Angle"", ""value"": ""0.15""}]"
2944996527.0,77,7.0,SecondHalf,Lewis Ferguson,396971,424,h,27.9,49.3,28.1,70.0,Successful,20.700966161027367,89.44643481411761,Lateral,Short,"[{""type"": ""Zone"", ""value"": ""Back""}, {""type"": ""PassEndX"", ""value"": ""28.1""}, {""type"": ""PassEndY"", ""value"": ""70.0""}, {""type"": ""Length"", ""value"": ""14.1""}, {""type"": ""Angle"", ""value"": ""1.56""}]"
2944996529.0,77,11.0,SecondHalf,Jack Hendry,280210,424,h,36.2,74.2,30.4,89.4,Successful,16.268988905276203,110.88580146069305,Backward,Short,"[{""type"": ""Zone"", ""value"": ""Back""}, {""type"": ""PassEndX"", ""value"": ""30.4""}, {""type"": ""PassEndY"", ""value"": ""89.4""}, {""type"": ""Length"", ""value"": ""12.0""}, {""type"": ""Angle"", ""value"": ""2.10""}]"
2944996531.0,77,14.0,SecondHalf,Andy Robertson,115726,424,h,31.5,91.7,25.4,72.1,Successful,20.527298896834925,-107.28742102835055,Backward,Short,"[{""type"": ""Zone"", ""value"": ""Back""}, {""type"": ""PassEndX"", ""value"": ""25.4""}, {""type"": ""PassEndY"", ""value"": ""72.1""}, {""type"": ""Length"", ""value"": ""14.8""}, {""type"": ""Angle"", ""value"": ""4.26""}]"
2944996533.0,77,16.0,SecondHalf,Lewis Ferguson,396971,424,h,26.1,73.8,40.1,60.2,Successful,19.518196638009357,-44.169684513741984,Forward,Short,"[{""type"": ""Zone"", ""value"": ""Back""}, {""type"": ""PassEndX"", ""value"": ""40.1""}, {""type"": ""PassEndY"", ""value"": ""60.2""}, {""type"": ""Length"", ""value"": ""17.4""}, {""type"": ""Angle"", ""value"": ""5.72""}]"
2944996535.0,77,17.0,SecondHalf,Kenny McLean,82917,424,h,40.1,60.2,35.6,65.7,Successful,7.106335201775948,129.28940686250036,Lateral,Short,"[{""type"": ""Zone"", ""value"": ""Back""}, {""type"": ""PassEndX"", ""value"": ""35.6""}, {""type"": ""PassEndY"", ""value"": ""65.7""}, {""type"": ""LayOff""}, {""type"": ""Length"", ""value"": ""6.0""}, {""type"": ""Angle"", ""value"": ""2.47""}]"
2944996537.0,77,18.0,SecondHalf,Scott McTominay,336915,424,h,37.7,63.7,55.2,34.5,Successful,34.04247347065134,-59.0651078380353,Forward,Short,"[{""type"": ""Zone"", ""value"": ""Center""}, {""type"": ""PassEndX"", ""value"": ""55.2""}, {""type"": ""PassEndY"", ""value"": ""34.5""}, {""type"": ""Length"", ""value"": ""27.1""}, {""type"": ""Angle"", ""value"": ""5.46""}]"
2944996539.0,77,20.0,SecondHalf,Lyndon Dykes,396795,424,h,56.3,33.1,61.1,5.2,Successful,28.309892264012596,-80.23822522495774,Lateral,Short,"[{""type"": ""Zone"", ""value"": ""Right""}, {""type"": ""PassEndX"", ""value"": ""61.1""}, {""type"": ""PassEndY"", ""value"": ""5.2""}, {""type"": ""Length"", ""value"": ""19.6""}, {""type"": ""Angle"", ""value"": ""4.97""}]"
2944996549.0,77,29.0,SecondHalf,Ben Gannon-Doak,430350,424,h,93.0,12.6,92.6,23.7,Unsuccessful,11.10720486891279,92.06381972845699,Lateral,Cross,"[{""type"": ""Cross""}, {""type"": ""Zone"", ""value"": ""Center""}, {""type"": ""PassEndX"", ""value"": ""92.6""}, {""type"": ""PassEndY"", ""value"": ""23.7""}, {""type"": ""Length"", ""value"": ""7.6""}, {""type"": ""Angle"", ""value"": ""1.63""}, {""type"": ""OppositeRelatedEvent"", ""value"": ""804""}, {""type"": ""Offensive""}]"
2944996579.0,77,46.0,SecondHalf,Yassine Bounou,136220,495,a,14.0,53.6,87.1,64.9,Unsuccessful,73.96823642618499,8.787386477519048,Forward,Short,"[{""type"": ""Longball""}, {""type"": ""Zone"", ""value"": ""Center""}, {""type"": ""PassEndX"", ""value"": ""87.1""}, {""type"": ""PassEndY"", ""value"": ""64.9""}, {""type"": ""Length"", ""value"": ""77.1""}, {""type"": ""Angle"", ""value"": ""0.10""}]"
2944996587.0,77,50.0,SecondHalf,Angus Gunn,318896,424,h,14.7,33.4,26.5,53.0,Successful,22.877936969928037,58.95034281337738,Forward,Short,"[{""type"": ""Zone"", ""value"": ""Back""}, {""type"": ""KeeperThrow""}, {""type"": ""PassEndX"", ""value"": ""26.5""}, {""type"": ""PassEndY"", ""value"": ""53.0""}, {""type"": ""Length"", ""value"": ""18.2""}, {""type"": ""Angle"", ""value"": ""0.82""}]"
2944996593.0,77,55.0,SecondHalf,Jack Hendry,280210,424,h,34.2,64.0,44.7,52.8,Successful,15.352198539622918,-46.847610265994604,Forward,Short,"[{""type"": ""Zone"", ""value"": ""Back""}, {""type"": ""PassEndX"", ""value"": ""44.7""}, {""type"": ""PassEndY"", ""value"": ""52.8""}, {""type"": ""Length"", ""value"": ""13.4""}, {""type"": ""Angle"", ""value"": ""5.68""}]"
2944996595.0,77,58.0,SecondHalf,Kenny McLean,82917,424,h,50.2,51.5,57.9,51.6,Unsuccessful,7.700649323271378,0.7440592028887205,Forward,Short,"[{""type"": ""Zone"", ""value"": ""Center""}, {""type"": ""PassEndX"", ""value"": ""57.9""}, {""type"": ""PassEndY"", ""value"": ""51.6""}, {""type"": ""Length"", ""value"": ""8.1""}, {""type"": ""Angle"", ""value"": ""0.01""}]"
2944996611.0,78,9.0,SecondHalf,Ben Gannon-Doak,430350,424,h,90.0,25.9,78.5,20.7,Successful,12.621014222319852,-155.66875808306494,Backward,Short,"[{""type"": ""Zone"", ""value"": ""Right""}, {""type"": ""PassEndX"", ""value"": ""78.5""}, {""type"": ""PassEndY"", ""value"": ""20.7""}, {""type"": ""Length"", ""value"": ""12.6""}, {""type"": ""Angle"", ""value"": ""3.43""}]"
2944996617.0,78,14.0,SecondHalf,Noussair Mazraoui,349932,495,a,14.7,77.6,17.7,75.3,Unsuccessful,3.780211634287158,-37.47617956136134,Lateral,Short,"[{""type"": ""Zone"", ""value"": ""Back""}, {""type"": ""PassEndX"", ""value"": ""17.7""}, {""type"": ""PassEndY"", ""value"": ""75.3""}, {""type"": ""Length"", ""value"": ""3.5""}, {""type"": ""Angle"", ""value"": ""5.82""}]"
2944996625.0,78,19.0,SecondHalf,Bilal El Khannouss,433572,495,a,28.1,74.8,28.9,67.5,Unsuccessful,7.343704787094859,-83.74596725608356,Lateral,Short,"[{""type"": ""Zone"", ""value"": ""Back""}, {""type"": ""PassEndX"", ""value"": ""28.9""}, {""type"": ""PassEndY"", ""value"": ""67.5""}, {""type"": ""Length"", ""value"": ""5.0""}, {""type"": ""Angle"", ""value"": ""4.88""}, {""type"": ""OppositeRelatedEvent"", ""value"": ""601""}, {""type"": ""Offensive""}]"
2944996633.0,78,20.0,SecondHalf,Ben Gannon-Doak,430350,424,h,63.4,4.3,59.1,22.4,Successful,18.60376306019833,103.36396400137241,Lateral,Short,"[{""type"": ""Zone"", ""value"": ""Center""}, {""type"": ""PassEndX"", ""value"": ""59.1""}, {""type"": ""PassEndY"", ""value"": ""22.4""}, {""type"": ""Length"", ""value"": ""13.1""}, {""type"": ""Angle"", ""value"": ""1.92""}]"
2944996637.0,78,21.0,SecondHalf,Nathan Patterson,396975,424,h,59.1,22.4,38.8,25.3,Successful,20.506096654409884,171.86989764584402,Backward,Short,"[{""type"": ""Zone"", ""value"": ""Back""}, {""type"": ""PassEndX"", ""value"": ""38.8""}, {""type"": ""PassEndY"", ""value"": ""25.3""}, {""type"": ""Length"", ""value"": ""21.4""}, {""type"": ""Angle"", ""value"": ""3.05""}]"
2944996649.0,78,23.0,SecondHalf,Grant Hanley,86593,424,h,44.0,24.3,43.8,48.8,Successful,24.500816312931285,90.46771026003853,Lateral,Short,"[{""type"": ""Zone"", ""value"": ""Back""}, {""type"": ""PassEndX"", ""value"": ""43.8""}, {""type"": ""PassEndY"", ""value"": ""48.8""}, {""type"": ""Length"", ""value"": ""16.7""}, {""type"": ""Angle"", ""value"": ""1.58""}]"
2944996651.0,78,29.0,SecondHalf,Jack Hendry,280210,424,h,61.6,39.8,73.1,28.8,Successful,15.913830462839542,-43.7269699799433,Forward,Short,"[{""type"": ""Zone"", ""value"": ""Center""}, {""type"": ""PassEndX"", ""value"": ""73.1""}, {""type"": ""PassEndY"", ""value"": ""28.8""}, {""type"": ""Length"", ""value"": ""14.2""}, {""type"": ""Angle"", ""value"": ""5.73""}]"
2944996663.0,78,32.0,SecondHalf,Kenny McLean,82917,424,h,74.0,27.6,78.6,11.0,Successful,17.22556240010758,-74.51149855709033,Lateral,Short,"[{""type"": ""Zone"", ""value"": ""Right""}, {""type"": ""PassEndX"", ""value"": ""78.6""}, {""type"": ""PassEndY"", ""value"": ""11.0""}, {""type"": ""Length"", ""value"": ""12.3""}, {""type"": ""Angle"", ""value"": ""5.12""}]"
2944996665.0,78,37.0,SecondHalf,Ben Gannon-Doak,430350,424,h,90.0,17.9,91.2,24.3,Unsuccessful,6.511528238439885,79.38034472384484,Lateral,Cross,"[{""type"": ""Cross""}, {""type"": ""Zone"", ""value"": ""Center""}, {""type"": ""PassEndX"", ""value"": ""91.2""}, {""type"": ""PassEndY"", ""value"": ""24.3""}, {""type"": ""Length"", ""value"": ""4.5""}, {""type"": ""Angle"", ""value"": ""1.29""}, {""type"": ""OppositeRelatedEvent"", ""value"": ""814""}, {""type"": ""Offensive""}]"
2944996681.0,78,42.0,SecondHalf,Ayyoub Bouaddi,504830,495,a,26.9,78.4,38.3,93.1,Successful,18.602419197512983,52.20605700138326,Forward,Short,"[{""type"": ""Zone"", ""value"": ""Back""}, {""type"": ""PassEndX"", ""value"": ""38.3""}, {""type"": ""PassEndY"", ""value"": ""93.1""}, {""type"": ""Length"", ""value"": ""15.6""}, {""type"": ""Angle"", ""value"": ""0.70""}]"
2944996683.0,78,50.0,SecondHalf,Ismael Saibari,404776,495,a,81.6,78.2,78.9,51.5,Unsuccessful,26.836169622358554,-95.77432590266325,Lateral,Short,"[{""type"": ""Zone"", ""value"": ""Center""}, {""type"": ""PassEndX"", ""value"": ""78.9""}, {""type"": ""PassEndY"", ""value"": ""51.5""}, {""type"": ""Length"", ""value"": ""18.4""}, {""type"": ""Angle"", ""value"": ""4.56""}]"
2944996703.0,79,1.0,SecondHalf,Brahim Díaz,317541,495,a,41.4,23.1,34.0,34.8,Successful,13.843771162512036,122.31247862613003,Backward,Short,"[{""type"": ""Zone"", ""value"": ""Back""}, {""type"": ""PassEndX"", ""value"": ""34.0""}, {""type"": ""PassEndY"", ""value"": ""34.8""}, {""type"": ""Length"", ""value"": ""11.1""}, {""type"": ""Angle"", ""value"": ""2.34""}]"
2944996707.0,79,6.0,SecondHalf,Issa Diop,300359,495,a,34.0,34.8,45.0,59.6,Successful,27.130057132265687,66.08039707992255,Forward,Short,"[{""type"": ""Zone"", ""value"": ""Back""}, {""type"": ""PassEndX"", ""value"": ""45.0""}, {""type"": ""PassEndY"", ""value"": ""59.6""}, {""type"": ""Length"", ""value"": ""20.4""}, {""type"": ""Angle"", ""value"": ""0.97""}]"
2944996713.0,79,10.0,SecondHalf,Ayyoub Bouaddi,504830,495,a,45.2,65.8,43.1,83.0,Successful,17.32772345116346,96.96096302624856,Lateral,Short,"[{""type"": ""Zone"", ""value"": ""Back""}, {""type"": ""PassEndX"", ""value"": ""43.1""}, {""type"": ""PassEndY"", ""value"": ""83.0""}, {""type"": ""Length"", ""value"": ""11.9""}, {""type"": ""Angle"", ""value"": ""1.76""}]"
2944996717.0,79,16.0,SecondHalf,Noussair Mazraoui,349932,495,a,46.5,79.9,66.5,81.5,Successful,20.063897926375123,4.573921259900845,Forward,Short,"[{""type"": ""Zone"", ""value"": ""Left""}, {""type"": ""PassEndX"", ""value"": ""66.5""}, {""type"": ""PassEndY"", ""value"": ""81.5""}, {""type"": ""Length"", ""value"": ""21.0""}, {""type"": ""Angle"", ""value"": ""0.05""}]"
2944996719.0,79,18.0,SecondHalf,Ismael Saibari,404776,495,a,66.5,81.5,63.1,94.4,Successful,13.340539719216766,104.76542310992855,Lateral,Short,"[{""type"": ""Zone"", ""value"": ""Left""}, {""type"": ""PassEndX"", ""value"": ""63.1""}, {""type"": ""PassEndY"", ""value"": ""94.4""}, {""type"": ""Length"", ""value"": ""9.5""}, {""type"": ""Angle"", ""value"": ""1.96""}]"
2944996723.0,79,19.0,SecondHalf,Bilal El Khannouss,433572,495,a,63.8,92.3,62.3,74.6,Successful,17.763445611704956,-94.84400037508068,Lateral,Short,"[{""type"": ""Zone"", ""value"": ""Center""}, {""type"": ""PassEndX"", ""value"": ""62.3""}, {""type"": ""PassEndY"", ""value"": ""74.6""}, {""type"": ""Length"", ""value"": ""12.1""}, {""type"": ""Angle"", ""value"": ""4.58""}]"
2944996725.0,79,20.0,SecondHalf,Neil El Aynaoui,486734,495,a,62.3,74.6,52.8,71.1,Successful,10.124228365658293,-159.77514056883192,Backward,Short,"[{""type"": ""Zone"", ""value"": ""Center""}, {""type"": ""PassEndX"", ""value"": ""52.8""}, {""type"": ""PassEndY"", ""value"": ""71.1""}, {""type"": ""Length"", ""value"": ""10.3""}, {""type"": ""Angle"", ""value"": ""3.38""}]"
2944996727.0,79,22.0,SecondHalf,Ayyoub Bouaddi,504830,495,a,52.8,71.1,60.9,73.4,Successful,8.420213774008358,15.851928154287025,Forward,Short,"[{""type"": ""Zone"", ""value"": ""Center""}, {""type"": ""PassEndX"", ""value"": ""60.9""}, {""type"": ""PassEndY"", ""value"": ""73.4""}, {""type"": ""Length"", ""value"": ""8.6""}, {""type"": ""Angle"", ""value"": ""0.18""}]"
2944996729.0,79,23.0,SecondHalf,Neil El Aynaoui,486734,495,a,60.9,73.4,51.1,70.1,Successful,10.340696301506975,-161.3898352721726,Backward,Short,"[{""type"": ""Zone"", ""value"": ""Center""}, {""type"": ""PassEndX"", ""value"": ""51.1""}, {""type"": ""PassEndY"", ""value"": ""70.1""}, {""type"": ""Length"", ""value"": ""10.5""}, {""type"": ""Angle"", ""value"": ""3.36""}]"
2944996735.0,79,25.0,SecondHalf,Ayyoub Bouaddi,504830,495,a,46.9,68.7,47.3,51.0,Successful,17.704519197086377,-88.70540048183572,Lateral,Short,"[{""type"": ""Zone"", ""value"": ""Back""}, {""type"": ""PassEndX"", ""value"": ""47.3""}, {""type"": ""PassEndY"", ""value"": ""51.0""}, {""type"": ""Length"", ""value"": ""12.0""}, {""type"": ""Angle"", ""value"": ""4.75""}]"
2944996739.0,79,27.0,SecondHalf,Azzedine Ounahi,392361,495,a,47.3,46.5,59.4,34.0,Successful,17.397126199461795,-45.931556598077485,Forward,Short,"[{""type"": ""Zone"", ""value"": ""Center""}, {""type"": ""PassEndX"", ""value"": ""59.4""}, {""type"": ""PassEndY"", ""value"": ""34.0""}, {""type"": ""Length"", ""value"": ""15.3""}, {""type"": ""Angle"", ""value"": ""5.69""}]"
2944996743.0,79,29.0,SecondHalf,Achraf Hakimi,320834,495,a,60.0,32.5,37.8,22.6,Successful,24.30740627874558,-155.96571184055742,Backward,Short,"[{""type"": ""Zone"", ""value"": ""Back""}, {""type"": ""PassEndX"", ""value"": ""37.8""}, {""type"": ""PassEndY"", ""value"": ""22.6""}, {""type"": ""Length"", ""value"": ""24.3""}, {""type"": ""Angle"", ""value"": ""3.42""}]"
2944996745.0,79,32.0,SecondHalf,Issa Diop,300359,495,a,38.3,22.8,34.3,48.7,Successful,26.2070601174569,98.77940611116767,Lateral,Short,"[{""type"": ""Zone"", ""value"": ""Back""}, {""type"": ""PassEndX"", ""value"": ""34.3""}, {""type"": ""PassEndY"", ""value"": ""48.7""}, {""type"": ""Length"", ""value"": ""18.1""}, {""type"": ""Angle"", ""value"": ""1.80""}]"
2944996749.0,79,35.0,SecondHalf,Chadi Riad,454342,495,a,33.5,52.5,39.0,82.4,Successful,30.401644692351766,79.57715709417019,Forward,Short,"[{""type"": ""Zone"", ""value"": ""Back""}, {""type"": ""PassEndX"", ""value"": ""39.0""}, {""type"": ""PassEndY"", ""value"": ""82.4""}, {""type"": ""Length"", ""value"": ""21.1""}, {""type"": ""Angle"", ""value"": ""1.29""}]"
2944996755.0,79,38.0,SecondHalf,Noussair Mazraoui,349932,495,a,39.6,82.5,58.0,75.1,Successful,19.83229689168655,-21.908704828181936,Forward,Short,"[{""type"": ""Zone"", ""value"": ""Center""}, {""type"": ""PassEndX"", ""value"": ""58.0""}, {""type"": ""PassEndY"", ""value"": ""75.1""}, {""type"": ""Length"", ""value"": ""20.0""}, {""type"": ""Angle"", ""value"": ""6.03""}]"
2944996757.0,79,40.0,SecondHalf,Ismael Saibari,404776,495,a,58.0,75.1,46.0,57.9,Successful,20.972362766269324,-124.90249561592474,Backward,Short,"[{""type"": ""Zone"", ""value"": ""Back""}, {""type"": ""PassEndX"", ""value"": ""46.0""}, {""type"": ""PassEndY"", ""value"": ""57.9""}, {""type"": ""LayOff""}, {""type"": ""Length"", ""value"": ""17.2""}, {""type"": ""Angle"", ""value"": ""3.89""}]"
2944996761.0,79,42.0,SecondHalf,Ayyoub Bouaddi,504830,495,a,51.9,56.8,46.6,33.0,Successful,24.382985871299677,-102.55429515387296,Backward,Short,"[{""type"": ""Zone"", ""value"": ""Back""}, {""type"": ""PassEndX"", ""value"": ""46.6""}, {""type"": ""PassEndY"", ""value"": ""33.0""}, {""type"": ""Length"", ""value"": ""17.1""}, {""type"": ""Angle"", ""value"": ""4.38""}]"
2944996763.0,79,43.0,SecondHalf,Achraf Hakimi,320834,495,a,46.6,33.0,68.3,5.8,Successful,34.79554569194166,-51.41734041496678,Forward,Short,"[{""type"": ""Zone"", ""value"": ""Right""}, {""type"": ""PassEndX"", ""value"": ""68.3""}, {""type"": ""PassEndY"", ""value"": ""5.8""}, {""type"": ""Length"", ""value"": ""29.3""}, {""type"": ""Angle"", ""value"": ""5.60""}]"
2944996765.0,79,48.0,SecondHalf,Brahim Díaz,317541,495,a,72.1,4.3,63.3,15.7,Successful,14.40138882191575,127.66562119858328,Backward,Short,"[{""type"": ""Zone"", ""value"": ""Right""}, {""type"": ""PassEndX"", ""value"": ""63.3""}, {""type"": ""PassEndY"", ""value"": ""15.7""}, {""type"": ""Length"", ""value"": ""12.1""}, {""type"": ""Angle"", ""value"": ""2.44""}]"
2944996767.0,79,50.0,SecondHalf,Achraf Hakimi,320834,495,a,63.3,15.7,72.3,18.8,Successful,9.518928511129811,19.005984196036792,Forward,Short,"[{""type"": ""Zone"", ""value"": ""Right""}, {""type"": ""PassEndX"", ""value"": ""72.3""}, {""type"": ""PassEndY"", ""value"": ""18.8""}, {""type"": ""Length"", ""value"": ""9.7""}, {""type"": ""Angle"", ""value"": ""0.22""}]"
2944996769.0,79,51.0,SecondHalf,Azzedine Ounahi,392361,495,a,71.9,18.8,62.3,11.4,Successful,12.121056059601415,-142.37376636133024,Backward,Short,"[{""type"": ""Zone"", ""value"": ""Right""}, {""type"": ""PassEndX"", ""value"": ""62.3""}, {""type"": ""PassEndY"", ""value"": ""11.4""}, {""type"": ""Length"", ""value"": ""11.3""}, {""type"": ""Angle"", ""value"": ""3.60""}]"
2944996771.0,79,52.0,SecondHalf,Achraf Hakimi,320834,495,a,62.3,11.4,68.7,13.7,Successful,6.800735254367726,19.767168676791627,Forward,Short,"[{""type"": ""Zone"", ""value"": ""Right""}, {""type"": ""PassEndX"", ""value"": ""68.7""}, {""type"": ""PassEndY"", ""value"": ""13.7""}, {""type"": ""Length"", ""value"": ""6.9""}, {""type"": ""Angle"", ""value"": ""0.23""}]"
2944996775.0,79,54.0,SecondHalf,Azzedine Ounahi,392361,495,a,68.7,13.7,55.2,18.8,Successful,14.431216164966832,159.3045492659367,Backward,Short,"[{""type"": ""Zone"", ""value"": ""Right""}, {""type"": ""PassEndX"", ""value"": ""55.2""}, {""type"": ""PassEndY"", ""value"": ""18.8""}, {""type"": ""Length"", ""value"": ""14.6""}, {""type"": ""Angle"", ""value"": ""2.90""}]"
2944996783.0,79,55.0,SecondHalf,Achraf Hakimi,320834,495,a,55.2,18.8,31.5,42.6,Successful,33.58764653857129,134.87937748449303,Backward,Short,"[{""type"": ""Zone"", ""value"": ""Back""}, {""type"": ""PassEndX"", ""value"": ""31.5""}, {""type"": ""PassEndY"", ""value"": ""42.6""}, {""type"": ""Length"", ""value"": ""29.7""}, {""type"": ""Angle"", ""value"": ""2.56""}]"
2944996789.0,79,59.0,SecondHalf,Issa Diop,300359,495,a,31.5,42.6,32.6,71.1,Successful,28.521220170252175,87.78968107564609,Lateral,Short,"[{""type"": ""Zone"", ""value"": ""Back""}, {""type"": ""PassEndX"", ""value"": ""32.6""}, {""type"": ""PassEndY"", ""value"": ""71.1""}, {""type"": ""Length"", ""value"": ""19.4""}, {""type"": ""Angle"", ""value"": ""1.51""}]"
2944996793.0,80,3.0,SecondHalf,Chadi Riad,454342,495,a,35.8,72.5,36.1,89.1,Successful,16.60271062206409,88.96464681345503,Lateral,Short,"[{""type"": ""Zone"", ""value"": ""Back""}, {""type"": ""PassEndX"", ""value"": ""36.1""}, {""type"": ""PassEndY"", ""value"": ""89.1""}, {""type"": ""Length"", ""value"": ""11.3""}, {""type"": ""Angle"", ""value"": ""1.54""}]"
2944996795.0,80,6.0,SecondHalf,Noussair Mazraoui,349932,495,a,35.4,84.3,9.3,55.9,Successful,38.57162169263823,-132.58344691684187,Backward,Short,"[{""type"": ""Longball""}, {""type"": ""Zone"", ""value"": ""Back""}, {""type"": ""PassEndX"", ""value"": ""9.3""}, {""type"": ""PassEndY"", ""value"": ""55.9""}, {""type"": ""Length"", ""value"": ""33.5""}, {""type"": ""Angle"", ""value"": ""3.76""}]"
2944996797.0,80,9.0,SecondHalf,Yassine Bounou,136220,495,a,9.4,55.6,14.8,32.3,Successful,23.917566765873158,-76.95151693171334,Forward,Short,"[{""type"": ""Zone"", ""value"": ""Back""}, {""type"": ""PassEndX"", ""value"": ""14.8""}, {""type"": ""PassEndY"", ""value"": ""32.3""}, {""type"": ""Length"", ""value"": ""16.8""}, {""type"": ""Angle"", ""value"": ""5.06""}]"
2944996801.0,80,12.0,SecondHalf,Issa Diop,300359,495,a,14.8,32.3,32.4,21.8,Successful,20.494145505485214,-30.8199180572291,Forward,Short,"[{""type"": ""Zone"", ""value"": ""Back""}, {""type"": ""PassEndX"", ""value"": ""32.4""}, {""type"": ""PassEndY"", ""value"": ""21.8""}, {""type"": ""Length"", ""value"": ""19.8""}, {""type"": ""Angle"", ""value"": ""5.91""}]"
2944996803.0,80,15.0,SecondHalf,Azzedine Ounahi,392361,495,a,29.9,18.3,33.6,8.4,Unsuccessful,10.568822072492281,-69.5074052301297,Lateral,Short,"[{""type"": ""Zone"", ""value"": ""Back""}, {""type"": ""PassEndX"", ""value"": ""33.6""}, {""type"": ""PassEndY"", ""value"": ""8.4""}, {""type"": ""Length"", ""value"": ""7.8""}, {""type"": ""Angle"", ""value"": ""5.24""}]"
2944996847.0,80,45.0,SecondHalf,Achraf Hakimi,320834,495,a,47.6,0.0,23.7,10.7,Successful,26.18587405453559,155.88199746524563,Backward,ThrowIn,"[{""type"": ""Longball""}, {""type"": ""Zone"", ""value"": ""Back""}, {""type"": ""ThrowIn""}, {""type"": ""PassEndX"", ""value"": ""23.7""}, {""type"": ""PassEndY"", ""value"": ""10.7""}, {""type"": ""Length"", ""value"": ""26.5""}, {""type"": ""Angle"", ""value"": ""2.81""}]"
2944996853.0,80,49.0,SecondHalf,Issa Diop,300359,495,a,21.3,15.5,8.5,39.9,Successful,27.553584158871235,117.68106156848528,Backward,Short,"[{""type"": ""Zone"", ""value"": ""Back""}, {""type"": ""PassEndX"", ""value"": ""8.5""}, {""type"": ""PassEndY"", ""value"": ""39.9""}, {""type"": ""Length"", ""value"": ""21.4""}, {""type"": ""Angle"", ""value"": ""2.25""}]"
2944996857.0,80,51.0,SecondHalf,Yassine Bounou,136220,495,a,8.5,39.9,14.6,62.5,Successful,23.408759044426084,74.89515088742431,Forward,Short,"[{""type"": ""Zone"", ""value"": ""Back""}, {""type"": ""PassEndX"", ""value"": ""14.6""}, {""type"": ""PassEndY"", ""value"": ""62.5""}, {""type"": ""Length"", ""value"": ""16.6""}, {""type"": ""Angle"", ""value"": ""1.18""}]"
2944996861.0,80,54.0,SecondHalf,Chadi Riad,454342,495,a,15.3,62.1,14.6,16.7,Successful,45.40539615508271,-90.88334510778894,Lateral,Short,"[{""type"": ""Zone"", ""value"": ""Back""}, {""type"": ""PassEndX"", ""value"": ""14.6""}, {""type"": ""PassEndY"", ""value"": ""16.7""}, {""type"": ""Length"", ""value"": ""30.9""}, {""type"": ""Angle"", ""value"": ""4.69""}]"
2944996865.0,80,57.0,SecondHalf,Issa Diop,300359,495,a,14.6,16.7,34.5,14.7,Successful,20.000249998437518,-5.739098498089606,Forward,Short,"[{""type"": ""Zone"", ""value"": ""Back""}, {""type"": ""PassEndX"", ""value"": ""34.5""}, {""type"": ""PassEndY"", ""value"": ""14.7""}, {""type"": ""Length"", ""value"": ""20.9""}, {""type"": ""Angle"", ""value"": ""6.22""}]"
2944996875.0,81,3.0,SecondHalf,Lewis Ferguson,396971,424,h,62.5,95.6,45.8,87.2,Successful,18.693581786270922,-153.29787784156738,Backward,Short,"[{""type"": ""Zone"", ""value"": ""Back""}, {""type"": ""PassEndX"", ""value"": ""45.8""}, {""type"": ""PassEndY"", ""value"": ""87.2""}, {""type"": ""Length"", ""value"": ""18.4""}, {""type"": ""Angle"", ""value"": ""3.46""}]"
2944996879.0,81,6.0,SecondHalf,Andy Robertson,115726,424,h,56.5,85.1,48.7,68.1,Successful,18.7040102651811,-114.64677085193115,Backward,Short,"[{""type"": ""Zone"", ""value"": ""Back""}, {""type"": ""PassEndX"", ""value"": ""48.7""}, {""type"": ""PassEndY"", ""value"": ""68.1""}, {""type"": ""Length"", ""value"": ""14.2""}, {""type"": ""Angle"", ""value"": ""4.10""}]"
2944996881.0,81,8.0,SecondHalf,Jack Hendry,280210,424,h,48.4,67.5,54.9,85.7,Successful,19.32588937151406,70.3461759419467,Forward,Short,"[{""type"": ""Zone"", ""value"": ""Left""}, {""type"": ""PassEndX"", ""value"": ""54.9""}, {""type"": ""PassEndY"", ""value"": ""85.7""}, {""type"": ""Length"", ""value"": ""14.1""}, {""type"": ""Angle"", ""value"": ""1.07""}]"
2944996883.0,81,9.0,SecondHalf,Andy Robertson,115726,424,h,55.4,86.6,46.0,65.4,Successful,23.190515302597298,-113.9123175517509,Backward,Short,"[{""type"": ""Zone"", ""value"": ""Back""}, {""type"": ""PassEndX"", ""value"": ""46.0""}, {""type"": ""PassEndY"", ""value"": ""65.4""}, {""type"": ""Length"", ""value"": ""17.5""}, {""type"": ""Angle"", ""value"": ""4.11""}]"
2944996887.0,81,11.0,SecondHalf,Jack Hendry,280210,424,h,45.9,64.3,41.7,37.3,Successful,27.32471408816568,-98.84181456019166,Lateral,Short,"[{""type"": ""Zone"", ""value"": ""Back""}, {""type"": ""PassEndX"", ""value"": ""41.7""}, {""type"": ""PassEndY"", ""value"": ""37.3""}, {""type"": ""Length"", ""value"": ""18.9""}, {""type"": ""Angle"", ""value"": ""4.48""}]"
2944996893.0,81,15.0,SecondHalf,Grant Hanley,86593,424,h,40.4,39.1,39.4,16.1,Successful,23.021728866442675,-92.48955292199916,Lateral,Short,"[{""type"": ""Zone"", ""value"": ""Back""}, {""type"": ""PassEndX"", ""value"": ""39.4""}, {""type"": ""PassEndY"", ""value"": ""16.1""}, {""type"": ""Length"", ""value"": ""15.7""}, {""type"": ""Angle"", ""value"": ""4.65""}]"
2944996901.0,81,19.0,SecondHalf,Nathan Patterson,396975,424,h,44.6,22.1,65.4,83.5,Successful,64.82746331609776,71.28556178653325,Forward,Chipped,"[{""type"": ""Longball""}, {""type"": ""Zone"", ""value"": ""Left""}, {""type"": ""PassEndX"", ""value"": ""65.4""}, {""type"": ""PassEndY"", ""value"": ""83.5""}, {""type"": ""Chipped""}, {""type"": ""Length"", ""value"": ""47.1""}, {""type"": ""Angle"", ""value"": ""1.09""}]"
2944996905.0,81,23.0,SecondHalf,Andy Robertson,115726,424,h,67.1,83.3,74.7,78.2,Successful,9.152595260361952,-33.863690568818214,Forward,Short,"[{""type"": ""HeadPass""}, {""type"": ""Zone"", ""value"": ""Center""}, {""type"": ""PassEndX"", ""value"": ""74.7""}, {""type"": ""PassEndY"", ""value"": ""78.2""}, {""type"": ""Length"", ""value"": ""8.7""}, {""type"": ""Angle"", ""value"": ""5.87""}]"
2944996907.0,81,24.0,SecondHalf,John McGinn,318449,424,h,74.7,78.2,68.7,70.9,Successful,9.449338601193205,-129.41739424346892,Backward,Short,"[{""type"": ""HeadPass""}, {""type"": ""Zone"", ""value"": ""Center""}, {""type"": ""PassEndX"", ""value"": ""68.7""}, {""type"": ""PassEndY"", ""value"": ""70.9""}, {""type"": ""LayOff""}, {""type"": ""Length"", ""value"": ""8.0""}, {""type"": ""Angle"", ""value"": ""3.81""}]"
2944996911.0,81,26.0,SecondHalf,Andy Robertson,115726,424,h,73.7,70.0,83.3,54.8,Successful,17.977764043395386,-57.72435568542239,Forward,Short,"[{""type"": ""Zone"", ""value"": ""Center""}, {""type"": ""PassEndX"", ""value"": ""83.3""}, {""type"": ""PassEndY"", ""value"": ""54.8""}, {""type"": ""Length"", ""value"": ""14.4""}, {""type"": ""Angle"", ""value"": ""5.49""}]"
2944996929.0,81,35.0,SecondHalf,Neil El Aynaoui,486734,495,a,28.8,63.2,40.2,78.4,Successful,19.000000000000004,53.13010235415598,Forward,Short,"[{""type"": ""Zone"", ""value"": ""Back""}, {""type"": ""PassEndX"", ""value"": ""40.2""}, {""type"": ""PassEndY"", ""value"": ""78.4""}, {""type"": ""Length"", ""value"": ""15.8""}, {""type"": ""Angle"", ""value"": ""0.71""}]"
2944996935.0,81,40.0,SecondHalf,Ismael Saibari,404776,495,a,61.9,83.7,72.3,95.6,Successful,15.804113388608668,48.84817946092504,Forward,Short,"[{""type"": ""Zone"", ""value"": ""Left""}, {""type"": ""PassEndX"", ""value"": ""72.3""}, {""type"": ""PassEndY"", ""value"": ""95.6""}, {""type"": ""Length"", ""value"": ""13.6""}, {""type"": ""Angle"", ""value"": ""0.64""}]"
2944996937.0,81,49.0,SecondHalf,Bilal El Khannouss,433572,495,a,95.2,78.2,93.6,39.6,Unsuccessful,38.63314639011428,-92.37359580223668,Lateral,Cross,"[{""type"": ""Cross""}, {""type"": ""Zone"", ""value"": ""Center""}, {""type"": ""PassEndX"", ""value"": ""93.6""}, {""type"": ""PassEndY"", ""value"": ""39.6""}, {""type"": ""Chipped""}, {""type"": ""Length"", ""value"": ""26.3""}, {""type"": ""Angle"", ""value"": ""4.65""}]"
2944996939.0,81,51.0,SecondHalf,Lewis Ferguson,396971,424,h,9.9,61.5,2.8,52.7,Successful,11.307077429645556,-128.89722034634423,Backward,Short,"[{""type"": ""Zone"", ""value"": ""Back""}, {""type"": ""PassEndX"", ""value"": ""2.8""}, {""type"": ""PassEndY"", ""value"": ""52.7""}, {""type"": ""Length"", ""value"": ""9.6""}, {""type"": ""Angle"", ""value"": ""3.82""}]"
2944996953.0,82,2.0,SecondHalf,Angus Gunn,318896,424,h,6.4,53.4,12.5,42.7,Successful,12.316655390161726,-60.3128183608063,Forward,Short,"[{""type"": ""Zone"", ""value"": ""Back""}, {""type"": ""PassEndX"", ""value"": ""12.5""}, {""type"": ""PassEndY"", ""value"": ""42.7""}, {""type"": ""Length"", ""value"": ""9.7""}, {""type"": ""Angle"", ""value"": ""5.43""}]"
2944996961.0,82,6.0,SecondHalf,Jack Hendry,280210,424,h,15.6,48.7,20.7,30.3,Successful,19.093716243832684,-74.50801447199197,Forward,Short,"[{""type"": ""Zone"", ""value"": ""Back""}, {""type"": ""PassEndX"", ""value"": ""20.7""}, {""type"": ""PassEndY"", ""value"": ""30.3""}, {""type"": ""Length"", ""value"": ""13.6""}, {""type"": ""Angle"", ""value"": ""5.12""}]"
2944996967.0,82,10.0,SecondHalf,Grant Hanley,86593,424,h,23.9,28.6,18.3,50.1,Successful,22.217335573826126,104.59917515251205,Backward,Short,"[{""type"": ""Zone"", ""value"": ""Back""}, {""type"": ""PassEndX"", ""value"": ""18.3""}, {""type"": ""PassEndY"", ""value"": ""50.1""}, {""type"": ""Length"", ""value"": ""15.8""}, {""type"": ""Angle"", ""value"": ""1.95""}]"
2944996971.0,82,13.0,SecondHalf,Jack Hendry,280210,424,h,19.0,50.7,21.9,22.2,Successful,28.647163908491887,-84.18990057228072,Lateral,Short,"[{""type"": ""Zone"", ""value"": ""Back""}, {""type"": ""PassEndX"", ""value"": ""21.9""}, {""type"": ""PassEndY"", ""value"": ""22.2""}, {""type"": ""Length"", ""value"": ""19.6""}, {""type"": ""Angle"", ""value"": ""4.87""}]"
2944996981.0,82,16.0,SecondHalf,Grant Hanley,86593,424,h,23.0,24.4,18.5,52.8,Successful,28.754304025658488,99.00370369348673,Lateral,Short,"[{""type"": ""Zone"", ""value"": ""Back""}, {""type"": ""PassEndX"", ""value"": ""18.5""}, {""type"": ""PassEndY"", ""value"": ""52.8""}, {""type"": ""Length"", ""value"": ""19.9""}, {""type"": ""Angle"", ""value"": ""1.81""}]"
2944996987.0,82,19.0,SecondHalf,Jack Hendry,280210,424,h,18.7,55.4,30.5,62.0,Successful,13.520355024924458,29.219246690484614,Forward,Short,"[{""type"": ""Zone"", ""value"": ""Back""}, {""type"": ""PassEndX"", ""value"": ""30.5""}, {""type"": ""PassEndY"", ""value"": ""62.0""}, {""type"": ""Length"", ""value"": ""13.2""}, {""type"": ""Angle"", ""value"": ""0.35""}]"
2944996989.0,82,25.0,SecondHalf,Lewis Ferguson,396971,424,h,34.1,76.6,39.7,90.9,Successful,15.357408635573918,68.61427206807164,Forward,Short,"[{""type"": ""Zone"", ""value"": ""Back""}, {""type"": ""PassEndX"", ""value"": ""39.7""}, {""type"": ""PassEndY"", ""value"": ""90.9""}, {""type"": ""Length"", ""value"": ""11.4""}, {""type"": ""Angle"", ""value"": ""1.03""}]"
2944996993.0,82,26.0,SecondHalf,Andy Robertson,115726,424,h,39.7,90.9,34.4,65.1,Successful,26.338754716197208,-101.60856748866696,Backward,Short,"[{""type"": ""Zone"", ""value"": ""Back""}, {""type"": ""PassEndX"", ""value"": ""34.4""}, {""type"": ""PassEndY"", ""value"": ""65.1""}, {""type"": ""Length"", ""value"": ""18.4""}, {""type"": ""Angle"", ""value"": ""4.41""}]"
2944996997.0,82,30.0,SecondHalf,Jack Hendry,280210,424,h,40.7,63.1,44.4,42.1,Successful,21.323461257497573,-80.00758547378378,Lateral,Short,"[{""type"": ""Zone"", ""value"": ""Back""}, {""type"": ""PassEndX"", ""value"": ""44.4""}, {""type"": ""PassEndY"", ""value"": ""42.1""}, {""type"": ""Length"", ""value"": ""14.8""}, {""type"": ""Angle"", ""value"": ""4.98""}]"
2944996999.0,82,35.0,SecondHalf,Kenny McLean,82917,424,h,55.7,35.1,69.4,35.1,Successful,13.700000000000003,0.0,Forward,Short,"[{""type"": ""Zone"", ""value"": ""Center""}, {""type"": ""PassEndX"", ""value"": ""69.4""}, {""type"": ""PassEndY"", ""value"": ""35.1""}, {""type"": ""Length"", ""value"": ""14.4""}, {""type"": ""Angle"", ""value"": ""0.00""}]"
2944997007.0,82,37.0,SecondHalf,Scott McTominay,336915,424,h,72.4,34.9,84.7,30.9,Successful,12.934063553268938,-18.014693918205246,Forward,Short,"[{""type"": ""Zone"", ""value"": ""Center""}, {""type"": ""PassEndX"", ""value"": ""84.7""}, {""type"": ""PassEndY"", ""value"": ""30.9""}, {""type"": ""Length"", ""value"": ""13.2""}, {""type"": ""Angle"", ""value"": ""6.08""}]"
2944997011.0,82,41.0,SecondHalf,Lyndon Dykes,396795,424,h,98.2,30.0,100.0,41.6,Unsuccessful,11.738824472663351,81.17962044797896,Lateral,Short,"[{""type"": ""Zone"", ""value"": ""Center""}, {""type"": ""PassEndX"", ""value"": ""100.0""}, {""type"": ""PassEndY"", ""value"": ""41.6""}, {""type"": ""Length"", ""value"": ""8.5""}, {""type"": ""Angle"", ""value"": ""1.19""}]"
2944997063.0,83,45.0,SecondHalf,Yassine Bounou,136220,495,a,5.1,43.1,65.3,6.7,Unsuccessful,70.34912934784623,-31.159304508344384,Forward,GoalKick,"[{""type"": ""Longball""}, {""type"": ""Zone"", ""value"": ""Right""}, {""type"": ""MissHigh""}, {""type"": ""GoalKick""}, {""type"": ""PassEndX"", ""value"": ""65.3""}, {""type"": ""PassEndY"", ""value"": ""6.7""}, {""type"": ""Length"", ""value"": ""67.9""}, {""type"": ""Angle"", ""value"": ""5.91""}]"
2944997071.0,83,56.0,SecondHalf,Andy Robertson,115726,424,h,34.8,90.5,28.0,72.7,Successful,19.054658223122235,-110.90798047100965,Backward,Short,"[{""type"": ""FreekickTaken""}, {""type"": ""Zone"", ""value"": ""Back""}, {""type"": ""PassEndX"", ""value"": ""28.0""}, {""type"": ""PassEndY"", ""value"": ""72.7""}, {""type"": ""Length"", ""value"": ""14.1""}, {""type"": ""Angle"", ""value"": ""4.18""}]"
2944997073.0,83,59.0,SecondHalf,Jack Hendry,280210,424,h,28.0,72.7,27.8,34.2,Successful,38.500519477014855,-90.2976377357235,Lateral,Short,"[{""type"": ""Zone"", ""value"": ""Back""}, {""type"": ""PassEndX"", ""value"": ""27.8""}, {""type"": ""PassEndY"", ""value"": ""34.2""}, {""type"": ""Length"", ""value"": ""26.2""}, {""type"": ""Angle"", ""value"": ""4.70""}]"
2944997075.0,84,3.0,SecondHalf,Grant Hanley,86593,424,h,27.8,34.8,52.0,40.6,Successful,24.88533704814946,13.47782275324133,Forward,Short,"[{""type"": ""Zone"", ""value"": ""Center""}, {""type"": ""PassEndX"", ""value"": ""52.0""}, {""type"": ""PassEndY"", ""value"": ""40.6""}, {""type"": ""Length"", ""value"": ""25.7""}, {""type"": ""Angle"", ""value"": ""0.15""}]"
2944997077.0,84,7.0,SecondHalf,Lyndon Dykes,396795,424,h,46.3,34.0,48.6,31.2,Unsuccessful,3.623534186398691,-50.59933933652053,Lateral,Short,"[{""type"": ""Zone"", ""value"": ""Back""}, {""type"": ""PassEndX"", ""value"": ""48.6""}, {""type"": ""PassEndY"", ""value"": ""31.2""}, {""type"": ""Length"", ""value"": ""3.1""}, {""type"": ""Angle"", ""value"": ""5.62""}, {""type"": ""OppositeRelatedEvent"", ""value"": ""873""}, {""type"": ""Offensive""}]"
2944997083.0,84,8.0,SecondHalf,Lyndon Dykes,396795,424,h,46.7,32.2,54.7,4.4,Successful,28.92818694629859,-73.94578033722426,Forward,Short,"[{""type"": ""Zone"", ""value"": ""Right""}, {""type"": ""PassEndX"", ""value"": ""54.7""}, {""type"": ""PassEndY"", ""value"": ""4.4""}, {""type"": ""Length"", ""value"": ""20.7""}, {""type"": ""Angle"", ""value"": ""5.13""}]"
2944997085.0,84,10.0,SecondHalf,Ben Gannon-Doak,430350,424,h,54.3,4.4,37.5,7.9,Successful,17.160710940983765,168.23171106797935,Backward,Short,"[{""type"": ""Zone"", ""value"": ""Back""}, {""type"": ""PassEndX"", ""value"": ""37.5""}, {""type"": ""PassEndY"", ""value"": ""7.9""}, {""type"": ""Length"", ""value"": ""17.8""}, {""type"": ""Angle"", ""value"": ""3.01""}]"
2944997089.0,84,11.0,SecondHalf,Nathan Patterson,396975,424,h,37.7,8.0,29.3,26.8,Successful,20.591260281974005,114.07549825507884,Backward,Short,"[{""type"": ""Zone"", ""value"": ""Back""}, {""type"": ""PassEndX"", ""value"": ""29.3""}, {""type"": ""PassEndY"", ""value"": ""26.8""}, {""type"": ""Length"", ""value"": ""15.5""}, {""type"": ""Angle"", ""value"": ""2.17""}]"
2944997091.0,84,14.0,SecondHalf,Grant Hanley,86593,424,h,29.8,29.7,30.1,60.8,Successful,31.101446911679204,89.44732473505185,Lateral,Short,"[{""type"": ""Zone"", ""value"": ""Back""}, {""type"": ""PassEndX"", ""value"": ""30.1""}, {""type"": ""PassEndY"", ""value"": ""60.8""}, {""type"": ""Length"", ""value"": ""21.2""}, {""type"": ""Angle"", ""value"": ""1.56""}]"
2944997097.0,84,16.0,SecondHalf,Jack Hendry,280210,424,h,34.4,66.0,56.8,94.7,Successful,36.406730147048364,52.02839623894961,Forward,Short,"[{""type"": ""Zone"", ""value"": ""Left""}, {""type"": ""PassEndX"", ""value"": ""56.8""}, {""type"": ""PassEndY"", ""value"": ""94.7""}, {""type"": ""Length"", ""value"": ""30.6""}, {""type"": ""Angle"", ""value"": ""0.69""}]"
2944997103.0,84,21.0,SecondHalf,Andy Robertson,115726,424,h,47.4,88.1,38.9,57.5,Successful,31.758620876857982,-105.52411099675426,Backward,Short,"[{""type"": ""Zone"", ""value"": ""Back""}, {""type"": ""PassEndX"", ""value"": ""38.9""}, {""type"": ""PassEndY"", ""value"": ""57.5""}, {""type"": ""Length"", ""value"": ""22.6""}, {""type"": ""Angle"", ""value"": ""4.31""}]"
2944997105.0,84,26.0,SecondHalf,Jack Hendry,280210,424,h,50.9,42.2,65.0,9.7,Successful,35.4268259938708,-66.54657448990162,Forward,Short,"[{""type"": ""Zone"", ""value"": ""Right""}, {""type"": ""PassEndX"", ""value"": ""65.0""}, {""type"": ""PassEndY"", ""value"": ""9.7""}, {""type"": ""Length"", ""value"": ""26.6""}, {""type"": ""Angle"", ""value"": ""5.30""}]"
2944997107.0,84,31.0,SecondHalf,Ben Gannon-Doak,430350,424,h,73.0,8.9,63.7,18.2,Successful,13.152186130069781,135.0,Backward,Short,"[{""type"": ""Zone"", ""value"": ""Right""}, {""type"": ""PassEndX"", ""value"": ""63.7""}, {""type"": ""PassEndY"", ""value"": ""18.2""}, {""type"": ""Length"", ""value"": ""11.6""}, {""type"": ""Angle"", ""value"": ""2.57""}]"
2944997111.0,84,34.0,SecondHalf,Kenny McLean,82917,424,h,64.7,21.9,83.8,17.6,Successful,19.57804893241407,-12.687521373869979,Forward,Short,"[{""type"": ""Zone"", ""value"": ""Right""}, {""type"": ""PassEndX"", ""value"": ""83.8""}, {""type"": ""PassEndY"", ""value"": ""17.6""}, {""type"": ""IntentionalAssist""}, {""type"": ""ShotAssist"", ""value"": ""15""}, {""type"": ""Length"", ""value"": ""20.3""}, {""type"": ""Angle"", ""value"": ""6.14""}, {""type"": ""KeyPass""}]"
2944997139.0,85,5.0,SecondHalf,John McGinn,318449,424,h,99.5,0.5,94.0,53.3,Successful,53.085685452860076,95.9468630539735,Backward,Cross,"[{""type"": ""Longball""}, {""type"": ""Cross""}, {""type"": ""CornerTaken""}, {""type"": ""Zone"", ""value"": ""Center""}, {""type"": ""PassEndX"", ""value"": ""94.0""}, {""type"": ""PassEndY"", ""value"": ""53.3""}, {""type"": ""IntentionalAssist""}, {""type"": ""Chipped""}, {""type"": ""ShotAssist"", ""value"": ""13""}, {""type"": ""Length"", ""value"": ""36.4""}, {""type"": ""Angle"", ""value"": ""1.73""}, {""type"": ""KeyPass""}]"
2944997171.0,85,28.0,SecondHalf,Yassine Bounou,136220,495,a,4.7,42.7,66.4,20.3,Unsuccessful,65.64030773846204,-19.95327662506994,Forward,GoalKick,"[{""type"": ""Longball""}, {""type"": ""Zone"", ""value"": ""Right""}, {""type"": ""MissHigh""}, {""type"": ""GoalKick""}, {""type"": ""PassEndX"", ""value"": ""66.4""}, {""type"": ""PassEndY"", ""value"": ""20.3""}, {""type"": ""Length"", ""value"": ""66.6""}, {""type"": ""Angle"", ""value"": ""6.05""}]"
2944997181.0,85,37.0,SecondHalf,Andy Robertson,115726,424,h,30.0,82.3,35.4,57.5,Successful,25.38109532703425,-77.71604455889283,Forward,Short,"[{""type"": ""FreekickTaken""}, {""type"": ""Zone"", ""value"": ""Back""}, {""type"": ""PassEndX"", ""value"": ""35.4""}, {""type"": ""PassEndY"", ""value"": ""57.5""}, {""type"": ""Length"", ""value"": ""17.8""}, {""type"": ""Angle"", ""value"": ""5.04""}]"
2944997185.0,85,41.0,SecondHalf,Kenny McLean,82917,424,h,54.7,48.8,65.3,40.9,Unsuccessful,13.220060514233657,-36.69653726863696,Forward,Short,"[{""type"": ""Zone"", ""value"": ""Center""}, {""type"": ""PassEndX"", ""value"": ""65.3""}, {""type"": ""PassEndY"", ""value"": ""40.9""}, {""type"": ""Length"", ""value"": ""12.4""}, {""type"": ""Angle"", ""value"": ""5.83""}]"
2944997195.0,85,44.0,SecondHalf,Nathan Patterson,396975,424,h,64.1,21.3,75.8,20.0,Successful,11.772000679578644,-6.3401917459099115,Forward,Short,"[{""type"": ""Zone"", ""value"": ""Right""}, {""type"": ""PassEndX"", ""value"": ""75.8""}, {""type"": ""PassEndY"", ""value"": ""20.0""}, {""type"": ""Length"", ""value"": ""12.3""}, {""type"": ""Angle"", ""value"": ""6.21""}]"
2944997203.0,85,48.0,SecondHalf,Noussair Mazraoui,349932,495,a,22.9,90.9,13.1,82.7,Successful,12.77810627597063,-140.07960786001456,Backward,Short,"[{""type"": ""Zone"", ""value"": ""Back""}, {""type"": ""PassEndX"", ""value"": ""13.1""}, {""type"": ""PassEndY"", ""value"": ""82.7""}, {""type"": ""Length"", ""value"": ""11.7""}, {""type"": ""Angle"", ""value"": ""3.64""}]"
2944997209.0,85,49.0,SecondHalf,Chadi Riad,454342,495,a,13.1,82.7,24.5,80.2,Successful,11.670903992407787,-12.369061525925504,Forward,Short,"[{""type"": ""Zone"", ""value"": ""Back""}, {""type"": ""PassEndX"", ""value"": ""24.5""}, {""type"": ""PassEndY"", ""value"": ""80.2""}, {""type"": ""Length"", ""value"": ""12.1""}, {""type"": ""Angle"", ""value"": ""6.14""}]"
2944997215.0,85,52.0,SecondHalf,Neil El Aynaoui,486734,495,a,26.7,77.1,87.1,71.6,Unsuccessful,60.6498969496239,-5.202981793103892,Forward,Chipped,"[{""type"": ""Longball""}, {""type"": ""Zone"", ""value"": ""Center""}, {""type"": ""PassEndX"", ""value"": ""87.1""}, {""type"": ""PassEndY"", ""value"": ""71.6""}, {""type"": ""Chipped""}, {""type"": ""Length"", ""value"": ""63.5""}, {""type"": ""Angle"", ""value"": ""6.22""}]"
2944997229.0,85,58.0,SecondHalf,Angus Gunn,318896,424,h,14.5,32.4,35.0,9.4,Successful,30.80990100600779,-48.289242678491824,Forward,Short,"[{""type"": ""Zone"", ""value"": ""Back""}, {""type"": ""KeeperThrow""}, {""type"": ""PassEndX"", ""value"": ""35.0""}, {""type"": ""PassEndY"", ""value"": ""9.4""}, {""type"": ""Length"", ""value"": ""26.6""}, {""type"": ""Angle"", ""value"": ""5.65""}]"
2944997231.0,86,8.0,SecondHalf,Nathan Patterson,396975,424,h,40.1,6.4,13.9,26.4,Successful,32.96118929893156,142.6433780714796,Backward,Short,"[{""type"": ""Zone"", ""value"": ""Back""}, {""type"": ""PassEndX"", ""value"": ""13.9""}, {""type"": ""PassEndY"", ""value"": ""26.4""}, {""type"": ""Length"", ""value"": ""30.7""}, {""type"": ""Angle"", ""value"": ""2.68""}]"
2944997237.0,86,11.0,SecondHalf,Angus Gunn,318896,424,h,15.4,32.4,25.7,78.4,Successful,47.139049629792076,77.37890740595145,Forward,Short,"[{""type"": ""Longball""}, {""type"": ""Zone"", ""value"": ""Back""}, {""type"": ""PassEndX"", ""value"": ""25.7""}, {""type"": ""PassEndY"", ""value"": ""78.4""}, {""type"": ""Length"", ""value"": ""33.1""}, {""type"": ""Angle"", ""value"": ""1.24""}]"
2944997241.0,86,15.0,SecondHalf,Jack Hendry,280210,424,h,25.7,78.1,40.5,78.8,Successful,14.816544806398015,2.707917485866209,Forward,Short,"[{""type"": ""Zone"", ""value"": ""Back""}, {""type"": ""PassEndX"", ""value"": ""40.5""}, {""type"": ""PassEndY"", ""value"": ""78.8""}, {""type"": ""Length"", ""value"": ""15.5""}, {""type"": ""Angle"", ""value"": ""0.03""}]"
2944997249.0,86,20.0,SecondHalf,Lewis Ferguson,396971,424,h,43.1,79.6,57.0,76.9,Successful,14.159802258506293,-10.992507580267683,Forward,Short,"[{""type"": ""Zone"", ""value"": ""Center""}, {""type"": ""PassEndX"", ""value"": ""57.0""}, {""type"": ""PassEndY"", ""value"": ""76.9""}, {""type"": ""Length"", ""value"": ""14.7""}, {""type"": ""Angle"", ""value"": ""6.16""}]"
2944997253.0,86,27.0,SecondHalf,John McGinn,318449,424,h,91.8,92.7,81.6,8.2,Unsuccessful,85.11339495050117,-96.88287590679143,Backward,Cross,"[{""type"": ""Longball""}, {""type"": ""Cross""}, {""type"": ""Zone"", ""value"": ""Right""}, {""type"": ""PassEndX"", ""value"": ""81.6""}, {""type"": ""PassEndY"", ""value"": ""8.2""}, {""type"": ""Chipped""}, {""type"": ""Length"", ""value"": ""58.4""}, {""type"": ""Angle"", ""value"": ""4.53""}]"
2944997255.0,86,39.0,SecondHalf,Chemsdine Talbi,476110,495,a,33.1,94.6,24.5,87.3,Successful,11.280514172678476,-139.6741637111308,Backward,Short,"[{""type"": ""Zone"", ""value"": ""Back""}, {""type"": ""PassEndX"", ""value"": ""24.5""}, {""type"": ""PassEndY"", ""value"": ""87.3""}, {""type"": ""Length"", ""value"": ""10.3""}, {""type"": ""Angle"", ""value"": ""3.64""}]"
2944997257.0,86,41.0,SecondHalf,Neil El Aynaoui,486734,495,a,24.5,87.3,22.2,80.7,Successful,6.989277502002616,-109.21267181718565,Lateral,Short,"[{""type"": ""Zone"", ""value"": ""Back""}, {""type"": ""PassEndX"", ""value"": ""22.2""}, {""type"": ""PassEndY"", ""value"": ""80.7""}, {""type"": ""Length"", ""value"": ""5.1""}, {""type"": ""Angle"", ""value"": ""4.22""}]"
2944997259.0,86,45.0,SecondHalf,Noussair Mazraoui,349932,495,a,26.0,80.2,27.5,92.8,Successful,12.688971589533955,83.2110254255612,Lateral,Short,"[{""type"": ""Zone"", ""value"": ""Back""}, {""type"": ""PassEndX"", ""value"": ""27.5""}, {""type"": ""PassEndY"", ""value"": ""92.8""}, {""type"": ""Length"", ""value"": ""8.7""}, {""type"": ""Angle"", ""value"": ""1.39""}]"
2944997261.0,86,47.0,SecondHalf,Neil El Aynaoui,486734,495,a,27.4,90.3,34.2,58.1,Successful,32.91018079561399,-78.07547606238808,Forward,Short,"[{""type"": ""Zone"", ""value"": ""Back""}, {""type"": ""PassEndX"", ""value"": ""34.2""}, {""type"": ""PassEndY"", ""value"": ""58.1""}, {""type"": ""Length"", ""value"": ""23.0""}, {""type"": ""Angle"", ""value"": ""5.03""}]"
2944997263.0,86,52.0,SecondHalf,Azzedine Ounahi,392361,495,a,37.3,52.3,79.2,28.9,Unsuccessful,47.99135338787603,-29.18215976258851,Forward,Short,"[{""type"": ""Longball""}, {""type"": ""Throughball""}, {""type"": ""Zone"", ""value"": ""Center""}, {""type"": ""PassEndX"", ""value"": ""79.2""}, {""type"": ""PassEndY"", ""value"": ""28.9""}, {""type"": ""Length"", ""value"": ""46.8""}, {""type"": ""Angle"", ""value"": ""5.94""}]"
2944997267.0,86,55.0,SecondHalf,Angus Gunn,318896,424,h,20.8,72.3,37.4,81.8,Successful,19.126160095534072,29.78203808778588,Forward,Short,"[{""type"": ""Zone"", ""value"": ""Back""}, {""type"": ""PassEndX"", ""value"": ""37.4""}, {""type"": ""PassEndY"", ""value"": ""81.8""}, {""type"": ""Length"", ""value"": ""18.6""}, {""type"": ""Angle"", ""value"": ""0.35""}]"
2944997271.0,86,56.0,SecondHalf,Andy Robertson,115726,424,h,35.4,80.2,38.5,58.2,Successful,22.21733557382613,-81.97931020447162,Lateral,Short,"[{""type"": ""Zone"", ""value"": ""Back""}, {""type"": ""PassEndX"", ""value"": ""38.5""}, {""type"": ""PassEndY"", ""value"": ""58.2""}, {""type"": ""Length"", ""value"": ""15.3""}, {""type"": ""Angle"", ""value"": ""4.93""}]"
2944997275.0,86,58.0,SecondHalf,Lewis Ferguson,396971,424,h,38.6,57.9,46.0,41.6,Successful,17.901117283566407,-65.58253425122051,Forward,Short,"[{""type"": ""Zone"", ""value"": ""Back""}, {""type"": ""PassEndX"", ""value"": ""46.0""}, {""type"": ""PassEndY"", ""value"": ""41.6""}, {""type"": ""Length"", ""value"": ""13.5""}, {""type"": ""Angle"", ""value"": ""5.32""}]"
2944997279.0,87,5.0,SecondHalf,Kenny McLean,82917,424,h,58.7,42.4,60.2,29.5,Successful,12.986916493148016,-83.36748538486154,Lateral,Short,"[{""type"": ""Zone"", ""value"": ""Center""}, {""type"": ""PassEndX"", ""value"": ""60.2""}, {""type"": ""PassEndY"", ""value"": ""29.5""}, {""type"": ""Length"", ""value"": ""8.9""}, {""type"": ""Angle"", ""value"": ""4.89""}]"
2944997281.0,87,7.0,SecondHalf,Lewis Ferguson,396971,424,h,60.2,29.2,72.1,31.5,Successful,12.120231020900542,10.939091183192163,Forward,Short,"[{""type"": ""Zone"", ""value"": ""Center""}, {""type"": ""PassEndX"", ""value"": ""72.1""}, {""type"": ""PassEndY"", ""value"": ""31.5""}, {""type"": ""Length"", ""value"": ""12.6""}, {""type"": ""Angle"", ""value"": ""0.12""}]"
2944997285.0,87,9.0,SecondHalf,Scott McTominay,336915,424,h,72.1,31.5,61.2,7.9,Successful,25.995576546789646,-114.79053438348384,Backward,Short,"[{""type"": ""Zone"", ""value"": ""Right""}, {""type"": ""PassEndX"", ""value"": ""61.2""}, {""type"": ""PassEndY"", ""value"": ""7.9""}, {""type"": ""LayOff""}, {""type"": ""Length"", ""value"": ""19.7""}, {""type"": ""Angle"", ""value"": ""4.09""}]"
2944997289.0,87,11.0,SecondHalf,Nathan Patterson,396975,424,h,63.2,5.8,61.4,22.4,Successful,16.697305171793438,96.18861596324163,Lateral,Short,"[{""type"": ""Zone"", ""value"": ""Center""}, {""type"": ""PassEndX"", ""value"": ""61.4""}, {""type"": ""PassEndY"", ""value"": ""22.4""}, {""type"": ""Length"", ""value"": ""11.4""}, {""type"": ""Angle"", ""value"": ""1.74""}]"
2944997295.0,87,12.0,SecondHalf,Lewis Ferguson,396971,424,h,60.2,22.8,71.1,21.5,Successful,10.977249200050066,-6.801314823981583,Forward,Short,"[{""type"": ""Zone"", ""value"": ""Center""}, {""type"": ""PassEndX"", ""value"": ""71.1""}, {""type"": ""PassEndY"", ""value"": ""21.5""}, {""type"": ""Length"", ""value"": ""11.5""}, {""type"": ""Angle"", ""value"": ""6.21""}]"
2944997297.0,87,15.0,SecondHalf,Scott McTominay,336915,424,h,73.4,17.0,76.0,1.7,Successful,15.519342769589182,-80.35559435989195,Lateral,Short,"[{""type"": ""Zone"", ""value"": ""Right""}, {""type"": ""PassEndX"", ""value"": ""76.0""}, {""type"": ""PassEndY"", ""value"": ""1.7""}, {""type"": ""Length"", ""value"": ""10.8""}, {""type"": ""Angle"", ""value"": ""4.97""}]"
2944997299.0,87,16.0,SecondHalf,Ben Gannon-Doak,430350,424,h,77.9,4.6,63.5,4.6,Successful,14.400000000000006,180.0,Backward,Short,"[{""type"": ""Zone"", ""value"": ""Right""}, {""type"": ""PassEndX"", ""value"": ""63.5""}, {""type"": ""PassEndY"", ""value"": ""4.6""}, {""type"": ""Length"", ""value"": ""15.1""}, {""type"": ""Angle"", ""value"": ""3.14""}]"
2944997301.0,87,18.0,SecondHalf,Nathan Patterson,396975,424,h,65.2,5.2,62.8,15.2,Successful,10.283968105745954,103.49573328079585,Lateral,Short,"[{""type"": ""Zone"", ""value"": ""Right""}, {""type"": ""PassEndX"", ""value"": ""62.8""}, {""type"": ""PassEndY"", ""value"": ""15.2""}, {""type"": ""Length"", ""value"": ""7.3""}, {""type"": ""Angle"", ""value"": ""1.93""}]"
2944997303.0,87,20.0,SecondHalf,Lewis Ferguson,396971,424,h,62.9,14.1,57.9,31.3,Successful,17.91200714604592,106.20902492780799,Lateral,Short,"[{""type"": ""Zone"", ""value"": ""Center""}, {""type"": ""PassEndX"", ""value"": ""57.9""}, {""type"": ""PassEndY"", ""value"": ""31.3""}, {""type"": ""Length"", ""value"": ""12.8""}, {""type"": ""Angle"", ""value"": ""1.99""}]"
2944997305.0,87,23.0,SecondHalf,Kenny McLean,82917,424,h,58.4,33.3,61.5,68.2,Successful,35.037408579973494,84.92401181143889,Lateral,Short,"[{""type"": ""Zone"", ""value"": ""Center""}, {""type"": ""PassEndX"", ""value"": ""61.5""}, {""type"": ""PassEndY"", ""value"": ""68.2""}, {""type"": ""Length"", ""value"": ""24.0""}, {""type"": ""Angle"", ""value"": ""1.43""}]"
2944997311.0,87,27.0,SecondHalf,Jack Hendry,280210,424,h,63.8,59.0,63.1,28.8,Successful,30.208111493438313,-91.32781011174696,Lateral,Short,"[{""type"": ""Zone"", ""value"": ""Center""}, {""type"": ""PassEndX"", ""value"": ""63.1""}, {""type"": ""PassEndY"", ""value"": ""28.8""}, {""type"": ""Length"", ""value"": ""20.5""}, {""type"": ""Angle"", ""value"": ""4.68""}]"
2944997319.0,87,30.0,SecondHalf,Lewis Ferguson,396971,424,h,62.0,31.0,70.7,5.9,Successful,26.56501458685841,-70.88299078390533,Forward,Short,"[{""type"": ""Zone"", ""value"": ""Right""}, {""type"": ""PassEndX"", ""value"": ""70.7""}, {""type"": ""PassEndY"", ""value"": ""5.9""}, {""type"": ""Length"", ""value"": ""19.4""}, {""type"": ""Angle"", ""value"": ""5.20""}]"
2944997327.0,87,37.0,SecondHalf,Ben Gannon-Doak,430350,424,h,91.7,6.8,90.6,39.4,Unsuccessful,32.618553002854064,91.9325599608589,Lateral,Cross,"[{""type"": ""Cross""}, {""type"": ""Zone"", ""value"": ""Center""}, {""type"": ""PassEndX"", ""value"": ""90.6""}, {""type"": ""PassEndY"", ""value"": ""39.4""}, {""type"": ""Length"", ""value"": ""22.2""}, {""type"": ""Angle"", ""value"": ""1.62""}]"
2944997445.0,89,5.0,SecondHalf,Yassine Bounou,136220,495,a,13.5,63.2,71.5,86.2,Unsuccessful,62.39390995922599,21.630886836517924,Forward,Short,"[{""type"": ""Longball""}, {""type"": ""Zone"", ""value"": ""Left""}, {""type"": ""PassEndX"", ""value"": ""71.5""}, {""type"": ""PassEndY"", ""value"": ""86.2""}, {""type"": ""Length"", ""value"": ""62.9""}, {""type"": ""Angle"", ""value"": ""0.25""}]"
2944997447.0,89,9.0,SecondHalf,Grant Hanley,86593,424,h,32.6,21.2,44.8,25.6,Unsuccessful,12.969194269498777,19.832129850218404,Forward,Short,"[{""type"": ""HeadPass""}, {""type"": ""Zone"", ""value"": ""Back""}, {""type"": ""PassEndX"", ""value"": ""44.8""}, {""type"": ""PassEndY"", ""value"": ""25.6""}, {""type"": ""Length"", ""value"": ""13.2""}, {""type"": ""Angle"", ""value"": ""0.23""}]"
2944997495.0,89,37.0,SecondHalf,Chemsdine Talbi,476110,495,a,68.0,100.0,35.0,90.6,Successful,34.312679872023985,-164.10047741154344,Backward,ThrowIn,"[{""type"": ""Longball""}, {""type"": ""Zone"", ""value"": ""Back""}, {""type"": ""ThrowIn""}, {""type"": ""PassEndX"", ""value"": ""35.0""}, {""type"": ""PassEndY"", ""value"": ""90.6""}, {""type"": ""Length"", ""value"": ""35.4""}, {""type"": ""Angle"", ""value"": ""3.35""}]"
2944997497.0,89,41.0,SecondHalf,Chadi Riad,454342,495,a,34.6,88.5,17.7,54.3,Successful,38.14773912042495,-116.29637422728311,Backward,Short,"[{""type"": ""Zone"", ""value"": ""Back""}, {""type"": ""PassEndX"", ""value"": ""17.7""}, {""type"": ""PassEndY"", ""value"": ""54.3""}, {""type"": ""Length"", ""value"": ""29.3""}, {""type"": ""Angle"", ""value"": ""4.06""}]"
2944997499.0,89,48.0,SecondHalf,Yassine Bounou,136220,495,a,21.6,58.3,70.4,89.9,Unsuccessful,58.13776741499454,32.92471141680647,Forward,Short,"[{""type"": ""Longball""}, {""type"": ""Zone"", ""value"": ""Left""}, {""type"": ""PassEndX"", ""value"": ""70.4""}, {""type"": ""PassEndY"", ""value"": ""89.9""}, {""type"": ""Length"", ""value"": ""55.6""}, {""type"": ""Angle"", ""value"": ""0.40""}]"
2944997503.0,89,52.0,SecondHalf,Anthony Ralston,291944,424,h,30.5,13.5,42.4,27.7,Unsuccessful,18.5270073136489,50.036044295238874,Forward,Short,"[{""type"": ""HeadPass""}, {""type"": ""Zone"", ""value"": ""Back""}, {""type"": ""PassEndX"", ""value"": ""42.4""}, {""type"": ""PassEndY"", ""value"": ""27.7""}, {""type"": ""Length"", ""value"": ""15.8""}, {""type"": ""Angle"", ""value"": ""0.66""}]"
2944997509.0,89,55.0,SecondHalf,Neil El Aynaoui,486734,495,a,62.4,79.4,67.1,72.5,Successful,8.348652585896723,-55.73889710090549,Lateral,Short,"[{""type"": ""Zone"", ""value"": ""Center""}, {""type"": ""PassEndX"", ""value"": ""67.1""}, {""type"": ""PassEndY"", ""value"": ""72.5""}, {""type"": ""Length"", ""value"": ""6.8""}, {""type"": ""Angle"", ""value"": ""5.52""}]"
2944997519.0,89,57.0,SecondHalf,Samir El Mourabet,512740,495,a,69.4,80.4,76.3,94.4,Successful,15.608010763707203,63.76328780469276,Forward,Short,"[{""type"": ""Zone"", ""value"": ""Left""}, {""type"": ""PassEndX"", ""value"": ""76.3""}, {""type"": ""PassEndY"", ""value"": ""94.4""}, {""type"": ""ShotAssist"", ""value"": ""15""}, {""type"": ""Length"", ""value"": ""12.0""}, {""type"": ""Angle"", ""value"": ""0.92""}, {""type"": ""KeyPass""}]"
2944997533.0,90,9.0,SecondHalf,Issa Diop,300359,495,a,52.7,44.9,57.3,11.7,Successful,33.51715978420606,-82.11165055511213,Lateral,Short,"[{""type"": ""Zone"", ""value"": ""Right""}, {""type"": ""PassEndX"", ""value"": ""57.3""}, {""type"": ""PassEndY"", ""value"": ""11.7""}, {""type"": ""Length"", ""value"": ""23.1""}, {""type"": ""Angle"", ""value"": ""4.92""}]"
2944997535.0,90,12.0,SecondHalf,Achraf Hakimi,320834,495,a,57.3,10.2,68.4,6.7,Successful,11.638728452885228,-17.500861268952832,Forward,Short,"[{""type"": ""Zone"", ""value"": ""Right""}, {""type"": ""PassEndX"", ""value"": ""68.4""}, {""type"": ""PassEndY"", ""value"": ""6.7""}, {""type"": ""Length"", ""value"": ""11.9""}, {""type"": ""Angle"", ""value"": ""6.08""}]"
2944997545.0,90,27.0,SecondHalf,Achraf Hakimi,320834,495,a,68.7,0.0,35.2,9.4,Successful,34.793821290568246,164.32603884465033,Backward,ThrowIn,"[{""type"": ""Longball""}, {""type"": ""Zone"", ""value"": ""Back""}, {""type"": ""ThrowIn""}, {""type"": ""PassEndX"", ""value"": ""35.2""}, {""type"": ""PassEndY"", ""value"": ""9.4""}, {""type"": ""Length"", ""value"": ""36.0""}, {""type"": ""Angle"", ""value"": ""2.92""}]"
2944997547.0,90,31.0,SecondHalf,Issa Diop,300359,495,a,29.9,18.1,25.8,41.7,Successful,23.95349661322956,99.85556091681427,Lateral,Short,"[{""type"": ""Zone"", ""value"": ""Back""}, {""type"": ""PassEndX"", ""value"": ""25.8""}, {""type"": ""PassEndY"", ""value"": ""41.7""}, {""type"": ""Length"", ""value"": ""16.6""}, {""type"": ""Angle"", ""value"": ""1.83""}]"
2944997549.0,90,34.0,SecondHalf,Chadi Riad,454342,495,a,22.4,44.1,7.8,47.4,Successful,14.968299836654793,167.2635997952022,Backward,Short,"[{""type"": ""Zone"", ""value"": ""Back""}, {""type"": ""PassEndX"", ""value"": ""7.8""}, {""type"": ""PassEndY"", ""value"": ""47.4""}, {""type"": ""Length"", ""value"": ""15.5""}, {""type"": ""Angle"", ""value"": ""3.00""}]"
2944997551.0,90,35.0,SecondHalf,Yassine Bounou,136220,495,a,7.8,47.4,9.2,16.2,Successful,31.2313944613429,-87.43075897985182,Lateral,Short,"[{""type"": ""Zone"", ""value"": ""Back""}, {""type"": ""PassEndX"", ""value"": ""9.2""}, {""type"": ""PassEndY"", ""value"": ""16.2""}, {""type"": ""Length"", ""value"": ""21.3""}, {""type"": ""Angle"", ""value"": ""4.78""}]"
2944997553.0,90,39.0,SecondHalf,Issa Diop,300359,495,a,10.6,13.7,39.2,16.7,Unsuccessful,28.756912212544655,5.988148375775511,Forward,Chipped,"[{""type"": ""Zone"", ""value"": ""Back""}, {""type"": ""PassEndX"", ""value"": ""39.2""}, {""type"": ""PassEndY"", ""value"": ""16.7""}, {""type"": ""Chipped""}, {""type"": ""Length"", ""value"": ""30.1""}, {""type"": ""Angle"", ""value"": ""0.07""}]"
2944997555.0,90,41.0,SecondHalf,Kenny McLean,82917,424,h,63.8,86.6,75.0,81.5,Unsuccessful,12.306502346320826,-24.482485897347075,Forward,Short,"[{""type"": ""HeadPass""}, {""type"": ""Zone"", ""value"": ""Left""}, {""type"": ""PassEndX"", ""value"": ""75.0""}, {""type"": ""PassEndY"", ""value"": ""81.5""}, {""type"": ""Length"", ""value"": ""12.3""}, {""type"": ""Angle"", ""value"": ""6.00""}]"
2944997557.0,90,43.0,SecondHalf,Neil El Aynaoui,486734,495,a,29.2,20.1,33.1,5.4,Successful,15.208550226763892,-75.14138555207533,Lateral,Short,"[{""type"": ""HeadPass""}, {""type"": ""Zone"", ""value"": ""Back""}, {""type"": ""PassEndX"", ""value"": ""33.1""}, {""type"": ""PassEndY"", ""value"": ""5.4""}, {""type"": ""Length"", ""value"": ""10.8""}, {""type"": ""Angle"", ""value"": ""5.10""}]"
2944997563.0,90,49.0,SecondHalf,Neil El Aynaoui,486734,495,a,27.1,16.7,6.3,46.2,Successful,36.09556759492778,125.1870799743988,Backward,Short,"[{""type"": ""Zone"", ""value"": ""Back""}, {""type"": ""PassEndX"", ""value"": ""6.3""}, {""type"": ""PassEndY"", ""value"": ""46.2""}, {""type"": ""Length"", ""value"": ""29.7""}, {""type"": ""Angle"", ""value"": ""2.40""}]"
2944997565.0,90,54.0,SecondHalf,Yassine Bounou,136220,495,a,8.3,46.2,60.2,22.4,Successful,57.09684754870448,-24.63496768760118,Forward,Short,"[{""type"": ""Longball""}, {""type"": ""Zone"", ""value"": ""Center""}, {""type"": ""PassEndX"", ""value"": ""60.2""}, {""type"": ""PassEndY"", ""value"": ""22.4""}, {""type"": ""Length"", ""value"": ""56.8""}, {""type"": ""Angle"", ""value"": ""5.99""}]"
2944997567.0,90,58.0,SecondHalf,Soufiane Rahimi,430982,495,a,60.2,22.4,78.6,18.3,Unsuccessful,18.851259904844547,-12.561774206959562,Forward,Short,"[{""type"": ""Zone"", ""value"": ""Right""}, {""type"": ""PassEndX"", ""value"": ""78.6""}, {""type"": ""PassEndY"", ""value"": ""18.3""}, {""type"": ""Length"", ""value"": ""19.5""}, {""type"": ""Angle"", ""value"": ""6.14""}]"
2944997573.0,91,0.0,SecondHalf,Jack Hendry,280210,424,h,37.2,75.7,94.0,76.3,Unsuccessful,56.803168925685824,0.6052145972448061,Forward,Chipped,"[{""type"": ""Longball""}, {""type"": ""Zone"", ""value"": ""Center""}, {""type"": ""PassEndX"", ""value"": ""94.0""}, {""type"": ""PassEndY"", ""value"": ""76.3""}, {""type"": ""Chipped""}, {""type"": ""Length"", ""value"": ""59.6""}, {""type"": ""Angle"", ""value"": ""0.01""}]"
2944997577.0,91,18.0,SecondHalf,Yassine Bounou,136220,495,a,14.1,47.7,70.6,18.5,Unsuccessful,63.5994496831537,-27.33056104655681,Forward,Short,"[{""type"": ""Longball""}, {""type"": ""Zone"", ""value"": ""Right""}, {""type"": ""PassEndX"", ""value"": ""70.6""}, {""type"": ""PassEndY"", ""value"": ""18.5""}, {""type"": ""Length"", ""value"": ""62.6""}, {""type"": ""Angle"", ""value"": ""5.96""}]"
2944997579.0,91,22.0,SecondHalf,Andy Robertson,115726,424,h,31.4,82.9,63.6,78.7,Unsuccessful,32.47275781328097,-7.431407971172511,Forward,Short,"[{""type"": ""Longball""}, {""type"": ""Zone"", ""value"": ""Center""}, {""type"": ""PassEndX"", ""value"": ""63.6""}, {""type"": ""PassEndY"", ""value"": ""78.7""}, {""type"": ""Length"", ""value"": ""33.9""}, {""type"": ""Angle"", ""value"": ""6.20""}]"
2944997581.0,91,24.0,SecondHalf,Achraf Hakimi,320834,495,a,37.5,16.0,79.3,14.0,Successful,41.84781953698424,-2.739335721918572,Forward,Short,"[{""type"": ""Longball""}, {""type"": ""Zone"", ""value"": ""Right""}, {""type"": ""PassEndX"", ""value"": ""79.3""}, {""type"": ""PassEndY"", ""value"": ""14.0""}, {""type"": ""Length"", ""value"": ""43.9""}, {""type"": ""Angle"", ""value"": ""6.25""}]"
2944997583.0,91,30.0,SecondHalf,Ayoube Amaimouni-Echghouyab,605380,495,a,85.6,9.2,77.4,16.7,Successful,11.112605455067673,137.55289814717173,Backward,Short,"[{""type"": ""Zone"", ""value"": ""Right""}, {""type"": ""PassEndX"", ""value"": ""77.4""}, {""type"": ""PassEndY"", ""value"": ""16.7""}, {""type"": ""Length"", ""value"": ""10.0""}, {""type"": ""Angle"", ""value"": ""2.61""}]"
2944997585.0,91,32.0,SecondHalf,Samir El Mourabet,512740,495,a,77.4,16.7,78.0,5.3,Successful,11.415778554264268,-86.98721249581669,Lateral,Short,"[{""type"": ""Zone"", ""value"": ""Right""}, {""type"": ""PassEndX"", ""value"": ""78.0""}, {""type"": ""PassEndY"", ""value"": ""5.3""}, {""type"": ""Length"", ""value"": ""7.8""}, {""type"": ""Angle"", ""value"": ""4.79""}]"
2944997591.0,91,35.0,SecondHalf,Ayoube Amaimouni-Echghouyab,605380,495,a,77.1,5.1,71.4,14.5,Successful,10.993179703798164,121.23190954851694,Backward,Short,"[{""type"": ""Zone"", ""value"": ""Right""}, {""type"": ""PassEndX"", ""value"": ""71.4""}, {""type"": ""PassEndY"", ""value"": ""14.5""}, {""type"": ""Length"", ""value"": ""8.8""}, {""type"": ""Angle"", ""value"": ""2.32""}]"
2944997593.0,91,36.0,SecondHalf,Samir El Mourabet,512740,495,a,71.4,14.5,75.7,7.6,Successful,8.130190649671137,-58.0693178962822,Lateral,Short,"[{""type"": ""Zone"", ""value"": ""Right""}, {""type"": ""PassEndX"", ""value"": ""75.7""}, {""type"": ""PassEndY"", ""value"": ""7.6""}, {""type"": ""Length"", ""value"": ""6.5""}, {""type"": ""Angle"", ""value"": ""5.48""}]"
2944997603.0,91,39.0,SecondHalf,Lyndon Dykes,396795,424,h,33.2,95.6,30.6,82.0,Successful,13.846299144536776,-100.82301122620711,Lateral,Short,"[{""type"": ""Zone"", ""value"": ""Back""}, {""type"": ""PassEndX"", ""value"": ""30.6""}, {""type"": ""PassEndY"", ""value"": ""82.0""}, {""type"": ""Length"", ""value"": ""9.6""}, {""type"": ""Angle"", ""value"": ""4.43""}]"
2944997605.0,91,41.0,SecondHalf,Lewis Ferguson,396971,424,h,30.6,82.0,25.0,93.5,Successful,12.791012469699183,115.96406853823007,Backward,Short,"[{""type"": ""Zone"", ""value"": ""Back""}, {""type"": ""PassEndX"", ""value"": ""25.0""}, {""type"": ""PassEndY"", ""value"": ""93.5""}, {""type"": ""Length"", ""value"": ""9.8""}, {""type"": ""Angle"", ""value"": ""2.22""}]"
2944997611.0,91,46.0,SecondHalf,Kenny McLean,82917,424,h,31.2,81.7,34.9,57.9,Successful,24.085887984460946,-81.16340886759157,Lateral,Short,"[{""type"": ""Zone"", ""value"": ""Back""}, {""type"": ""PassEndX"", ""value"": ""34.9""}, {""type"": ""PassEndY"", ""value"": ""57.9""}, {""type"": ""Length"", ""value"": ""16.6""}, {""type"": ""Angle"", ""value"": ""4.95""}]"
2944997613.0,91,49.0,SecondHalf,Scott McTominay,336915,424,h,38.9,43.2,49.0,2.3,Successful,42.128612604736944,-76.12868347871886,Forward,Short,"[{""type"": ""Zone"", ""value"": ""Back""}, {""type"": ""PassEndX"", ""value"": ""49.0""}, {""type"": ""PassEndY"", ""value"": ""2.3""}, {""type"": ""Length"", ""value"": ""29.8""}, {""type"": ""Angle"", ""value"": ""5.08""}]"
2944997617.0,91,55.0,SecondHalf,Ben Gannon-Doak,430350,424,h,61.1,13.5,67.4,2.9,Successful,12.330855606972294,-59.27530652920935,Forward,Short,"[{""type"": ""Zone"", ""value"": ""Right""}, {""type"": ""PassEndX"", ""value"": ""67.4""}, {""type"": ""PassEndY"", ""value"": ""2.9""}, {""type"": ""Length"", ""value"": ""9.8""}, {""type"": ""Angle"", ""value"": ""5.45""}]"
2944997619.0,91,59.0,SecondHalf,Anthony Ralston,291944,424,h,70.7,9.8,54.2,32.4,Successful,27.982315844118403,126.13275173622394,Backward,Short,"[{""type"": ""Zone"", ""value"": ""Center""}, {""type"": ""PassEndX"", ""value"": ""54.2""}, {""type"": ""PassEndY"", ""value"": ""32.4""}, {""type"": ""Length"", ""value"": ""23.2""}, {""type"": ""Angle"", ""value"": ""2.42""}]"
2944997621.0,92,2.0,SecondHalf,Grant Hanley,86593,424,h,54.2,32.4,56.4,46.6,Successful,14.369411957348849,81.19320730556471,Lateral,Short,"[{""type"": ""Zone"", ""value"": ""Center""}, {""type"": ""PassEndX"", ""value"": ""56.4""}, {""type"": ""PassEndY"", ""value"": ""46.6""}, {""type"": ""Length"", ""value"": ""9.9""}, {""type"": ""Angle"", ""value"": ""1.34""}]"
2944997623.0,92,5.0,SecondHalf,Lewis Ferguson,396971,424,h,56.7,47.3,67.0,84.7,Unsuccessful,38.792396162134665,74.60238700003049,Forward,Short,"[{""type"": ""Zone"", ""value"": ""Left""}, {""type"": ""PassEndX"", ""value"": ""67.0""}, {""type"": ""PassEndY"", ""value"": ""84.7""}, {""type"": ""Length"", ""value"": ""27.6""}, {""type"": ""Angle"", ""value"": ""1.17""}]"
2944997627.0,92,15.0,SecondHalf,Ayoube Amaimouni-Echghouyab,605380,495,a,80.7,18.5,86.5,33.2,Successful,15.802847844613327,68.46789889234367,Forward,Short,"[{""type"": ""Zone"", ""value"": ""Center""}, {""type"": ""PassEndX"", ""value"": ""86.5""}, {""type"": ""PassEndY"", ""value"": ""33.2""}, {""type"": ""Length"", ""value"": ""11.7""}, {""type"": ""Angle"", ""value"": ""1.02""}]"
2944997631.0,92,19.0,SecondHalf,Samir El Mourabet,512740,495,a,85.0,52.3,90.8,71.6,Successful,20.152667317256043,73.27352393368757,Forward,Short,"[{""type"": ""Zone"", ""value"": ""Center""}, {""type"": ""PassEndX"", ""value"": ""90.8""}, {""type"": ""PassEndY"", ""value"": ""71.6""}, {""type"": ""IntentionalAssist""}, {""type"": ""ShotAssist"", ""value"": ""13""}, {""type"": ""Length"", ""value"": ""14.5""}, {""type"": ""Angle"", ""value"": ""1.14""}, {""type"": ""KeyPass""}]"
2944997641.0,92,32.0,SecondHalf,Angus Gunn,318896,424,h,4.8,53.4,65.9,63.0,Unsuccessful,61.849575584639226,8.929282753649883,Forward,GoalKick,"[{""type"": ""Longball""}, {""type"": ""Zone"", ""value"": ""Center""}, {""type"": ""MissHigh""}, {""type"": ""GoalKick""}, {""type"": ""PassEndX"", ""value"": ""65.9""}, {""type"": ""PassEndY"", ""value"": ""63.0""}, {""type"": ""Length"", ""value"": ""64.5""}, {""type"": ""Angle"", ""value"": ""0.10""}]"
2944997647.0,92,36.0,SecondHalf,Issa Diop,300359,495,a,34.1,37.0,57.7,29.2,Successful,24.85558287387363,-18.28915835000279,Forward,Short,"[{""type"": ""HeadPass""}, {""type"": ""Zone"", ""value"": ""Center""}, {""type"": ""PassEndX"", ""value"": ""57.7""}, {""type"": ""PassEndY"", ""value"": ""29.2""}, {""type"": ""Length"", ""value"": ""25.3""}, {""type"": ""Angle"", ""value"": ""6.07""}]"
2944997651.0,92,39.0,SecondHalf,Achraf Hakimi,320834,495,a,52.4,44.1,45.3,48.0,Successful,8.100617260431454,151.2201936956028,Backward,Short,"[{""type"": ""Zone"", ""value"": ""Back""}, {""type"": ""PassEndX"", ""value"": ""45.3""}, {""type"": ""PassEndY"", ""value"": ""48.0""}, {""type"": ""Length"", ""value"": ""7.9""}, {""type"": ""Angle"", ""value"": ""2.80""}]"
2944997653.0,92,39.0,SecondHalf,Ayyoub Bouaddi,504830,495,a,45.3,48.0,53.3,46.5,Successful,8.139410298049853,-10.619655276155134,Forward,Short,"[{""type"": ""Zone"", ""value"": ""Center""}, {""type"": ""PassEndX"", ""value"": ""53.3""}, {""type"": ""PassEndY"", ""value"": ""46.5""}, {""type"": ""Length"", ""value"": ""8.5""}, {""type"": ""Angle"", ""value"": ""6.16""}]"
2944997657.0,92,41.0,SecondHalf,Achraf Hakimi,320834,495,a,53.3,46.5,53.4,13.5,Successful,33.00015151480368,-89.82637695716151,Lateral,Short,"[{""type"": ""Zone"", ""value"": ""Right""}, {""type"": ""PassEndX"", ""value"": ""53.4""}, {""type"": ""PassEndY"", ""value"": ""13.5""}, {""type"": ""Length"", ""value"": ""22.4""}, {""type"": ""Angle"", ""value"": ""4.72""}]"
2944997659.0,92,44.0,SecondHalf,Neil El Aynaoui,486734,495,a,44.2,8.4,43.8,26.6,Successful,18.20439507371778,91.25904520717529,Lateral,Short,"[{""type"": ""Zone"", ""value"": ""Back""}, {""type"": ""PassEndX"", ""value"": ""43.8""}, {""type"": ""PassEndY"", ""value"": ""26.6""}, {""type"": ""Length"", ""value"": ""12.4""}, {""type"": ""Angle"", ""value"": ""1.60""}]"
2944997667.0,92,45.0,SecondHalf,Ayyoub Bouaddi,504830,495,a,43.8,26.6,61.9,32.2,Successful,18.946503635235715,17.19166297525941,Forward,Short,"[{""type"": ""Zone"", ""value"": ""Center""}, {""type"": ""PassEndX"", ""value"": ""61.9""}, {""type"": ""PassEndY"", ""value"": ""32.2""}, {""type"": ""Length"", ""value"": ""19.4""}, {""type"": ""Angle"", ""value"": ""0.20""}]"
2944997671.0,92,49.0,SecondHalf,Achraf Hakimi,320834,495,a,65.1,33.5,77.6,20.1,Unsuccessful,18.325119372053212,-46.99017224975489,Forward,Short,"[{""type"": ""Zone"", ""value"": ""Right""}, {""type"": ""PassEndX"", ""value"": ""77.6""}, {""type"": ""PassEndY"", ""value"": ""20.1""}, {""type"": ""Length"", ""value"": ""16.0""}, {""type"": ""Angle"", ""value"": ""5.68""}]"
2944997679.0,92,52.0,SecondHalf,Andy Robertson,115726,424,h,24.5,77.6,28.9,65.2,Successful,13.157507362718814,-70.4633450618716,Lateral,Short,"[{""type"": ""Zone"", ""value"": ""Back""}, {""type"": ""PassEndX"", ""value"": ""28.9""}, {""type"": ""PassEndY"", ""value"": ""65.2""}, {""type"": ""Length"", ""value"": ""9.6""}, {""type"": ""Angle"", ""value"": ""5.21""}]"
2944997681.0,92,56.0,SecondHalf,Scott McTominay,336915,424,h,34.4,52.1,29.7,26.2,Successful,26.322993750711564,-100.28537797494748,Lateral,Short,"[{""type"": ""Zone"", ""value"": ""Back""}, {""type"": ""PassEndX"", ""value"": ""29.7""}, {""type"": ""PassEndY"", ""value"": ""26.2""}, {""type"": ""Length"", ""value"": ""18.3""}, {""type"": ""Angle"", ""value"": ""4.44""}]"
2944997683.0,92,59.0,SecondHalf,Anthony Ralston,291944,424,h,28.6,25.2,40.9,8.5,Successful,20.740781084616845,-53.627353144065246,Forward,Short,"[{""type"": ""Zone"", ""value"": ""Back""}, {""type"": ""PassEndX"", ""value"": ""40.9""}, {""type"": ""PassEndY"", ""value"": ""8.5""}, {""type"": ""Length"", ""value"": ""17.2""}, {""type"": ""Angle"", ""value"": ""5.56""}]"
2944997685.0,93,1.0,SecondHalf,Ben Gannon-Doak,430350,424,h,42.4,8.9,32.1,21.3,Successful,16.11986352299547,129.71455325061743,Backward,Short,"[{""type"": ""Zone"", ""value"": ""Back""}, {""type"": ""PassEndX"", ""value"": ""32.1""}, {""type"": ""PassEndY"", ""value"": ""21.3""}, {""type"": ""Length"", ""value"": ""13.7""}, {""type"": ""Angle"", ""value"": ""2.48""}]"
2944997687.0,93,4.0,SecondHalf,Anthony Ralston,291944,424,h,36.0,21.0,74.7,88.7,Successful,77.98063862267351,60.24600532958396,Forward,Chipped,"[{""type"": ""Longball""}, {""type"": ""Zone"", ""value"": ""Left""}, {""type"": ""PassEndX"", ""value"": ""74.7""}, {""type"": ""PassEndY"", ""value"": ""88.7""}, {""type"": ""Chipped""}, {""type"": ""Length"", ""value"": ""61.4""}, {""type"": ""Angle"", ""value"": ""0.85""}]"
2944997691.0,93,8.0,SecondHalf,Andy Robertson,115726,424,h,75.3,89.6,90.1,85.9,Unsuccessful,15.255490814785338,-14.03624346792644,Forward,Short,"[{""type"": ""HeadPass""}, {""type"": ""Zone"", ""value"": ""Left""}, {""type"": ""PassEndX"", ""value"": ""90.1""}, {""type"": ""PassEndY"", ""value"": ""85.9""}, {""type"": ""Length"", ""value"": ""15.7""}, {""type"": ""Angle"", ""value"": ""6.12""}]"
2944997697.0,93,15.0,SecondHalf,Lyndon Dykes,396795,424,h,85.0,79.0,92.3,49.4,Unsuccessful,30.48688242506931,-76.1460813884515,Forward,Cross,"[{""type"": ""Cross""}, {""type"": ""Zone"", ""value"": ""Center""}, {""type"": ""PassEndX"", ""value"": ""92.3""}, {""type"": ""PassEndY"", ""value"": ""49.4""}, {""type"": ""Chipped""}, {""type"": ""Length"", ""value"": ""21.5""}, {""type"": ""Angle"", ""value"": ""5.08""}]"
2944997705.0,93,23.0,SecondHalf,Kenny McLean,82917,424,h,69.5,78.2,76.2,81.7,Unsuccessful,7.559100475585705,27.582029207797156,Forward,Short,"[{""type"": ""Zone"", ""value"": ""Left""}, {""type"": ""PassEndX"", ""value"": ""76.2""}, {""type"": ""PassEndY"", ""value"": ""81.7""}, {""type"": ""Length"", ""value"": ""7.4""}, {""type"": ""Angle"", ""value"": ""0.33""}, {""type"": ""OppositeRelatedEvent"", ""value"": ""953""}, {""type"": ""Offensive""}]"
2944997719.0,93,51.0,SecondHalf,Achraf Hakimi,320834,495,a,38.4,0.0,58.2,8.7,Successful,21.627066375262277,23.72039557230459,Forward,ThrowIn,"[{""type"": ""Longball""}, {""type"": ""Zone"", ""value"": ""Right""}, {""type"": ""ThrowIn""}, {""type"": ""PassEndX"", ""value"": ""58.2""}, {""type"": ""PassEndY"", ""value"": ""8.7""}, {""type"": ""Length"", ""value"": ""22.0""}, {""type"": ""Angle"", ""value"": ""0.34""}]"
2944997723.0,93,52.0,SecondHalf,Samir El Mourabet,512740,495,a,58.8,9.9,55.1,1.3,Successful,9.362157870918432,-113.27894919800266,Lateral,Short,"[{""type"": ""Zone"", ""value"": ""Right""}, {""type"": ""PassEndX"", ""value"": ""55.1""}, {""type"": ""PassEndY"", ""value"": ""1.3""}, {""type"": ""Length"", ""value"": ""7.0""}, {""type"": ""Angle"", ""value"": ""4.13""}]"
2944997725.0,93,53.0,SecondHalf,Achraf Hakimi,320834,495,a,55.1,1.3,58.3,4.3,Unsuccessful,4.386342439892259,43.152389734005446,Lateral,Short,"[{""type"": ""Zone"", ""value"": ""Right""}, {""type"": ""PassEndX"", ""value"": ""58.3""}, {""type"": ""PassEndY"", ""value"": ""4.3""}, {""type"": ""Length"", ""value"": ""3.9""}, {""type"": ""Angle"", ""value"": ""0.55""}, {""type"": ""OppositeRelatedEvent"", ""value"": ""745""}, {""type"": ""Offensive""}]"
2944997727.0,93,55.0,SecondHalf,Issa Diop,300359,495,a,40.5,7.4,87.6,40.1,Unsuccessful,57.338468762254195,34.77099171264048,Forward,Short,"[{""type"": ""Longball""}, {""type"": ""Zone"", ""value"": ""Center""}, {""type"": ""PassEndX"", ""value"": ""87.6""}, {""type"": ""PassEndY"", ""value"": ""40.1""}, {""type"": ""Length"", ""value"": ""54.2""}, {""type"": ""Angle"", ""value"": ""0.42""}]"
2944997731.0,93,59.0,SecondHalf,Angus Gunn,318896,424,h,13.6,58.5,29.5,42.5,Successful,22.556817151362466,-45.17961000574708,Forward,Short,"[{""type"": ""Zone"", ""value"": ""Back""}, {""type"": ""KeeperThrow""}, {""type"": ""PassEndX"", ""value"": ""29.5""}, {""type"": ""PassEndY"", ""value"": ""42.5""}, {""type"": ""Length"", ""value"": ""19.9""}, {""type"": ""Angle"", ""value"": ""5.71""}]"
2944997737.0,94,3.0,SecondHalf,Grant Hanley,86593,424,h,33.7,34.5,83.5,65.4,Successful,58.6075933646827,31.81885392834025,Forward,Chipped,"[{""type"": ""Longball""}, {""type"": ""Zone"", ""value"": ""Center""}, {""type"": ""PassEndX"", ""value"": ""83.5""}, {""type"": ""PassEndY"", ""value"": ""65.4""}, {""type"": ""Chipped""}, {""type"": ""Length"", ""value"": ""56.4""}, {""type"": ""Angle"", ""value"": ""0.38""}]"
2944997743.0,94,8.0,SecondHalf,Ross Stewart,397143,424,h,83.5,65.4,82.9,90.3,Unsuccessful,24.907227866625373,91.38035407344444,Lateral,Short,"[{""type"": ""HeadPass""}, {""type"": ""Zone"", ""value"": ""Left""}, {""type"": ""PassEndX"", ""value"": ""82.9""}, {""type"": ""PassEndY"", ""value"": ""90.3""}, {""type"": ""Length"", ""value"": ""16.9""}, {""type"": ""Angle"", ""value"": ""1.61""}]"
2944997745.0,94,10.0,SecondHalf,Achraf Hakimi,320834,495,a,18.3,7.7,77.5,0.0,Unsuccessful,59.69865995145955,-7.4107190937900755,Forward,Short,"[{""type"": ""Longball""}, {""type"": ""Zone"", ""value"": ""Right""}, {""type"": ""PassEndX"", ""value"": ""77.5""}, {""type"": ""PassEndY"", ""value"": ""0.0""}, {""type"": ""Length"", ""value"": ""62.5""}, {""type"": ""Angle"", ""value"": ""6.18""}]"
2944997751.0,94,16.0,SecondHalf,Jack Hendry,280210,424,h,30.3,100.0,19.6,73.9,Successful,28.208154849263,-112.29174980851185,Backward,ThrowIn,"[{""type"": ""Longball""}, {""type"": ""Zone"", ""value"": ""Back""}, {""type"": ""ThrowIn""}, {""type"": ""PassEndX"", ""value"": ""19.6""}, {""type"": ""PassEndY"", ""value"": ""73.9""}, {""type"": ""Length"", ""value"": ""21.5""}, {""type"": ""Angle"", ""value"": ""4.16""}]"
2944997753.0,94,21.0,SecondHalf,Angus Gunn,318896,424,h,18.9,69.7,30.0,43.4,Successful,28.546453369902192,-67.1176663269875,Forward,Short,"[{""type"": ""Zone"", ""value"": ""Back""}, {""type"": ""PassEndX"", ""value"": ""30.0""}, {""type"": ""PassEndY"", ""value"": ""43.4""}, {""type"": ""Length"", ""value"": ""21.3""}, {""type"": ""Angle"", ""value"": ""5.29""}]"
2944997755.0,94,23.0,SecondHalf,Grant Hanley,86593,424,h,32.4,43.4,33.9,82.1,Successful,38.7290588576588,87.78034444680212,Lateral,Short,"[{""type"": ""Zone"", ""value"": ""Back""}, {""type"": ""PassEndX"", ""value"": ""33.9""}, {""type"": ""PassEndY"", ""value"": ""82.1""}, {""type"": ""Length"", ""value"": ""26.4""}, {""type"": ""Angle"", ""value"": ""1.51""}]"
2944997757.0,94,26.0,SecondHalf,Jack Hendry,280210,424,h,33.3,81.5,40.5,74.5,Successful,10.041912168506556,-44.193070544897616,Forward,Short,"[{""type"": ""Zone"", ""value"": ""Back""}, {""type"": ""PassEndX"", ""value"": ""40.5""}, {""type"": ""PassEndY"", ""value"": ""74.5""}, {""type"": ""Length"", ""value"": ""8.9""}, {""type"": ""Angle"", ""value"": ""5.72""}]"
2944997761.0,94,28.0,SecondHalf,Lewis Ferguson,396971,424,h,39.5,74.8,24.6,51.8,Successful,27.404561664073373,-122.93621919290901,Backward,Short,"[{""type"": ""Zone"", ""value"": ""Back""}, {""type"": ""PassEndX"", ""value"": ""24.6""}, {""type"": ""PassEndY"", ""value"": ""51.8""}, {""type"": ""Length"", ""value"": ""22.1""}, {""type"": ""Angle"", ""value"": ""3.93""}]"
2944997763.0,94,31.0,SecondHalf,Angus Gunn,318896,424,h,24.0,51.8,36.5,36.4,Successful,19.83456578803781,-50.934165459548936,Forward,Short,"[{""type"": ""Zone"", ""value"": ""Back""}, {""type"": ""PassEndX"", ""value"": ""36.5""}, {""type"": ""PassEndY"", ""value"": ""36.4""}, {""type"": ""Length"", ""value"": ""16.8""}, {""type"": ""Angle"", ""value"": ""5.61""}]"
2944997765.0,94,34.0,SecondHalf,Grant Hanley,86593,424,h,33.6,38.3,70.7,67.3,Successful,47.08938309215783,38.01371408098581,Forward,Chipped,"[{""type"": ""Longball""}, {""type"": ""Zone"", ""value"": ""Center""}, {""type"": ""PassEndX"", ""value"": ""70.7""}, {""type"": ""PassEndY"", ""value"": ""67.3""}, {""type"": ""Chipped""}, {""type"": ""Length"", ""value"": ""43.7""}, {""type"": ""Angle"", ""value"": ""0.47""}]"
2944997773.0,94,39.0,SecondHalf,Lyndon Dykes,396795,424,h,70.7,67.3,78.3,68.8,Unsuccessful,7.74661216274572,11.1648801775486,Forward,Short,"[{""type"": ""HeadPass""}, {""type"": ""Zone"", ""value"": ""Center""}, {""type"": ""PassEndX"", ""value"": ""78.3""}, {""type"": ""PassEndY"", ""value"": ""68.8""}, {""type"": ""Length"", ""value"": ""8.0""}, {""type"": ""Angle"", ""value"": ""0.13""}]"
2944997777.0,94,42.0,SecondHalf,Scott McTominay,336915,424,h,77.9,39.4,75.5,33.3,Unsuccessful,6.555150646628958,-111.47679097954043,Lateral,Short,"[{""type"": ""Zone"", ""value"": ""Center""}, {""type"": ""PassEndX"", ""value"": ""75.5""}, {""type"": ""PassEndY"", ""value"": ""33.3""}, {""type"": ""Length"", ""value"": ""4.9""}, {""type"": ""Angle"", ""value"": ""4.17""}]"
2944997785.0,94,47.0,SecondHalf,Samir El Mourabet,512740,495,a,35.4,84.5,66.3,88.5,Successful,31.157824057530075,7.375911868893829,Forward,Short,"[{""type"": ""Longball""}, {""type"": ""Zone"", ""value"": ""Left""}, {""type"": ""PassEndX"", ""value"": ""66.3""}, {""type"": ""PassEndY"", ""value"": ""88.5""}, {""type"": ""Length"", ""value"": ""32.6""}, {""type"": ""Angle"", ""value"": ""0.08""}]"
2944997787.0,94,53.0,SecondHalf,Chemsdine Talbi,476110,495,a,73.8,71.5,81.4,32.2,Successful,40.02811511925087,-79.05500386171042,Forward,Short,"[{""type"": ""Zone"", ""value"": ""Center""}, {""type"": ""PassEndX"", ""value"": ""81.4""}, {""type"": ""PassEndY"", ""value"": ""32.2""}, {""type"": ""ShotAssist"", ""value"": ""13""}, {""type"": ""Length"", ""value"": ""27.9""}, {""type"": ""Angle"", ""value"": ""5.00""}, {""type"": ""KeyPass""}]"
2944997795.0,95,12.0,SecondHalf,Angus Gunn,318896,424,h,2.7,47.6,22.4,50.7,Successful,19.94241710525582,8.94275394840972,Forward,GoalKick,"[{""type"": ""Zone"", ""value"": ""Back""}, {""type"": ""GoalKick""}, {""type"": ""PassEndX"", ""value"": ""22.4""}, {""type"": ""PassEndY"", ""value"": ""50.7""}, {""type"": ""Length"", ""value"": ""20.8""}, {""type"": ""Angle"", ""value"": ""0.10""}]"
2944997797.0,95,13.0,SecondHalf,Lewis Ferguson,396971,424,h,23.1,51.3,10.2,36.4,Successful,19.708373854785687,-130.88509090176274,Backward,Short,"[{""type"": ""Zone"", ""value"": ""Back""}, {""type"": ""PassEndX"", ""value"": ""10.2""}, {""type"": ""PassEndY"", ""value"": ""36.4""}, {""type"": ""Length"", ""value"": ""16.9""}, {""type"": ""Angle"", ""value"": ""3.78""}]"
2944997799.0,95,14.0,SecondHalf,Angus Gunn,318896,424,h,10.2,36.4,59.2,42.4,Unsuccessful,49.36598018878993,6.9810574068297955,Forward,Short,"[{""type"": ""Longball""}, {""type"": ""Zone"", ""value"": ""Center""}, {""type"": ""PassEndX"", ""value"": ""59.2""}, {""type"": ""PassEndY"", ""value"": ""42.4""}, {""type"": ""Length"", ""value"": ""51.6""}, {""type"": ""Angle"", ""value"": ""0.08""}]"
2944997805.0,95,18.0,SecondHalf,Issa Diop,300359,495,a,40.8,57.6,57.8,95.4,Unsuccessful,41.44683341342255,65.7848610139685,Forward,Short,"[{""type"": ""HeadPass""}, {""type"": ""Zone"", ""value"": ""Left""}, {""type"": ""PassEndX"", ""value"": ""57.8""}, {""type"": ""PassEndY"", ""value"": ""95.4""}, {""type"": ""Length"", ""value"": ""31.3""}, {""type"": ""Angle"", ""value"": ""0.96""}]"
2944997807.0,95,25.0,SecondHalf,Ben Gannon-Doak,430350,424,h,44.2,8.0,36.2,17.6,Successful,12.496399481450648,129.8055710922652,Backward,Short,"[{""type"": ""Zone"", ""value"": ""Back""}, {""type"": ""PassEndX"", ""value"": ""36.2""}, {""type"": ""PassEndY"", ""value"": ""17.6""}, {""type"": ""Length"", ""value"": ""10.6""}, {""type"": ""Angle"", ""value"": ""2.48""}]"
2944997809.0,95,27.0,SecondHalf,Anthony Ralston,291944,424,h,36.9,15.2,78.0,64.3,Successful,64.03139854789991,50.06840360114725,Forward,Chipped,"[{""type"": ""Longball""}, {""type"": ""Zone"", ""value"": ""Center""}, {""type"": ""PassEndX"", ""value"": ""78.0""}, {""type"": ""PassEndY"", ""value"": ""64.3""}, {""type"": ""Chipped""}, {""type"": ""Length"", ""value"": ""54.6""}, {""type"": ""Angle"", ""value"": ""0.66""}]"
2944997815.0,95,32.0,SecondHalf,Ross Stewart,397143,424,h,78.0,64.3,87.0,52.4,Unsuccessful,14.920120642943875,-52.89969161426523,Forward,Short,"[{""type"": ""HeadPass""}, {""type"": ""Zone"", ""value"": ""Center""}, {""type"": ""PassEndX"", ""value"": ""87.0""}, {""type"": ""PassEndY"", ""value"": ""52.4""}, {""type"": ""Length"", ""value"": ""12.4""}, {""type"": ""Angle"", ""value"": ""5.58""}]"
2944997843.0,96,9.0,SecondHalf,Lewis Ferguson,396971,424,h,99.5,99.5,91.6,54.5,Unsuccessful,45.688182279447275,-99.95712772190781,Backward,Cross,"[{""type"": ""Cross""}, {""type"": ""CornerTaken""}, {""type"": ""Zone"", ""value"": ""Center""}, {""type"": ""PassEndX"", ""value"": ""91.6""}, {""type"": ""PassEndY"", ""value"": ""54.5""}, {""type"": ""Chipped""}, {""type"": ""Length"", ""value"": ""31.7""}, {""type"": ""Angle"", ""value"": ""4.45""}]"
2944997849.0,96,15.0,SecondHalf,Anthony Ralston,291944,424,h,74.8,54.5,77.3,37.3,Unsuccessful,17.380736463107656,-81.73003841301885,Lateral,Short,"[{""type"": ""HeadPass""}, {""type"": ""Zone"", ""value"": ""Center""}, {""type"": ""PassEndX"", ""value"": ""77.3""}, {""type"": ""PassEndY"", ""value"": ""37.3""}, {""type"": ""Length"", ""value"": ""12.0""}, {""type"": ""Angle"", ""value"": ""4.93""}]"
