isTouch,isGoal,isShot,shotSixYardBox,shotPenaltyArea,shotOboxTotal,shotOpenPlay,shotCounter,shotSetPiece,shotDirectCorner,shotOffTarget,shotOnPost,shotOnTarget,shotsTotal,shotBlocked,shotRightFoot,shotLeftFoot,shotHead,shotObp,goalSixYardBox,goalPenaltyArea,goalObox,goalOpenPlay,goalCounter,goalSetPiece,penaltyScored,goalOwn,goalNormal,goalRightFoot,goalLeftFoot,goalHead,goalObp,shortPassInaccurate,shortPassAccurate,passCorner,passCornerAccurate,passCornerInaccurate,passFreekick,passBack,passForward,passLeft,passRight,keyPassLong,keyPassShort,keyPassCross,keyPassCorner,keyPassThroughball,keyPassFreekick,keyPassThrowin,keyPassOther,assistCross,assistCorner,assistThroughball,assistFreekick,assistThrowin,assistOther,dribbleLost,dribbleWon,challengeLost,interceptionWon,clearanceHead,outfielderBlock,passCrossBlockedDefensive,outfielderBlockedPass,offsideGiven,offsideProvoked,foulGiven,foulCommitted,yellowCard,voidYellowCard,secondYellow,redCard,turnover,dispossessed,saveLowLeft,saveHighLeft,saveLowCentre,saveHighCentre,saveLowRight,saveHighRight,saveHands,saveFeet,saveObp,saveSixYardBox,savePenaltyArea,saveObox,keeperDivingSave,standingSave,closeMissHigh,closeMissHighLeft,closeMissHighRight,closeMissLeft,closeMissRight,shotOffTargetInsideBox,touches,assist,ballRecovery,clearanceEffective,clearanceTotal,clearanceOffTheLine,dribbleLastman,errorLeadsToGoal,errorLeadsToShot,intentionalAssist,interceptionAll,interceptionIntheBox,keeperClaimHighLost,keeperClaimHighWon,keeperClaimLost,keeperClaimWon,keeperOneToOneWon,parriedDanger,parriedSafe,collected,keeperPenaltySaved,keeperSaveInTheBox,keeperSaveTotal,keeperSmother,keeperSweeperLost,keeperMissed,passAccurate,passBackZoneInaccurate,passForwardZoneAccurate,passInaccurate,passAccuracy,cornerAwarded,passKey,passChipped,passCrossAccurate,passCrossInaccurate,passLongBallAccurate,passLongBallInaccurate,passThroughBallAccurate,passThroughBallInaccurate,passThroughBallInacurate,passFreekickAccurate,passFreekickInaccurate,penaltyConceded,penaltyMissed,penaltyWon,passRightFoot,passLeftFoot,passHead,sixYardBlock,tackleLastMan,tackleLost,tackleWon,aerialSuccess,duelAerialWon,duelAerialLost,offensiveDuel,defensiveDuel,bigChanceMissed,bigChanceScored,bigChanceCreated,overrun,successfulFinalThirdPasses,punches,throwIn,subOn,subOff,defensiveThird,midThird,finalThird,pos,id,eventId,minute,second,teamId,h_a,x,y,expandedMinute,period,type,outcomeType,qualifiers,satisfiedEventsTypes,matchId,startDate,startTime,score,ftScore,htScore,etScore,venueName,maxMinute,playerId,playerName,endX,endY,relatedEventId,relatedPlayerId,goalMouthZ,goalMouthY,blockedX,blockedY,cardType,shotBodyType,situation
True,False,False,False,False,False,False,False,False,False,False,False,False,False,False,False,False,False,False,False,False,False,False,False,False,False,False,False,False,False,False,False,False,False,True,False,False,False,False,False,False,False,False,False,False,False,False,False,False,False,False,False,False,False,False,False,False,False,False,False,False,False,False,False,False,False,False,False,False,False,False,False,False,False,False,False,False,False,False,False,False,False,False,False,False,False,False,False,False,False,False,False,False,False,False,False,False,False,False,False,False,False,False,False,False,False,False,False,False,False,False,False,False,False,False,False,False,False,False,False,False,False,False,False,False,True,False,False,False,False,False,False,False,False,False,False,False,False,False,False,False,False,False,False,False,False,False,False,False,False,False,False,False,False,False,False,False,False,False,False,False,False,False,False,False,1993920001,1,1,1,64,a,99.5,0.5,1,FirstHalf,Pass,Successful,[],[],1993920,2026-08-31T00:00:00,2026-08-31T19:30:00,5 : 2,5 : 2,2 : 1,,Spotify Camp Nou,95,,,88.0,50.0,,,,,,,False,,
True,False,True,False,False,True,True,False,False,False,False,False,False,True,True,False,True,False,False,False,False,False,False,False,False,False,False,False,False,False,False,False,False,False,False,False,False,False,False,False,False,False,False,False,False,False,False,False,False,False,False,False,False,False,False,False,False,False,False,False,False,False,False,False,False,False,False,False,False,False,False,False,False,False,False,False,False,False,False,False,False,False,False,False,False,False,False,False,False,False,False,False,False,False,False,False,False,False,False,False,False,False,False,False,False,False,False,False,False,False,False,False,False,False,False,False,False,False,False,False,False,False,False,False,False,False,False,False,False,False,False,False,False,False,False,False,False,False,False,False,False,False,False,False,False,False,False,False,False,False,False,False,False,False,False,False,False,False,False,False,False,False,False,False,False,1993920002,2,4,1,65,h,72.0,50.0,4,FirstHalf,MissedShots,Successful,[],[],1993920,2026-08-31T00:00:00,2026-08-31T19:30:00,5 : 2,5 : 2,2 : 1,,Spotify Camp Nou,95,,Pedri,,,,,,,78.0,50.0,False,LeftFoot,OpenPlay
True,False,False,False,False,False,False,False,False,False,False,False,False,False,False,False,False,False,False,False,False,False,False,False,False,False,False,False,False,False,False,False,False,False,True,False,False,False,False,False,False,False,False,False,False,False,False,False,False,False,False,False,False,False,False,False,False,False,False,False,False,False,False,False,False,False,False,False,False,False,False,False,False,False,False,False,False,False,False,False,False,False,False,False,False,False,False,False,False,False,False,False,False,False,False,False,False,False,False,False,False,False,False,False,False,False,False,False,False,False,False,False,False,False,False,False,False,False,False,False,False,False,False,False,False,True,False,False,False,False,False,False,False,False,False,False,False,False,False,False,False,False,False,False,False,False,False,False,False,False,False,False,False,False,False,False,False,False,False,False,False,False,False,False,False,1993920003,3,5,1,65,h,99.5,0.5,5,FirstHalf,Pass,Successful,[],[],1993920,2026-08-31T00:00:00,2026-08-31T19:30:00,5 : 2,5 : 2,2 : 1,,Spotify Camp Nou,95,,,88.0,50.0,,,,,,,False,,
False,False,False,False,False,False,False,False,False,False,False,False,False,False,False,False,False,False,False,False,False,False,False,False,False,False,False,False,False,False,False,False,False,False,False,False,False,False,False,False,False,False,False,False,False,False,False,False,False,False,False,False,False,False,False,False,False,False,False,False,False,False,False,False,False,False,False,True,False,False,False,False,False,False,False,False,False,False,False,False,False,False,False,False,False,False,False,False,False,False,False,False,False,False,False,False,False,False,False,False,False,False,False,False,False,False,False,False,False,False,False,False,False,False,False,False,False,False,False,False,False,False,False,False,False,False,False,False,False,False,False,False,False,False,False,False,False,False,False,False,False,False,False,False,False,False,False,False,False,False,False,False,False,False,False,False,False,False,False,False,False,False,False,False,False,1993920004,4,6,1,64,a,50.0,50.0,6,FirstHalf,Foul,Successful,[],[],1993920,2026-08-31T00:00:00,2026-08-31T19:30:00,5 : 2,5 : 2,2 : 1,,Spotify Camp Nou,95,,Jozhua Vertrouwd,,,,,,,,,False,,
True,False,True,False,False,True,True,False,False,False,False,False,False,True,True,False,True,False,False,False,False,False,False,False,False,False,False,False,False,False,False,False,False,False,False,False,False,False,False,False,False,False,False,False,False,False,False,False,False,False,False,False,False,False,False,False,False,False,False,False,False,False,False,False,False,False,False,False,False,False,False,False,False,False,False,False,False,False,False,False,False,False,False,False,False,False,False,False,False,False,False,False,False,False,False,False,False,False,False,False,False,False,False,False,False,False,False,False,False,False,False,False,False,False,False,False,False,False,False,False,False,False,False,False,False,False,False,False,False,False,False,False,False,False,False,False,False,False,False,False,False,False,False,False,False,False,False,False,False,False,False,False,False,False,False,False,False,False,False,False,False,False,False,False,False,1993920005,5,7,1,65,h,72.0,50.0,7,FirstHalf,MissedShots,Successful,[],[],1993920,2026-08-31T00:00:00,2026-08-31T19:30:00,5 : 2,5 : 2,2 : 1,,Spotify Camp Nou,95,,Raphinha,,,,,,,78.0,50.0,False,LeftFoot,OpenPlay
True,False,False,False,False,False,False,False,False,False,False,False,False,False,False,False,False,False,False,False,False,False,False,False,False,False,False,False,False,False,False,False,False,False,True,False,False,False,False,False,False,False,False,False,False,False,False,False,False,False,False,False,False,False,False,False,False,False,False,False,False,False,False,False,False,False,False,False,False,False,False,False,False,False,False,False,False,False,False,False,False,False,False,False,False,False,False,False,False,False,False,False,False,False,False,False,False,False,False,False,False,False,False,False,False,False,False,False,False,False,False,False,False,False,False,False,False,False,False,False,False,False,False,False,False,True,False,False,False,False,False,False,False,False,False,False,False,False,False,False,False,False,False,False,False,False,False,False,False,False,False,False,False,False,False,False,False,False,False,False,False,False,False,False,False,1993920006,6,7,2,65,h,99.5,0.5,7,FirstHalf,Pass,Successful,[],[],1993920,2026-08-31T00:00:00,2026-08-31T19:30:00,5 : 2,5 : 2,2 : 1,,Spotify Camp Nou,95,,,88.0,50.0,,,,,,,False,,
True,False,True,False,True,False,False,False,True,False,True,False,False,True,False,False,False,True,False,False,False,False,False,False,False,False,False,False,False,False,False,False,False,False,False,False,False,False,False,False,False,False,False,False,False,False,False,False,False,False,False,False,False,False,False,False,False,False,False,False,False,False,False,False,False,False,False,False,False,False,False,False,False,False,False,False,False,False,False,False,False,False,False,False,False,False,False,False,False,False,False,False,True,False,False,False,False,False,False,False,False,False,False,False,False,False,False,False,False,False,False,False,False,False,False,False,False,False,False,False,False,False,False,False,False,False,False,False,False,False,False,False,False,False,False,False,False,False,False,False,False,False,False,False,False,False,False,False,False,False,False,False,False,False,False,False,False,False,False,False,False,False,False,False,False,1993920007,7,7,3,65,h,88.0,50.0,7,FirstHalf,MissedShots,Successful,[],[],1993920,2026-08-31T00:00:00,2026-08-31T19:30:00,5 : 2,5 : 2,2 : 1,,Spotify Camp Nou,95,,Pau Cubarsí,,,,,,,,,False,Head,FromCorner
True,False,False,False,False,False,False,False,False,False,False,False,False,False,False,False,False,False,False,False,False,False,False,False,False,False,False,False,False,False,False,False,False,False,True,False,False,False,False,False,False,False,False,False,False,False,False,False,False,False,False,False,False,False,False,False,False,False,False,False,False,False,False,False,False,False,False,False,False,False,False,False,False,False,False,False,False,False,False,False,False,False,False,False,False,False,False,False,False,False,False,False,False,False,False,False,False,False,False,False,False,False,False,False,False,False,False,False,False,False,False,False,False,False,False,False,False,False,False,False,False,False,False,False,False,True,False,False,False,False,False,False,False,False,False,False,False,False,False,False,False,False,False,False,False,False,False,False,False,False,False,False,False,False,False,False,False,False,False,False,False,False,False,False,False,1993920008,8,7,4,65,h,99.5,0.5,7,FirstHalf,Pass,Successful,[],[],1993920,2026-08-31T00:00:00,2026-08-31T19:30:00,5 : 2,5 : 2,2 : 1,,Spotify Camp Nou,95,,,88.0,50.0,,,,,,,False,,
False,False,False,False,False,False,False,False,False,False,False,False,False,False,False,False,False,False,False,False,False,False,False,False,False,False,False,False,False,False,False,False,False,False,False,False,False,False,False,False,False,False,False,False,False,False,False,False,False,False,False,False,False,False,False,False,False,False,False,False,False,False,False,False,False,False,False,True,False,False,False,False,False,False,False,False,False,False,False,False,False,False,False,False,False,False,False,False,False,False,False,False,False,False,False,False,False,False,False,False,False,False,False,False,False,False,False,False,False,False,False,False,False,False,False,False,False,False,False,False,False,False,False,False,False,False,False,False,False,False,False,False,False,False,False,False,False,False,False,False,False,False,False,False,False,False,False,False,False,False,False,False,False,False,False,False,False,False,False,False,False,False,False,False,False,1993920009,9,9,1,64,a,50.0,50.0,9,FirstHalf,Foul,Successful,[],[],1993920,2026-08-31T00:00:00,2026-08-31T19:30:00,5 : 2,5 : 2,2 : 1,,Spotify Camp Nou,95,,Óscar Valentín,,,,,,,,,False,,
True,False,True,False,True,False,True,False,False,False,False,False,False,True,True,False,True,False,False,False,False,False,False,False,False,False,False,False,False,False,False,False,False,False,False,False,False,False,False,False,False,False,False,False,False,False,False,False,False,False,False,False,False,False,False,False,False,False,False,False,False,False,False,False,False,False,False,False,False,False,False,False,False,False,False,False,False,False,False,False,False,False,False,False,False,False,False,False,False,False,False,False,False,False,False,False,False,False,False,False,False,False,False,False,False,False,False,False,False,False,False,False,False,False,False,False,False,False,False,False,False,False,False,False,False,False,False,False,False,False,False,False,False,False,False,False,False,False,False,False,False,False,False,False,False,False,False,False,False,False,False,False,False,False,False,False,False,False,False,False,False,False,False,False,False,1993920010,10,10,1,65,h,88.0,22.0,10,FirstHalf,MissedShots,Successful,[],[],1993920,2026-08-31T00:00:00,2026-08-31T19:30:00,5 : 2,5 : 2,2 : 1,,Spotify Camp Nou,95,,Lamine Yamal,,,,,,,94.0,22.0,False,LeftFoot,OpenPlay
True,False,False,False,False,False,False,False,False,False,False,False,False,False,False,False,False,False,False,False,False,False,False,False,False,False,False,False,False,False,False,False,False,True,True,True,False,False,False,False,False,False,False,True,False,True,False,False,False,False,False,True,False,False,False,False,False,False,False,False,False,False,False,False,False,False,False,False,False,False,False,False,False,False,False,False,False,False,False,False,False,False,False,False,False,False,False,False,False,False,False,False,False,False,False,True,False,False,False,False,False,False,False,True,False,False,False,False,False,False,False,False,False,False,False,False,False,False,False,False,True,False,False,False,False,False,True,False,False,False,False,False,False,False,False,False,False,False,False,False,False,False,False,False,False,False,False,False,False,False,False,False,False,False,False,False,False,False,False,False,False,False,False,False,False,1993920011,11,12,1,64,a,76.0,50.0,12,FirstHalf,Pass,Successful,[],[],1993920,2026-08-31T00:00:00,2026-08-31T19:30:00,5 : 2,5 : 2,2 : 1,,Spotify Camp Nou,95,,Álvaro García.,88.0,50.0,,,,,,,False,LeftFoot,FromCorner
True,True,True,False,True,False,False,False,True,False,False,False,True,True,False,False,True,False,False,False,True,False,True,False,False,False,False,True,False,True,False,False,False,False,False,False,False,False,False,False,False,False,False,False,False,False,False,False,False,False,False,False,False,False,False,False,False,False,False,False,False,False,False,False,False,False,False,False,False,False,False,False,False,False,False,False,False,False,False,False,False,False,False,False,False,False,False,False,False,False,False,False,False,False,False,False,False,False,False,False,False,False,False,False,False,False,False,False,False,False,False,False,False,False,False,False,False,False,False,False,False,False,False,False,False,False,False,False,False,False,False,False,False,False,False,False,False,False,False,False,False,False,False,False,False,False,False,False,False,False,False,False,False,False,False,False,False,False,False,False,False,False,False,False,False,1993920012,12,12,1,64,a,88.0,50.0,12,FirstHalf,Goal,Successful,[],[],1993920,2026-08-31T00:00:00,2026-08-31T19:30:00,5 : 2,5 : 2,2 : 1,,Spotify Camp Nou,95,,Sergio Camello,,,11.0,,32.0,46.2,,,False,LeftFoot,FromCorner
True,False,True,False,True,False,True,False,False,False,False,False,True,True,False,False,True,False,False,False,False,False,False,False,False,False,False,False,False,False,False,False,False,False,False,False,False,False,False,False,False,False,False,False,False,False,False,False,False,False,False,False,False,False,False,False,False,False,False,False,False,False,False,False,False,False,False,False,False,False,False,False,False,False,False,False,False,False,False,False,False,False,False,False,False,False,False,False,False,False,False,False,False,False,False,False,False,False,False,False,False,False,False,False,False,False,False,False,False,False,False,False,False,False,False,False,False,False,False,False,False,False,False,False,False,False,False,False,False,False,False,False,False,False,False,False,False,False,False,False,False,False,False,False,False,False,False,False,False,False,False,False,False,False,False,False,False,False,False,False,False,False,False,False,False,1993920013,13,14,1,65,h,88.0,50.0,14,FirstHalf,SavedShot,Successful,[],[],1993920,2026-08-31T00:00:00,2026-08-31T19:30:00,5 : 2,5 : 2,2 : 1,,Spotify Camp Nou,95,,Raphinha,,,,,18.0,50.0,,,False,LeftFoot,OpenPlay
True,False,False,False,False,False,False,False,False,False,False,False,False,False,False,False,False,False,False,False,False,False,False,False,False,False,False,False,False,False,False,False,False,False,False,False,False,False,False,False,False,False,False,False,False,False,False,False,False,False,False,False,False,False,False,False,False,False,False,False,False,False,False,False,False,False,False,False,False,False,False,False,False,False,False,False,False,False,False,False,False,False,False,False,False,False,False,False,False,False,False,False,False,False,False,False,False,False,False,False,False,False,False,False,False,False,False,False,False,False,False,False,False,False,False,False,True,False,False,False,False,False,False,False,False,False,False,False,False,False,False,False,False,False,False,False,False,False,False,False,False,False,False,False,False,False,False,False,False,False,False,False,False,False,False,False,False,False,False,False,False,False,False,False,False,1993920014,14,14,1,64,a,1.5,50.0,14,FirstHalf,Save,Successful,[],[],1993920,2026-08-31T00:00:00,2026-08-31T19:30:00,5 : 2,5 : 2,2 : 1,,Spotify Camp Nou,95,,Dani Cárdenas,,,13.0,,,,,,False,,
True,False,False,False,False,False,False,False,False,False,False,False,False,False,False,False,False,False,False,False,False,False,False,False,False,False,False,False,False,False,False,False,False,False,True,False,False,False,False,False,False,False,False,False,False,False,False,False,False,False,False,False,False,False,False,False,False,False,False,False,False,False,False,False,False,False,False,False,False,False,False,False,False,False,False,False,False,False,False,False,False,False,False,False,False,False,False,False,False,False,False,False,False,False,False,False,False,False,False,False,False,False,False,False,False,False,False,False,False,False,False,False,False,False,False,False,False,False,False,False,False,False,False,False,False,True,False,False,False,False,False,False,False,False,False,False,False,False,False,False,False,False,False,False,False,False,False,False,False,False,False,False,False,False,False,False,False,False,False,False,False,False,False,False,False,1993920015,15,14,2,65,h,99.5,0.5,14,FirstHalf,Pass,Successful,[],[],1993920,2026-08-31T00:00:00,2026-08-31T19:30:00,5 : 2,5 : 2,2 : 1,,Spotify Camp Nou,95,,,88.0,50.0,,,,,,,False,,
True,False,True,False,True,False,False,False,True,False,True,False,False,True,False,False,False,True,False,False,False,False,False,False,False,False,False,False,False,False,False,False,False,False,False,False,False,False,False,False,False,False,False,False,False,False,False,False,False,False,False,False,False,False,False,False,False,False,False,False,False,False,False,False,False,False,False,False,False,False,False,False,False,False,False,False,False,False,False,False,False,False,False,False,False,False,False,False,False,False,False,False,True,False,False,False,False,False,False,False,False,False,False,False,False,False,False,False,False,False,False,False,False,False,False,False,False,False,False,False,False,False,False,False,False,False,False,False,False,False,False,False,False,False,False,False,False,False,False,False,False,False,False,False,False,False,False,False,False,False,False,False,False,False,False,False,False,False,False,False,False,False,False,False,False,1993920016,16,15,1,65,h,96.5,50.0,15,FirstHalf,MissedShots,Successful,[],[],1993920,2026-08-31T00:00:00,2026-08-31T19:30:00,5 : 2,5 : 2,2 : 1,,Spotify Camp Nou,95,,Andreas Christensen,,,,,,,,,False,Head,FromCorner
True,False,False,False,False,False,False,False,False,False,False,False,False,False,False,False,False,False,False,False,False,False,False,False,False,False,False,False,False,False,False,False,False,False,True,False,False,False,False,False,False,False,False,False,False,False,False,False,False,False,False,False,False,False,False,False,False,False,False,False,False,False,False,False,False,False,False,False,False,False,False,False,False,False,False,False,False,False,False,False,False,False,False,False,False,False,False,False,False,False,False,False,False,False,False,False,False,False,False,False,False,False,False,False,False,False,False,False,False,False,False,False,False,False,False,False,False,False,False,False,False,False,False,False,False,True,False,False,False,False,False,False,False,False,False,False,False,False,False,False,False,False,False,False,False,False,False,False,False,False,False,False,False,False,False,False,False,False,False,False,False,False,False,False,False,1993920017,17,15,2,65,h,99.5,0.5,15,FirstHalf,Pass,Successful,[],[],1993920,2026-08-31T00:00:00,2026-08-31T19:30:00,5 : 2,5 : 2,2 : 1,,Spotify Camp Nou,95,,,88.0,50.0,,,,,,,False,,
True,False,False,False,False,False,False,False,False,False,False,False,False,False,False,False,False,False,False,False,False,False,False,False,False,False,False,False,False,False,False,False,False,False,True,False,False,False,False,False,False,False,False,False,False,False,False,False,False,False,False,False,False,False,False,False,False,False,False,False,False,False,False,False,False,False,False,False,False,False,False,False,False,False,False,False,False,False,False,False,False,False,False,False,False,False,False,False,False,False,False,False,False,False,False,False,False,False,False,False,False,False,False,False,False,False,False,False,False,False,False,False,False,False,False,False,False,False,False,False,False,False,False,False,False,True,False,False,False,False,False,False,False,False,False,False,False,False,False,False,False,False,False,False,False,False,False,False,False,False,False,False,False,False,False,False,False,False,False,False,False,False,False,False,False,1993920018,18,15,3,65,h,99.5,0.5,15,FirstHalf,Pass,Successful,[],[],1993920,2026-08-31T00:00:00,2026-08-31T19:30:00,5 : 2,5 : 2,2 : 1,,Spotify Camp Nou,95,,,88.0,50.0,,,,,,,False,,
True,False,True,False,False,True,True,False,False,False,True,False,False,True,False,True,False,False,False,False,False,False,False,False,False,False,False,False,False,False,False,False,False,False,False,False,False,False,False,False,False,False,False,False,False,False,False,False,False,False,False,False,False,False,False,False,False,False,False,False,False,False,False,False,False,False,False,False,False,False,False,False,False,False,False,False,False,False,False,False,False,False,False,False,False,False,False,False,False,False,False,True,True,False,False,False,False,False,False,False,False,False,False,False,False,False,False,False,False,False,False,False,False,False,False,False,False,False,False,False,False,False,False,False,False,False,False,False,False,False,False,False,False,False,False,False,False,False,False,False,False,False,False,False,False,False,False,False,False,False,False,False,False,False,False,False,False,False,False,False,False,False,False,False,False,1993920019,19,15,4,65,h,72.0,50.0,15,FirstHalf,MissedShots,Successful,[],[],1993920,2026-08-31T00:00:00,2026-08-31T19:30:00,5 : 2,5 : 2,2 : 1,,Spotify Camp Nou,95,,Dani Olmo,,,,,,,,,False,RightFoot,OpenPlay
True,False,True,False,True,False,True,False,False,False,True,False,False,True,False,False,True,False,False,False,False,False,False,False,False,False,False,False,False,False,False,False,False,False,False,False,False,False,False,False,False,False,False,False,False,False,False,False,False,False,False,False,False,False,False,False,False,False,False,False,False,False,False,False,False,False,False,False,False,False,False,False,False,False,False,False,False,False,False,False,False,False,False,False,False,False,False,False,False,False,False,True,True,False,False,False,False,False,False,False,False,False,False,False,False,False,False,False,False,False,False,False,False,False,False,False,False,False,False,False,False,False,False,False,False,False,False,False,False,False,False,False,False,False,False,False,False,False,False,False,False,False,False,False,False,False,False,False,False,False,False,False,False,False,False,False,False,False,False,False,False,False,False,False,False,1993920020,20,16,1,65,h,94.0,38.0,16,FirstHalf,MissedShots,Successful,[],[],1993920,2026-08-31T00:00:00,2026-08-31T19:30:00,5 : 2,5 : 2,2 : 1,,Spotify Camp Nou,95,,Lamine Yamal,,,,,,,,,False,LeftFoot,OpenPlay
True,False,True,False,True,False,True,False,False,False,False,False,False,True,True,True,False,False,False,False,False,False,False,False,False,False,False,False,False,False,False,False,False,False,False,False,False,False,False,False,False,False,False,False,False,False,False,False,False,False,False,False,False,False,False,False,False,False,False,False,False,False,False,False,False,False,False,False,False,False,False,False,False,False,False,False,False,False,False,False,False,False,False,False,False,False,False,False,False,False,False,False,False,False,False,False,False,False,False,False,False,False,False,False,False,False,False,False,False,False,False,False,False,False,False,False,False,False,False,False,False,False,False,False,False,False,False,False,False,False,False,False,False,False,False,False,False,False,False,False,False,False,False,False,False,False,False,False,False,False,False,False,False,False,False,False,False,False,False,False,False,False,False,False,False,1993920021,21,16,2,65,h,90.0,88.0,16,FirstHalf,MissedShots,Successful,[],[],1993920,2026-08-31T00:00:00,2026-08-31T19:30:00,5 : 2,5 : 2,2 : 1,,Spotify Camp Nou,95,,Dani Olmo,,,,,,,96.0,88.0,False,RightFoot,OpenPlay
True,False,True,False,False,True,True,False,False,False,True,False,False,True,False,False,True,False,False,False,False,False,False,False,False,False,False,False,False,False,False,False,False,False,False,False,False,False,False,False,False,False,False,False,False,False,False,False,False,False,False,False,False,False,False,False,False,False,False,False,False,False,False,False,False,False,False,False,False,False,False,False,False,False,False,False,False,False,False,False,False,False,False,False,False,False,False,False,False,False,False,True,False,False,False,False,False,False,False,False,False,False,False,False,False,False,False,False,False,False,False,False,False,False,False,False,False,False,False,False,False,False,False,False,False,False,False,False,False,False,False,False,False,False,False,False,False,False,False,False,False,False,False,False,False,False,False,False,False,False,False,False,False,False,False,False,False,False,False,False,False,False,False,False,False,1993920022,22,17,1,65,h,72.0,50.0,17,FirstHalf,MissedShots,Successful,[],[],1993920,2026-08-31T00:00:00,2026-08-31T19:30:00,5 : 2,5 : 2,2 : 1,,Spotify Camp Nou,95,,Marc Bernal,,,,,,,,,False,LeftFoot,OpenPlay
False,False,False,False,False,False,False,False,False,False,False,False,False,False,False,False,False,False,False,False,False,False,False,False,False,False,False,False,False,False,False,False,False,False,False,False,False,False,False,False,False,False,False,False,False,False,False,False,False,False,False,False,False,False,False,False,False,False,False,False,False,False,False,False,True,False,False,False,False,False,False,False,False,False,False,False,False,False,False,False,False,False,False,False,False,False,False,False,False,False,False,False,False,False,False,False,False,False,False,False,False,False,False,False,False,False,False,False,False,False,False,False,False,False,False,False,False,False,False,False,False,False,False,False,False,False,False,False,False,False,False,False,False,False,False,False,False,False,False,False,False,False,False,False,False,False,False,False,False,False,False,False,False,False,False,False,False,False,False,False,False,False,False,False,False,1993920023,23,18,1,65,h,85.0,50.0,18,FirstHalf,OffsideGiven,Successful,[],[],1993920,2026-08-31T00:00:00,2026-08-31T19:30:00,5 : 2,5 : 2,2 : 1,,Spotify Camp Nou,95,,Lamine Yamal,,,,,,,,,False,,
True,False,False,False,False,False,False,False,False,False,False,False,False,False,False,False,False,False,False,False,False,False,False,False,False,False,False,False,False,False,False,False,False,True,True,True,False,False,False,False,False,False,False,True,False,True,False,False,False,False,False,True,False,False,False,False,False,False,False,False,False,False,False,False,False,False,False,False,False,False,False,False,False,False,False,False,False,False,False,False,False,False,False,False,False,False,False,False,False,False,False,False,False,False,False,True,False,False,False,False,False,False,False,True,False,False,False,False,False,False,False,False,False,False,False,False,False,False,False,False,True,False,False,False,False,False,True,False,False,False,False,False,False,False,False,False,False,False,False,False,False,False,False,False,False,False,False,False,False,False,False,False,False,False,False,False,False,False,False,False,False,False,False,False,False,1993920024,24,19,1,65,h,76.0,50.0,19,FirstHalf,Pass,Successful,[],[],1993920,2026-08-31T00:00:00,2026-08-31T19:30:00,5 : 2,5 : 2,2 : 1,,Spotify Camp Nou,95,,Xavi Espart.,88.0,50.0,,,,,,,False,LeftFoot,FromCorner
True,True,True,False,True,False,False,False,True,False,False,False,True,True,False,False,True,False,False,False,True,False,True,False,False,False,False,True,False,True,False,False,False,False,False,False,False,False,False,False,False,False,False,False,False,False,False,False,False,False,False,False,False,False,False,False,False,False,False,False,False,False,False,False,False,False,False,False,False,False,False,False,False,False,False,False,False,False,False,False,False,False,False,False,False,False,False,False,False,False,False,False,False,False,False,False,False,False,False,False,False,False,False,False,False,False,False,False,False,False,False,False,False,False,False,False,False,False,False,False,False,False,False,False,False,False,False,False,False,False,False,False,False,False,False,False,False,False,False,False,False,False,False,False,False,False,False,False,False,False,False,False,False,False,False,False,False,False,False,False,False,False,False,False,False,1993920025,25,19,1,65,h,88.0,50.0,19,FirstHalf,Goal,Successful,[],[],1993920,2026-08-31T00:00:00,2026-08-31T19:30:00,5 : 2,5 : 2,2 : 1,,Spotify Camp Nou,95,,Raphinha,,,24.0,,8.0,53.8,,,False,LeftFoot,FromCorner
True,False,False,False,False,False,False,False,False,False,False,False,False,False,False,False,False,False,False,False,False,False,False,False,False,False,False,False,False,False,False,False,False,True,True,True,False,False,False,False,False,False,False,True,False,True,False,False,False,False,False,True,False,False,False,False,False,False,False,False,False,False,False,False,False,False,False,False,False,False,False,False,False,False,False,False,False,False,False,False,False,False,False,False,False,False,False,False,False,False,False,False,False,False,False,True,False,False,False,False,False,False,False,True,False,False,False,False,False,False,False,False,False,False,False,False,False,False,False,False,True,False,False,False,False,False,True,False,False,False,False,False,False,False,False,False,False,False,False,False,False,False,False,False,False,False,False,False,False,False,False,False,False,False,False,False,False,False,False,False,False,False,False,False,False,1993920026,26,21,1,65,h,76.0,22.0,21,FirstHalf,Pass,Successful,[],[],1993920,2026-08-31T00:00:00,2026-08-31T19:30:00,5 : 2,5 : 2,2 : 1,,Spotify Camp Nou,95,,Marc Bernal.,88.0,22.0,,,,,,,False,LeftFoot,FromCorner
True,True,True,False,True,False,False,False,True,False,False,False,True,True,False,False,True,False,False,False,True,False,True,False,False,False,False,True,False,True,False,False,False,False,False,False,False,False,False,False,False,False,False,False,False,False,False,False,False,False,False,False,False,False,False,False,False,False,False,False,False,False,False,False,False,False,False,False,False,False,False,False,False,False,False,False,False,False,False,False,False,False,False,False,False,False,False,False,False,False,False,False,False,False,False,False,False,False,False,False,False,False,False,False,False,False,False,False,False,False,False,False,False,False,False,False,False,False,False,False,False,False,False,False,False,False,False,False,False,False,False,False,False,False,False,False,False,False,False,False,False,False,False,False,False,False,False,False,False,False,False,False,False,False,False,False,False,False,False,False,False,False,False,False,False,1993920027,27,21,1,65,h,88.0,22.0,21,FirstHalf,Goal,Successful,[],[],1993920,2026-08-31T00:00:00,2026-08-31T19:30:00,5 : 2,5 : 2,2 : 1,,Spotify Camp Nou,95,,Lamine Yamal,,,26.0,,32.0,53.8,,,False,LeftFoot,FromCorner
False,False,False,False,False,False,False,False,False,False,False,False,False,False,False,False,False,False,False,False,False,False,False,False,False,False,False,False,False,False,False,False,False,False,False,False,False,False,False,False,False,False,False,False,False,False,False,False,False,False,False,False,False,False,False,False,False,False,False,False,False,False,False,False,False,False,False,True,False,False,False,False,False,False,False,False,False,False,False,False,False,False,False,False,False,False,False,False,False,False,False,False,False,False,False,False,False,False,False,False,False,False,False,False,False,False,False,False,False,False,False,False,False,False,False,False,False,False,False,False,False,False,False,False,False,False,False,False,False,False,False,False,False,False,False,False,False,False,False,False,False,False,False,False,False,False,False,False,False,False,False,False,False,False,False,False,False,False,False,False,False,False,False,False,False,1993920028,28,27,1,64,a,50.0,50.0,27,FirstHalf,Foul,Successful,[],[],1993920,2026-08-31T00:00:00,2026-08-31T19:30:00,5 : 2,5 : 2,2 : 1,,Spotify Camp Nou,95,,Jozhua Vertrouwd,,,,,,,,,False,,
True,False,True,False,True,False,False,False,True,False,True,False,False,True,False,True,False,False,False,False,False,False,False,False,False,False,False,False,False,False,False,False,False,False,False,False,False,False,False,False,False,False,False,False,False,False,False,False,False,False,False,False,False,False,False,False,False,False,False,False,False,False,False,False,False,False,False,False,False,False,False,False,False,False,False,False,False,False,False,False,False,False,False,False,False,False,False,False,True,False,False,False,True,False,False,False,False,False,False,False,False,False,False,False,False,False,False,False,False,False,False,False,False,False,False,False,False,False,False,False,False,False,False,False,False,False,False,False,False,False,False,False,False,False,False,False,False,False,False,False,False,False,False,False,False,False,False,False,False,False,False,False,False,False,False,False,False,False,False,False,False,False,False,False,False,1993920029,29,28,1,65,h,88.0,22.0,28,FirstHalf,MissedShots,Successful,[],[],1993920,2026-08-31T00:00:00,2026-08-31T19:30:00,5 : 2,5 : 2,2 : 1,,Spotify Camp Nou,95,,Pedri,,,,,,,,,False,RightFoot,FromSetPiece
False,False,False,False,False,False,False,False,False,False,False,False,False,False,False,False,False,False,False,False,False,False,False,False,False,False,False,False,False,False,False,False,False,False,False,False,False,False,False,False,False,False,False,False,False,False,False,False,False,False,False,False,False,False,False,False,False,False,False,False,False,False,False,False,False,False,False,True,False,False,False,False,False,False,False,False,False,False,False,False,False,False,False,False,False,False,False,False,False,False,False,False,False,False,False,False,False,False,False,False,False,False,False,False,False,False,False,False,False,False,False,False,False,False,False,False,False,False,False,False,False,False,False,False,False,False,False,False,False,False,False,False,False,False,False,False,False,False,False,False,False,False,False,False,False,False,False,False,False,False,False,False,False,False,False,False,False,False,False,False,False,False,False,False,False,1993920030,30,29,1,64,a,50.0,50.0,29,FirstHalf,Foul,Successful,[],[],1993920,2026-08-31T00:00:00,2026-08-31T19:30:00,5 : 2,5 : 2,2 : 1,,Spotify Camp Nou,95,,Iván Balliu,,,,,,,,,False,,
False,False,False,False,False,False,False,False,False,False,False,False,False,False,False,False,False,False,False,False,False,False,False,False,False,False,False,False,False,False,False,False,False,False,False,False,False,False,False,False,False,False,False,False,False,False,False,False,False,False,False,False,False,False,False,False,False,False,False,False,False,False,False,False,True,False,False,False,False,False,False,False,False,False,False,False,False,False,False,False,False,False,False,False,False,False,False,False,False,False,False,False,False,False,False,False,False,False,False,False,False,False,False,False,False,False,False,False,False,False,False,False,False,False,False,False,False,False,False,False,False,False,False,False,False,False,False,False,False,False,False,False,False,False,False,False,False,False,False,False,False,False,False,False,False,False,False,False,False,False,False,False,False,False,False,False,False,False,False,False,False,False,False,False,False,1993920031,31,31,1,64,a,85.0,50.0,31,FirstHalf,OffsideGiven,Successful,[],[],1993920,2026-08-31T00:00:00,2026-08-31T19:30:00,5 : 2,5 : 2,2 : 1,,Spotify Camp Nou,95,,Álvaro García,,,,,,,,,False,,
False,False,False,False,False,False,False,False,False,False,False,False,False,False,False,False,False,False,False,False,False,False,False,False,False,False,False,False,False,False,False,False,False,False,False,False,False,False,False,False,False,False,False,False,False,False,False,False,False,False,False,False,False,False,False,False,False,False,False,False,False,False,False,False,False,False,False,False,False,False,False,False,False,False,False,False,False,False,False,False,False,False,False,False,False,False,False,False,False,False,False,False,False,False,False,False,False,False,False,False,False,False,False,False,False,False,False,False,False,False,False,False,False,False,False,False,False,False,False,False,False,False,False,False,False,False,False,False,False,False,False,False,False,False,False,False,False,False,False,False,False,False,False,False,False,False,False,False,False,False,False,False,False,False,False,False,False,False,False,True,False,False,False,False,False,1993920032,32,32,2,64,a,50.0,50.0,32,FirstHalf,SubstitutionOn,Successful,[],[],1993920,2026-08-31T00:00:00,2026-08-31T19:30:00,5 : 2,5 : 2,2 : 1,,Spotify Camp Nou,95,,Adrià Pedrosa,,,,,,,,,False,,
False,False,False,False,False,False,False,False,False,False,False,False,False,False,False,False,False,False,False,False,False,False,False,False,False,False,False,False,False,False,False,False,False,False,False,False,False,False,False,False,False,False,False,False,False,False,False,False,False,False,False,False,False,False,False,False,False,False,False,False,False,False,False,False,False,False,False,False,False,False,False,False,False,False,False,False,False,False,False,False,False,False,False,False,False,False,False,False,False,False,False,False,False,False,False,False,False,False,False,False,False,False,False,False,False,False,False,False,False,False,False,False,False,False,False,False,False,False,False,False,False,False,False,False,False,False,False,False,False,False,False,False,False,False,False,False,False,False,False,False,False,False,False,False,False,False,False,False,False,False,False,False,False,False,False,False,False,False,False,False,True,False,False,False,False,1993920033,33,32,2,64,a,50.0,50.0,32,FirstHalf,SubstitutionOff,Successful,[],[],1993920,2026-08-31T00:00:00,2026-08-31T19:30:00,5 : 2,5 : 2,2 : 1,,Spotify Camp Nou,95,,Jozhua Vertrouwd,,,,,,,,,False,,
False,False,False,False,False,False,False,False,False,False,False,False,False,False,False,False,False,False,False,False,False,False,False,False,False,False,False,False,False,False,False,False,False,False,False,False,False,False,False,False,False,False,False,False,False,False,False,False,False,False,False,False,False,False,False,False,False,False,False,False,False,False,False,False,False,False,False,True,False,False,False,False,False,False,False,False,False,False,False,False,False,False,False,False,False,False,False,False,False,False,False,False,False,False,False,False,False,False,False,False,False,False,False,False,False,False,False,False,False,False,False,False,False,False,False,False,False,False,False,False,False,False,False,False,False,False,False,False,False,False,False,False,False,False,False,False,False,False,False,False,False,False,False,False,False,False,False,False,False,False,False,False,False,False,False,False,False,False,False,False,False,False,False,False,False,1993920034,34,33,1,64,a,50.0,50.0,33,FirstHalf,Foul,Successful,[],[],1993920,2026-08-31T00:00:00,2026-08-31T19:30:00,5 : 2,5 : 2,2 : 1,,Spotify Camp Nou,95,,Óscar Valentín,,,,,,,,,False,,
True,False,True,False,False,True,True,False,False,False,True,False,False,True,False,True,False,False,False,False,False,False,False,False,False,False,False,False,False,False,False,False,False,False,False,False,False,False,False,False,False,False,False,False,False,False,False,False,False,False,False,False,False,False,False,False,False,False,False,False,False,False,False,False,False,False,False,False,False,False,False,False,False,False,False,False,False,False,False,False,False,False,False,False,False,False,False,False,False,False,False,True,True,False,False,False,False,False,False,False,False,False,False,False,False,False,False,False,False,False,False,False,False,False,False,False,False,False,False,False,False,False,False,False,False,False,False,False,False,False,False,False,False,False,False,False,False,False,False,False,False,False,False,False,False,False,False,False,False,False,False,False,False,False,False,False,False,False,False,False,False,False,False,False,False,1993920035,35,35,1,64,a,72.0,50.0,35,FirstHalf,MissedShots,Successful,[],[],1993920,2026-08-31T00:00:00,2026-08-31T19:30:00,5 : 2,5 : 2,2 : 1,,Spotify Camp Nou,95,,Florian Lejeune,,,,,,,,,False,RightFoot,OpenPlay
True,False,True,False,True,False,True,False,False,False,False,False,True,True,False,True,False,False,False,False,False,False,False,False,False,False,False,False,False,False,False,False,False,False,False,False,False,False,False,False,False,False,False,False,False,False,False,False,False,False,False,False,False,False,False,False,False,False,False,False,False,False,False,False,False,False,False,False,False,False,False,False,False,False,False,False,False,False,False,False,False,False,False,False,False,False,False,False,False,False,False,False,False,False,False,False,False,False,False,False,False,False,False,False,False,False,False,False,False,False,False,False,False,False,False,False,False,False,False,False,False,False,False,False,False,False,False,False,False,False,False,False,False,False,False,False,False,False,False,False,False,False,False,False,False,False,False,False,False,False,False,False,False,False,False,False,False,False,False,False,False,False,False,False,False,1993920036,36,36,1,65,h,88.0,78.0,36,FirstHalf,SavedShot,Successful,[],[],1993920,2026-08-31T00:00:00,2026-08-31T19:30:00,5 : 2,5 : 2,2 : 1,,Spotify Camp Nou,95,,Anthony Gordon,,,,,18.0,50.0,,,False,RightFoot,OpenPlay
True,False,False,False,False,False,False,False,False,False,False,False,False,False,False,False,False,False,False,False,False,False,False,False,False,False,False,False,False,False,False,False,False,False,False,False,False,False,False,False,False,False,False,False,False,False,False,False,False,False,False,False,False,False,False,False,False,False,False,False,False,False,False,False,False,False,False,False,False,False,False,False,False,False,False,False,False,False,False,False,False,False,False,False,False,False,False,False,False,False,False,False,False,False,False,False,False,False,False,False,False,False,False,False,False,False,False,False,False,False,False,False,False,False,False,False,True,False,False,False,False,False,False,False,False,False,False,False,False,False,False,False,False,False,False,False,False,False,False,False,False,False,False,False,False,False,False,False,False,False,False,False,False,False,False,False,False,False,False,False,False,False,False,False,False,1993920037,37,36,1,64,a,1.5,50.0,36,FirstHalf,Save,Successful,[],[],1993920,2026-08-31T00:00:00,2026-08-31T19:30:00,5 : 2,5 : 2,2 : 1,,Spotify Camp Nou,95,,Dani Cárdenas,,,36.0,,,,,,False,,
True,False,True,False,False,True,False,False,True,False,False,False,True,True,False,False,True,False,False,False,False,False,False,False,False,False,False,False,False,False,False,False,False,False,False,False,False,False,False,False,False,False,False,False,False,False,False,False,False,False,False,False,False,False,False,False,False,False,False,False,False,False,False,False,False,False,False,False,False,False,False,False,False,False,False,False,False,False,False,False,False,False,False,False,False,False,False,False,False,False,False,False,False,False,False,False,False,False,False,False,False,False,False,False,False,False,False,False,False,False,False,False,False,False,False,False,False,False,False,False,False,False,False,False,False,False,False,False,False,False,False,False,False,False,False,False,False,False,False,False,False,False,False,False,False,False,False,False,False,False,False,False,False,False,False,False,False,False,False,False,False,False,False,False,False,1993920038,38,37,1,64,a,72.0,50.0,37,FirstHalf,SavedShot,Successful,[],[],1993920,2026-08-31T00:00:00,2026-08-31T19:30:00,5 : 2,5 : 2,2 : 1,,Spotify Camp Nou,95,,Gnangoro,,,,,8.0,46.2,,,False,LeftFoot,FromCorner
True,False,False,False,False,False,False,False,False,False,False,False,False,False,False,False,False,False,False,False,False,False,False,False,False,False,False,False,False,False,False,False,False,False,False,False,False,False,False,False,False,False,False,False,False,False,False,False,False,False,False,False,False,False,False,False,False,False,False,False,False,False,False,False,False,False,False,False,False,False,False,False,False,False,False,False,False,False,False,False,False,False,False,False,False,False,False,False,False,False,False,False,False,False,False,False,False,False,False,False,False,False,False,False,False,False,False,False,False,False,False,False,False,False,False,False,True,False,False,False,False,False,False,False,False,False,False,False,False,False,False,False,False,False,False,False,False,False,False,False,False,False,False,False,False,False,False,False,False,False,False,False,False,False,False,False,False,False,False,False,False,False,False,False,False,1993920039,39,37,1,65,h,1.5,50.0,37,FirstHalf,Save,Successful,[],[],1993920,2026-08-31T00:00:00,2026-08-31T19:30:00,5 : 2,5 : 2,2 : 1,,Spotify Camp Nou,95,,Joan García,,,38.0,,,,,,False,,
False,False,False,False,False,False,False,False,False,False,False,False,False,False,False,False,False,False,False,False,False,False,False,False,False,False,False,False,False,False,False,False,False,False,False,False,False,False,False,False,False,False,False,False,False,False,False,False,False,False,False,False,False,False,False,False,False,False,False,False,False,False,False,False,True,False,False,False,False,False,False,False,False,False,False,False,False,False,False,False,False,False,False,False,False,False,False,False,False,False,False,False,False,False,False,False,False,False,False,False,False,False,False,False,False,False,False,False,False,False,False,False,False,False,False,False,False,False,False,False,False,False,False,False,False,False,False,False,False,False,False,False,False,False,False,False,False,False,False,False,False,False,False,False,False,False,False,False,False,False,False,False,False,False,False,False,False,False,False,False,False,False,False,False,False,1993920040,40,38,1,65,h,85.0,50.0,38,FirstHalf,OffsideGiven,Successful,[],[],1993920,2026-08-31T00:00:00,2026-08-31T19:30:00,5 : 2,5 : 2,2 : 1,,Spotify Camp Nou,95,,Raphinha,,,,,,,,,False,,
True,False,True,False,False,True,True,False,False,False,False,False,True,True,False,False,True,False,False,False,False,False,False,False,False,False,False,False,False,False,False,False,False,False,False,False,False,False,False,False,False,False,False,False,False,False,False,False,False,False,False,False,False,False,False,False,False,False,False,False,False,False,False,False,False,False,False,False,False,False,False,False,False,False,False,False,False,False,False,False,False,False,False,False,False,False,False,False,False,False,False,False,False,False,False,False,False,False,False,False,False,False,False,False,False,False,False,False,False,False,False,False,False,False,False,False,False,False,False,False,False,False,False,False,False,False,False,False,False,False,False,False,False,False,False,False,False,False,False,False,False,False,False,False,False,False,False,False,False,False,False,False,False,False,False,False,False,False,False,False,False,False,False,False,False,1993920041,41,40,1,65,h,72.0,50.0,40,FirstHalf,SavedShot,Successful,[],[],1993920,2026-08-31T00:00:00,2026-08-31T19:30:00,5 : 2,5 : 2,2 : 1,,Spotify Camp Nou,95,,Marc Bernal,,,,,18.0,50.0,,,False,LeftFoot,OpenPlay
True,False,False,False,False,False,False,False,False,False,False,False,False,False,False,False,False,False,False,False,False,False,False,False,False,False,False,False,False,False,False,False,False,False,False,False,False,False,False,False,False,False,False,False,False,False,False,False,False,False,False,False,False,False,False,False,False,False,False,False,False,False,False,False,False,False,False,False,False,False,False,False,False,False,False,False,False,False,False,False,False,False,False,False,False,False,False,False,False,False,False,False,False,False,False,False,False,False,False,False,False,False,False,False,False,False,False,False,False,False,False,False,False,False,False,False,True,False,False,False,False,False,False,False,False,False,False,False,False,False,False,False,False,False,False,False,False,False,False,False,False,False,False,False,False,False,False,False,False,False,False,False,False,False,False,False,False,False,False,False,False,False,False,False,False,1993920042,42,40,1,64,a,1.5,50.0,40,FirstHalf,Save,Successful,[],[],1993920,2026-08-31T00:00:00,2026-08-31T19:30:00,5 : 2,5 : 2,2 : 1,,Spotify Camp Nou,95,,Dani Cárdenas,,,41.0,,,,,,False,,
True,False,False,False,False,False,False,False,False,False,False,False,False,False,False,False,False,False,False,False,False,False,False,False,False,False,False,False,False,False,False,False,False,False,True,False,False,False,False,False,False,False,False,False,False,False,False,False,False,False,False,False,False,False,False,False,False,False,False,False,False,False,False,False,False,False,False,False,False,False,False,False,False,False,False,False,False,False,False,False,False,False,False,False,False,False,False,False,False,False,False,False,False,False,False,False,False,False,False,False,False,False,False,False,False,False,False,False,False,False,False,False,False,False,False,False,False,False,False,False,False,False,False,False,False,True,False,False,False,False,False,False,False,False,False,False,False,False,False,False,False,False,False,False,False,False,False,False,False,False,False,False,False,False,False,False,False,False,False,False,False,False,False,False,False,1993920043,43,40,2,65,h,99.5,0.5,40,FirstHalf,Pass,Successful,[],[],1993920,2026-08-31T00:00:00,2026-08-31T19:30:00,5 : 2,5 : 2,2 : 1,,Spotify Camp Nou,95,,,88.0,50.0,,,,,,,False,,
True,False,False,False,False,False,False,False,False,False,False,False,False,False,False,False,False,False,False,False,False,False,False,False,False,False,False,False,False,False,False,False,False,False,True,False,False,False,False,False,False,False,False,False,False,False,False,False,False,False,False,False,False,False,False,False,False,False,False,False,False,False,False,False,False,False,False,False,False,False,False,False,False,False,False,False,False,False,False,False,False,False,False,False,False,False,False,False,False,False,False,False,False,False,False,False,False,False,False,False,False,False,False,False,False,False,False,False,False,False,False,False,False,False,False,False,False,False,False,False,False,False,False,False,False,True,False,False,False,False,False,False,False,False,False,False,False,False,False,False,False,False,False,False,False,False,False,False,False,False,False,False,False,False,False,False,False,False,False,False,False,False,False,False,False,1993920044,44,41,1,65,h,99.5,0.5,41,FirstHalf,Pass,Successful,[],[],1993920,2026-08-31T00:00:00,2026-08-31T19:30:00,5 : 2,5 : 2,2 : 1,,Spotify Camp Nou,95,,,88.0,50.0,,,,,,,False,,
False,False,False,False,False,False,False,False,False,False,False,False,False,False,False,False,False,False,False,False,False,False,False,False,False,False,False,False,False,False,False,False,False,False,False,False,False,False,False,False,False,False,False,False,False,False,False,False,False,False,False,False,False,False,False,False,False,False,False,False,False,False,False,False,False,False,False,True,False,False,False,False,False,False,False,False,False,False,False,False,False,False,False,False,False,False,False,False,False,False,False,False,False,False,False,False,False,False,False,False,False,False,False,False,False,False,False,False,False,False,False,False,False,False,False,False,False,False,False,False,False,False,False,False,False,False,False,False,False,False,False,False,False,False,False,False,False,False,False,False,False,False,False,False,False,False,False,False,False,False,False,False,False,False,False,False,False,False,False,False,False,False,False,False,False,1993920045,45,42,2,65,h,50.0,50.0,42,FirstHalf,Foul,Successful,[],[],1993920,2026-08-31T00:00:00,2026-08-31T19:30:00,5 : 2,5 : 2,2 : 1,,Spotify Camp Nou,95,,Andreas Christensen,,,,,,,,,False,,
True,False,True,False,False,True,True,False,False,False,False,False,False,True,True,True,False,False,False,False,False,False,False,False,False,False,False,False,False,False,False,False,False,False,False,False,False,False,False,False,False,False,False,False,False,False,False,False,False,False,False,False,False,False,False,False,False,False,False,False,False,False,False,False,False,False,False,False,False,False,False,False,False,False,False,False,False,False,False,False,False,False,False,False,False,False,False,False,False,False,False,False,False,False,False,False,False,False,False,False,False,False,False,False,False,False,False,False,False,False,False,False,False,False,False,False,False,False,False,False,False,False,False,False,False,False,False,False,False,False,False,False,False,False,False,False,False,False,False,False,False,False,False,False,False,False,False,False,False,False,False,False,False,False,False,False,False,False,False,False,False,False,False,False,False,1993920046,46,43,1,65,h,72.0,50.0,43,FirstHalf,MissedShots,Successful,[],[],1993920,2026-08-31T00:00:00,2026-08-31T19:30:00,5 : 2,5 : 2,2 : 1,,Spotify Camp Nou,95,,Anthony Gordon,,,,,,,78.0,50.0,False,RightFoot,OpenPlay
True,False,False,False,False,False,False,False,False,False,False,False,False,False,False,False,False,False,False,False,False,False,False,False,False,False,False,False,False,False,False,False,False,False,True,False,False,False,False,False,False,False,False,False,False,False,False,False,False,False,False,False,False,False,False,False,False,False,False,False,False,False,False,False,False,False,False,False,False,False,False,False,False,False,False,False,False,False,False,False,False,False,False,False,False,False,False,False,False,False,False,False,False,False,False,False,False,False,False,False,False,False,False,False,False,False,False,False,False,False,False,False,False,False,False,False,False,False,False,False,False,False,False,False,False,True,False,False,False,False,False,False,False,False,False,False,False,False,False,False,False,False,False,False,False,False,False,False,False,False,False,False,False,False,False,False,False,False,False,False,False,False,False,False,False,1993920047,47,43,2,65,h,99.5,0.5,43,FirstHalf,Pass,Successful,[],[],1993920,2026-08-31T00:00:00,2026-08-31T19:30:00,5 : 2,5 : 2,2 : 1,,Spotify Camp Nou,95,,,88.0,50.0,,,,,,,False,,
False,False,False,False,False,False,False,False,False,False,False,False,False,False,False,False,False,False,False,False,False,False,False,False,False,False,False,False,False,False,False,False,False,False,False,False,False,False,False,False,False,False,False,False,False,False,False,False,False,False,False,False,False,False,False,False,False,False,False,False,False,False,False,False,False,False,False,True,False,False,False,False,False,False,False,False,False,False,False,False,False,False,False,False,False,False,False,False,False,False,False,False,False,False,False,False,False,False,False,False,False,False,False,False,False,False,False,False,False,False,False,False,False,False,False,False,False,False,False,False,False,False,False,False,False,False,False,False,False,False,False,False,False,False,False,False,False,False,False,False,False,False,False,False,False,False,False,False,False,False,False,False,False,False,False,False,False,False,False,False,False,False,False,False,False,1993920048,48,44,1,64,a,50.0,50.0,44,FirstHalf,Foul,Successful,[],[],1993920,2026-08-31T00:00:00,2026-08-31T19:30:00,5 : 2,5 : 2,2 : 1,,Spotify Camp Nou,95,,Óscar Valentín,,,,,,,,,False,,
True,False,True,False,True,False,True,False,False,False,False,False,True,True,False,True,False,False,False,False,False,False,False,False,False,False,False,False,False,False,False,False,False,False,False,False,False,False,False,False,False,False,False,False,False,False,False,False,False,False,False,False,False,False,False,False,False,False,False,False,False,False,False,False,False,False,False,False,False,False,False,False,False,False,False,False,False,False,False,False,False,False,False,False,False,False,False,False,False,False,False,False,False,False,False,False,False,False,False,False,False,False,False,False,False,False,False,False,False,False,False,False,False,False,False,False,False,False,False,False,False,False,False,False,False,False,False,False,False,False,False,False,False,False,False,False,False,False,False,False,False,False,False,False,False,False,False,False,False,False,False,False,False,False,False,False,False,False,False,False,False,False,False,False,False,1993920049,49,45,1,65,h,88.0,50.0,45,FirstHalf,SavedShot,Successful,[],[],1993920,2026-08-31T00:00:00,2026-08-31T19:30:00,5 : 2,5 : 2,2 : 1,,Spotify Camp Nou,95,,Anthony Gordon,,,,,18.0,50.0,,,False,RightFoot,OpenPlay
True,False,False,False,False,False,False,False,False,False,False,False,False,False,False,False,False,False,False,False,False,False,False,False,False,False,False,False,False,False,False,False,False,False,False,False,False,False,False,False,False,False,False,False,False,False,False,False,False,False,False,False,False,False,False,False,False,False,False,False,False,False,False,False,False,False,False,False,False,False,False,False,False,False,False,False,False,False,False,False,False,False,False,False,False,False,False,False,False,False,False,False,False,False,False,False,False,False,False,False,False,False,False,False,False,False,False,False,False,False,False,False,False,False,False,False,True,False,False,False,False,False,False,False,False,False,False,False,False,False,False,False,False,False,False,False,False,False,False,False,False,False,False,False,False,False,False,False,False,False,False,False,False,False,False,False,False,False,False,False,False,False,False,False,False,1993920050,50,45,1,64,a,1.5,50.0,45,FirstHalf,Save,Successful,[],[],1993920,2026-08-31T00:00:00,2026-08-31T19:30:00,5 : 2,5 : 2,2 : 1,,Spotify Camp Nou,95,,Dani Cárdenas,,,49.0,,,,,,False,,
False,False,False,False,False,False,False,False,False,False,False,False,False,False,False,False,False,False,False,False,False,False,False,False,False,False,False,False,False,False,False,False,False,False,False,False,False,False,False,False,False,False,False,False,False,False,False,False,False,False,False,False,False,False,False,False,False,False,False,False,False,False,False,False,True,False,False,False,False,False,False,False,False,False,False,False,False,False,False,False,False,False,False,False,False,False,False,False,False,False,False,False,False,False,False,False,False,False,False,False,False,False,False,False,False,False,False,False,False,False,False,False,False,False,False,False,False,False,False,False,False,False,False,False,False,False,False,False,False,False,False,False,False,False,False,False,False,False,False,False,False,False,False,False,False,False,False,False,False,False,False,False,False,False,False,False,False,False,False,False,False,False,False,False,False,1993920051,51,45,3,65,h,85.0,50.0,45,FirstHalf,OffsideGiven,Successful,[],[],1993920,2026-08-31T00:00:00,2026-08-31T19:30:00,5 : 2,5 : 2,2 : 1,,Spotify Camp Nou,95,,Jules Koundé,,,,,,,,,False,,
False,False,False,False,False,False,False,False,False,False,False,False,False,False,False,False,False,False,False,False,False,False,False,False,False,False,False,False,False,False,False,False,False,False,False,False,False,False,False,False,False,False,False,False,False,False,False,False,False,False,False,False,False,False,False,False,False,False,False,False,False,False,False,False,True,False,False,False,False,False,False,False,False,False,False,False,False,False,False,False,False,False,False,False,False,False,False,False,False,False,False,False,False,False,False,False,False,False,False,False,False,False,False,False,False,False,False,False,False,False,False,False,False,False,False,False,False,False,False,False,False,False,False,False,False,False,False,False,False,False,False,False,False,False,False,False,False,False,False,False,False,False,False,False,False,False,False,False,False,False,False,False,False,False,False,False,False,False,False,False,False,False,False,False,False,1993920052,52,47,1,64,a,85.0,50.0,47,SecondHalf,OffsideGiven,Successful,[],[],1993920,2026-08-31T00:00:00,2026-08-31T19:30:00,5 : 2,5 : 2,2 : 1,,Spotify Camp Nou,95,,Iván Balliu,,,,,,,,,False,,
True,False,True,False,False,True,True,False,False,False,True,False,False,True,False,False,True,False,False,False,False,False,False,False,False,False,False,False,False,False,False,False,False,False,False,False,False,False,False,False,False,False,False,False,False,False,False,False,False,False,False,False,False,False,False,False,False,False,False,False,False,False,False,False,False,False,False,False,False,False,False,False,False,False,False,False,False,False,False,False,False,False,False,False,False,False,False,False,True,False,False,True,False,False,False,False,False,False,False,False,False,False,False,False,False,False,False,False,False,False,False,False,False,False,False,False,False,False,False,False,False,False,False,False,False,False,False,False,False,False,False,False,False,False,False,False,False,False,False,False,False,False,False,False,False,False,False,False,False,False,False,False,False,False,False,False,False,False,False,False,False,False,False,False,False,1993920053,53,48,1,65,h,72.0,50.0,48,SecondHalf,MissedShots,Successful,[],[],1993920,2026-08-31T00:00:00,2026-08-31T19:30:00,5 : 2,5 : 2,2 : 1,,Spotify Camp Nou,95,,Lamine Yamal,,,,,,,,,False,LeftFoot,OpenPlay
False,False,False,False,False,False,False,False,False,False,False,False,False,False,False,False,False,False,False,False,False,False,False,False,False,False,False,False,False,False,False,False,False,False,False,False,False,False,False,False,False,False,False,False,False,False,False,False,False,False,False,False,False,False,False,False,False,False,False,False,False,False,False,False,False,False,False,True,False,False,False,False,False,False,False,False,False,False,False,False,False,False,False,False,False,False,False,False,False,False,False,False,False,False,False,False,False,False,False,False,False,False,False,False,False,False,False,False,False,False,False,False,False,False,False,False,False,False,False,False,False,False,False,False,False,False,False,False,False,False,False,False,False,False,False,False,False,False,False,False,False,False,False,False,False,False,False,False,False,False,False,False,False,False,False,False,False,False,False,False,False,False,False,False,False,1993920054,54,49,1,64,a,50.0,50.0,49,SecondHalf,Foul,Successful,[],[],1993920,2026-08-31T00:00:00,2026-08-31T19:30:00,5 : 2,5 : 2,2 : 1,,Spotify Camp Nou,95,,Florian Lejeune,,,,,,,,,False,,
False,True,False,False,False,False,False,False,False,False,False,False,False,False,False,False,False,False,False,False,False,False,False,False,False,False,True,False,False,False,False,False,False,False,False,False,False,False,False,False,False,False,False,False,False,False,False,False,False,False,False,False,False,False,False,False,False,False,False,False,False,False,False,False,False,False,False,False,False,False,False,False,False,False,False,False,False,False,False,False,False,False,False,False,False,False,False,False,False,False,False,False,False,False,False,False,False,False,False,False,False,False,False,False,False,False,False,False,False,False,False,False,False,False,False,False,False,False,False,False,False,False,False,False,False,False,False,False,False,False,False,False,False,False,False,False,False,False,False,False,False,False,False,False,False,False,False,False,False,False,False,False,False,False,False,False,False,False,False,False,False,False,False,False,False,1993920055,55,51,1,64,a,8.0,50.0,51,SecondHalf,Goal,Successful,[],[],1993920,2026-08-31T00:00:00,2026-08-31T19:30:00,5 : 2,5 : 2,2 : 1,,Spotify Camp Nou,95,,Florian Lejeune,,,,,,,,,False,,OpenPlay
False,False,False,False,False,False,False,False,False,False,False,False,False,False,False,False,False,False,False,False,False,False,False,False,False,False,False,False,False,False,False,False,False,False,False,False,False,False,False,False,False,False,False,False,False,False,False,False,False,False,False,False,False,False,False,False,False,False,False,False,False,False,False,False,False,False,False,True,False,False,False,False,False,False,False,False,False,False,False,False,False,False,False,False,False,False,False,False,False,False,False,False,False,False,False,False,False,False,False,False,False,False,False,False,False,False,False,False,False,False,False,False,False,False,False,False,False,False,False,False,False,False,False,False,False,False,False,False,False,False,False,False,False,False,False,False,False,False,False,False,False,False,False,False,False,False,False,False,False,False,False,False,False,False,False,False,False,False,False,False,False,False,False,False,False,1993920056,56,55,2,65,h,50.0,50.0,55,SecondHalf,Foul,Successful,[],[],1993920,2026-08-31T00:00:00,2026-08-31T19:30:00,5 : 2,5 : 2,2 : 1,,Spotify Camp Nou,95,,Marc Bernal,,,,,,,,,False,,
False,False,False,False,False,False,False,False,False,False,False,False,False,False,False,False,False,False,False,False,False,False,False,False,False,False,False,False,False,False,False,False,False,False,False,False,False,False,False,False,False,False,False,False,False,False,False,False,False,False,False,False,False,False,False,False,False,False,False,False,False,False,False,False,True,False,False,False,False,False,False,False,False,False,False,False,False,False,False,False,False,False,False,False,False,False,False,False,False,False,False,False,False,False,False,False,False,False,False,False,False,False,False,False,False,False,False,False,False,False,False,False,False,False,False,False,False,False,False,False,False,False,False,False,False,False,False,False,False,False,False,False,False,False,False,False,False,False,False,False,False,False,False,False,False,False,False,False,False,False,False,False,False,False,False,False,False,False,False,False,False,False,False,False,False,1993920057,57,56,1,64,a,85.0,50.0,56,SecondHalf,OffsideGiven,Successful,[],[],1993920,2026-08-31T00:00:00,2026-08-31T19:30:00,5 : 2,5 : 2,2 : 1,,Spotify Camp Nou,95,,Jorge de Frutos,,,,,,,,,False,,
False,False,False,False,False,False,False,False,False,False,False,False,False,False,False,False,False,False,False,False,False,False,False,False,False,False,False,False,False,False,False,False,False,False,False,False,False,False,False,False,False,False,False,False,False,False,False,False,False,False,False,False,False,False,False,False,False,False,False,False,False,False,False,False,False,False,False,False,False,False,False,False,False,False,False,False,False,False,False,False,False,False,False,False,False,False,False,False,False,False,False,False,False,False,False,False,False,False,False,False,False,False,False,False,False,False,False,False,False,False,False,False,False,False,False,False,False,False,False,False,False,False,False,False,False,False,False,False,False,False,False,False,False,False,False,False,False,False,False,False,False,False,False,False,False,False,False,False,False,False,False,False,False,False,False,False,False,False,False,True,False,False,False,False,False,1993920058,58,57,1,64,a,50.0,50.0,57,SecondHalf,SubstitutionOn,Successful,[],[],1993920,2026-08-31T00:00:00,2026-08-31T19:30:00,5 : 2,5 : 2,2 : 1,,Spotify Camp Nou,95,,Pedro Díaz,,,,,,,,,False,,
False,False,False,False,False,False,False,False,False,False,False,False,False,False,False,False,False,False,False,False,False,False,False,False,False,False,False,False,False,False,False,False,False,False,False,False,False,False,False,False,False,False,False,False,False,False,False,False,False,False,False,False,False,False,False,False,False,False,False,False,False,False,False,False,False,False,False,False,False,False,False,False,False,False,False,False,False,False,False,False,False,False,False,False,False,False,False,False,False,False,False,False,False,False,False,False,False,False,False,False,False,False,False,False,False,False,False,False,False,False,False,False,False,False,False,False,False,False,False,False,False,False,False,False,False,False,False,False,False,False,False,False,False,False,False,False,False,False,False,False,False,False,False,False,False,False,False,False,False,False,False,False,False,False,False,False,False,False,False,False,True,False,False,False,False,1993920059,59,57,1,64,a,50.0,50.0,57,SecondHalf,SubstitutionOff,Successful,[],[],1993920,2026-08-31T00:00:00,2026-08-31T19:30:00,5 : 2,5 : 2,2 : 1,,Spotify Camp Nou,95,,Gnangoro,,,,,,,,,False,,
False,False,False,False,False,False,False,False,False,False,False,False,False,False,False,False,False,False,False,False,False,False,False,False,False,False,False,False,False,False,False,False,False,False,False,False,False,False,False,False,False,False,False,False,False,False,False,False,False,False,False,False,False,False,False,False,False,False,False,False,False,False,False,False,False,False,False,False,False,False,False,False,False,False,False,False,False,False,False,False,False,False,False,False,False,False,False,False,False,False,False,False,False,False,False,False,False,False,False,False,False,False,False,False,False,False,False,False,False,False,False,False,False,False,False,False,False,False,False,False,False,False,False,False,False,False,False,False,False,False,False,False,False,False,False,False,False,False,False,False,False,False,False,False,False,False,False,False,False,False,False,False,False,False,False,False,False,False,False,True,False,False,False,False,False,1993920060,60,57,2,64,a,50.0,50.0,57,SecondHalf,SubstitutionOn,Successful,[],[],1993920,2026-08-31T00:00:00,2026-08-31T19:30:00,5 : 2,5 : 2,2 : 1,,Spotify Camp Nou,95,,Fran Pérez,,,,,,,,,False,,
False,False,False,False,False,False,False,False,False,False,False,False,False,False,False,False,False,False,False,False,False,False,False,False,False,False,False,False,False,False,False,False,False,False,False,False,False,False,False,False,False,False,False,False,False,False,False,False,False,False,False,False,False,False,False,False,False,False,False,False,False,False,False,False,False,False,False,False,False,False,False,False,False,False,False,False,False,False,False,False,False,False,False,False,False,False,False,False,False,False,False,False,False,False,False,False,False,False,False,False,False,False,False,False,False,False,False,False,False,False,False,False,False,False,False,False,False,False,False,False,False,False,False,False,False,False,False,False,False,False,False,False,False,False,False,False,False,False,False,False,False,False,False,False,False,False,False,False,False,False,False,False,False,False,False,False,False,False,False,False,True,False,False,False,False,1993920061,61,57,2,64,a,50.0,50.0,57,SecondHalf,SubstitutionOff,Successful,[],[],1993920,2026-08-31T00:00:00,2026-08-31T19:30:00,5 : 2,5 : 2,2 : 1,,Spotify Camp Nou,95,,Jorge de Frutos,,,,,,,,,False,,
True,False,False,False,False,False,False,False,False,False,False,False,False,False,False,False,False,False,False,False,False,False,False,False,False,False,False,False,False,False,False,False,False,False,True,False,False,False,False,False,False,False,False,False,False,False,False,False,False,False,False,False,False,False,False,False,False,False,False,False,False,False,False,False,False,False,False,False,False,False,False,False,False,False,False,False,False,False,False,False,False,False,False,False,False,False,False,False,False,False,False,False,False,False,False,False,False,False,False,False,False,False,False,False,False,False,False,False,False,False,False,False,False,False,False,False,False,False,False,False,False,False,False,False,False,True,False,False,False,False,False,False,False,False,False,False,False,False,False,False,False,False,False,False,False,False,False,False,False,False,False,False,False,False,False,False,False,False,False,False,False,False,False,False,False,1993920062,62,58,1,64,a,99.5,0.5,58,SecondHalf,Pass,Successful,[],[],1993920,2026-08-31T00:00:00,2026-08-31T19:30:00,5 : 2,5 : 2,2 : 1,,Spotify Camp Nou,95,,,88.0,50.0,,,,,,,False,,
True,False,False,False,False,False,False,False,False,False,False,False,False,False,False,False,False,False,False,False,False,False,False,False,False,False,False,False,False,False,False,False,False,True,True,True,False,False,False,False,False,False,False,True,True,True,False,False,False,False,True,True,False,False,False,False,False,False,False,False,False,False,False,False,False,False,False,False,False,False,False,False,False,False,False,False,False,False,False,False,False,False,False,False,False,False,False,False,False,False,False,False,False,False,False,True,False,False,False,False,False,False,False,True,False,False,False,False,False,False,False,False,False,False,False,False,False,False,False,False,True,False,False,False,False,False,True,False,False,False,False,False,False,False,False,False,False,False,False,False,False,False,False,False,False,False,False,False,False,False,False,False,False,False,False,False,False,False,False,False,False,False,False,False,False,1993920063,63,59,1,64,a,76.0,50.0,59,SecondHalf,Pass,Successful,[],[],1993920,2026-08-31T00:00:00,2026-08-31T19:30:00,5 : 2,5 : 2,2 : 1,,Spotify Camp Nou,95,,Unai López,88.0,50.0,,,,,,,False,Head,FromCorner
True,True,True,False,True,False,False,False,True,False,False,False,True,True,False,False,False,True,False,False,True,False,True,False,False,False,False,True,False,False,True,False,False,False,False,False,False,False,False,False,False,False,False,False,False,False,False,False,False,False,False,False,False,False,False,False,False,False,False,False,False,False,False,False,False,False,False,False,False,False,False,False,False,False,False,False,False,False,False,False,False,False,False,False,False,False,False,False,False,False,False,False,False,False,False,False,False,False,False,False,False,False,False,False,False,False,False,False,False,False,False,False,False,False,False,False,False,False,False,False,False,False,False,False,False,False,False,False,False,False,False,False,False,False,False,False,False,False,False,False,False,False,False,False,False,False,False,False,False,False,False,False,False,False,False,False,False,False,False,False,False,False,False,False,False,1993920064,64,59,1,64,a,88.0,50.0,59,SecondHalf,Goal,Successful,[],[],1993920,2026-08-31T00:00:00,2026-08-31T19:30:00,5 : 2,5 : 2,2 : 1,,Spotify Camp Nou,95,,Sergio Camello,,,63.0,,8.0,46.2,,,False,Head,FromCorner
False,False,False,False,False,False,False,False,False,False,False,False,False,False,False,False,False,False,False,False,False,False,False,False,False,False,False,False,False,False,False,False,False,False,False,False,False,False,False,False,False,False,False,False,False,False,False,False,False,False,False,False,False,False,False,False,False,False,False,False,False,False,False,False,False,False,False,True,False,False,False,False,False,False,False,False,False,False,False,False,False,False,False,False,False,False,False,False,False,False,False,False,False,False,False,False,False,False,False,False,False,False,False,False,False,False,False,False,False,False,False,False,False,False,False,False,False,False,False,False,False,False,False,False,False,False,False,False,False,False,False,False,False,False,False,False,False,False,False,False,False,False,False,False,False,False,False,False,False,False,False,False,False,False,False,False,False,False,False,False,False,False,False,False,False,1993920065,65,60,2,65,h,50.0,50.0,60,SecondHalf,Foul,Successful,[],[],1993920,2026-08-31T00:00:00,2026-08-31T19:30:00,5 : 2,5 : 2,2 : 1,,Spotify Camp Nou,95,,Jules Koundé,,,,,,,,,False,,
True,False,True,False,True,False,True,False,False,False,True,False,False,True,False,True,False,False,False,False,False,False,False,False,False,False,False,False,False,False,False,False,False,False,False,False,False,False,False,False,False,False,False,False,False,False,False,False,False,False,False,False,False,False,False,False,False,False,False,False,False,False,False,False,False,False,False,False,False,False,False,False,False,False,False,False,False,False,False,False,False,False,False,False,False,False,False,False,False,False,False,True,True,False,False,False,False,False,False,False,False,False,False,False,False,False,False,False,False,False,False,False,False,False,False,False,False,False,False,False,False,False,False,False,False,False,False,False,False,False,False,False,False,False,False,False,False,False,False,False,False,False,False,False,False,False,False,False,False,False,False,False,False,False,False,False,False,False,False,False,False,False,False,False,False,1993920066,66,61,1,64,a,88.0,22.0,61,SecondHalf,MissedShots,Successful,[],[],1993920,2026-08-31T00:00:00,2026-08-31T19:30:00,5 : 2,5 : 2,2 : 1,,Spotify Camp Nou,95,,Fran Pérez,,,,,,,,,False,RightFoot,OpenPlay
True,False,True,False,True,False,True,False,False,False,False,False,False,True,True,True,False,False,False,False,False,False,False,False,False,False,False,False,False,False,False,False,False,False,False,False,False,False,False,False,False,False,False,False,False,False,False,False,False,False,False,False,False,False,False,False,False,False,False,False,False,False,False,False,False,False,False,False,False,False,False,False,False,False,False,False,False,False,False,False,False,False,False,False,False,False,False,False,False,False,False,False,False,False,False,False,False,False,False,False,False,False,False,False,False,False,False,False,False,False,False,False,False,False,False,False,False,False,False,False,False,False,False,False,False,False,False,False,False,False,False,False,False,False,False,False,False,False,False,False,False,False,False,False,False,False,False,False,False,False,False,False,False,False,False,False,False,False,False,False,False,False,False,False,False,1993920067,67,61,2,64,a,88.0,50.0,61,SecondHalf,MissedShots,Successful,[],[],1993920,2026-08-31T00:00:00,2026-08-31T19:30:00,5 : 2,5 : 2,2 : 1,,Spotify Camp Nou,95,,Sergio Camello,,,,,,,94.0,50.0,False,RightFoot,OpenPlay
True,False,True,False,False,True,True,False,False,False,False,False,False,True,True,True,False,False,False,False,False,False,False,False,False,False,False,False,False,False,False,False,False,False,False,False,False,False,False,False,False,False,False,False,False,False,False,False,False,False,False,False,False,False,False,False,False,False,False,False,False,False,False,False,False,False,False,False,False,False,False,False,False,False,False,False,False,False,False,False,False,False,False,False,False,False,False,False,False,False,False,False,False,False,False,False,False,False,False,False,False,False,False,False,False,False,False,False,False,False,False,False,False,False,False,False,False,False,False,False,False,False,False,False,False,False,False,False,False,False,False,False,False,False,False,False,False,False,False,False,False,False,False,False,False,False,False,False,False,False,False,False,False,False,False,False,False,False,False,False,False,False,False,False,False,1993920068,68,62,1,64,a,72.0,50.0,62,SecondHalf,MissedShots,Successful,[],[],1993920,2026-08-31T00:00:00,2026-08-31T19:30:00,5 : 2,5 : 2,2 : 1,,Spotify Camp Nou,95,,Sergio Camello,,,,,,,78.0,50.0,False,RightFoot,OpenPlay
False,False,False,False,False,False,False,False,False,False,False,False,False,False,False,False,False,False,False,False,False,False,False,False,False,False,False,False,False,False,False,False,False,False,False,False,False,False,False,False,False,False,False,False,False,False,False,False,False,False,False,False,False,False,False,False,False,False,False,False,False,False,False,False,False,False,False,False,False,False,False,False,False,False,False,False,False,False,False,False,False,False,False,False,False,False,False,False,False,False,False,False,False,False,False,False,False,False,False,False,False,False,False,False,False,False,False,False,False,False,False,False,False,False,False,False,False,False,False,False,False,False,False,False,False,False,False,False,False,False,False,False,False,False,False,False,False,False,False,False,False,False,False,False,False,False,False,False,False,False,False,False,False,False,False,False,False,False,False,True,False,False,False,False,False,1993920069,69,64,1,65,h,50.0,50.0,64,SecondHalf,SubstitutionOn,Successful,[],[],1993920,2026-08-31T00:00:00,2026-08-31T19:30:00,5 : 2,5 : 2,2 : 1,,Spotify Camp Nou,95,,Fermín López,,,,,,,,,False,,
False,False,False,False,False,False,False,False,False,False,False,False,False,False,False,False,False,False,False,False,False,False,False,False,False,False,False,False,False,False,False,False,False,False,False,False,False,False,False,False,False,False,False,False,False,False,False,False,False,False,False,False,False,False,False,False,False,False,False,False,False,False,False,False,False,False,False,False,False,False,False,False,False,False,False,False,False,False,False,False,False,False,False,False,False,False,False,False,False,False,False,False,False,False,False,False,False,False,False,False,False,False,False,False,False,False,False,False,False,False,False,False,False,False,False,False,False,False,False,False,False,False,False,False,False,False,False,False,False,False,False,False,False,False,False,False,False,False,False,False,False,False,False,False,False,False,False,False,False,False,False,False,False,False,False,False,False,False,False,False,True,False,False,False,False,1993920070,70,64,1,65,h,50.0,50.0,64,SecondHalf,SubstitutionOff,Successful,[],[],1993920,2026-08-31T00:00:00,2026-08-31T19:30:00,5 : 2,5 : 2,2 : 1,,Spotify Camp Nou,95,,Dani Olmo,,,,,,,,,False,,
False,False,False,False,False,False,False,False,False,False,False,False,False,False,False,False,False,False,False,False,False,False,False,False,False,False,False,False,False,False,False,False,False,False,False,False,False,False,False,False,False,False,False,False,False,False,False,False,False,False,False,False,False,False,False,False,False,False,False,False,False,False,False,False,False,False,False,False,False,False,False,False,False,False,False,False,False,False,False,False,False,False,False,False,False,False,False,False,False,False,False,False,False,False,False,False,False,False,False,False,False,False,False,False,False,False,False,False,False,False,False,False,False,False,False,False,False,False,False,False,False,False,False,False,False,False,False,False,False,False,False,False,False,False,False,False,False,False,False,False,False,False,False,False,False,False,False,False,False,False,False,False,False,False,False,False,False,False,False,True,False,False,False,False,False,1993920071,71,64,2,65,h,50.0,50.0,64,SecondHalf,SubstitutionOn,Successful,[],[],1993920,2026-08-31T00:00:00,2026-08-31T19:30:00,5 : 2,5 : 2,2 : 1,,Spotify Camp Nou,95,,Rodri,,,,,,,,,False,,
False,False,False,False,False,False,False,False,False,False,False,False,False,False,False,False,False,False,False,False,False,False,False,False,False,False,False,False,False,False,False,False,False,False,False,False,False,False,False,False,False,False,False,False,False,False,False,False,False,False,False,False,False,False,False,False,False,False,False,False,False,False,False,False,False,False,False,False,False,False,False,False,False,False,False,False,False,False,False,False,False,False,False,False,False,False,False,False,False,False,False,False,False,False,False,False,False,False,False,False,False,False,False,False,False,False,False,False,False,False,False,False,False,False,False,False,False,False,False,False,False,False,False,False,False,False,False,False,False,False,False,False,False,False,False,False,False,False,False,False,False,False,False,False,False,False,False,False,False,False,False,False,False,False,False,False,False,False,False,False,True,False,False,False,False,1993920072,72,64,2,65,h,50.0,50.0,64,SecondHalf,SubstitutionOff,Successful,[],[],1993920,2026-08-31T00:00:00,2026-08-31T19:30:00,5 : 2,5 : 2,2 : 1,,Spotify Camp Nou,95,,Marc Bernal,,,,,,,,,False,,
True,False,True,False,True,False,True,False,False,False,False,False,False,True,True,True,False,False,False,False,False,False,False,False,False,False,False,False,False,False,False,False,False,False,False,False,False,False,False,False,False,False,False,False,False,False,False,False,False,False,False,False,False,False,False,False,False,False,False,False,False,False,False,False,False,False,False,False,False,False,False,False,False,False,False,False,False,False,False,False,False,False,False,False,False,False,False,False,False,False,False,False,False,False,False,False,False,False,False,False,False,False,False,False,False,False,False,False,False,False,False,False,False,False,False,False,False,False,False,False,False,False,False,False,False,False,False,False,False,False,False,False,False,False,False,False,False,False,False,False,False,False,False,False,False,False,False,False,False,False,False,False,False,False,False,False,False,False,False,False,False,False,False,False,False,1993920073,73,65,1,65,h,88.0,22.0,65,SecondHalf,MissedShots,Successful,[],[],1993920,2026-08-31T00:00:00,2026-08-31T19:30:00,5 : 2,5 : 2,2 : 1,,Spotify Camp Nou,95,,Lamine Yamal,,,,,,,94.0,22.0,False,RightFoot,OpenPlay
True,False,True,False,True,False,True,False,False,False,True,False,False,True,False,False,False,True,False,False,False,False,False,False,False,False,False,False,False,False,False,False,False,False,False,False,False,False,False,False,False,False,False,False,False,False,False,False,False,False,False,False,False,False,False,False,False,False,False,False,False,False,False,False,False,False,False,False,False,False,False,False,False,False,False,False,False,False,False,False,False,False,False,False,False,False,False,False,True,False,False,False,False,False,False,False,False,False,False,False,False,False,False,False,False,False,False,False,False,False,False,False,False,False,False,False,False,False,False,False,False,False,False,False,False,False,False,False,False,False,False,False,False,False,False,False,False,False,False,False,False,False,False,False,False,False,False,False,False,False,False,False,False,False,False,False,False,False,False,False,False,False,False,False,False,1993920074,74,65,2,65,h,88.0,50.0,65,SecondHalf,MissedShots,Successful,[],[],1993920,2026-08-31T00:00:00,2026-08-31T19:30:00,5 : 2,5 : 2,2 : 1,,Spotify Camp Nou,95,,Xavi Espart,,,,,,,,,False,Head,OpenPlay
True,False,False,False,False,False,False,False,False,False,False,False,False,False,False,False,False,False,False,False,False,False,False,False,False,False,False,False,False,False,False,False,False,False,True,False,False,False,False,False,False,False,False,False,False,False,False,False,False,False,False,False,False,False,False,False,False,False,False,False,False,False,False,False,False,False,False,False,False,False,False,False,False,False,False,False,False,False,False,False,False,False,False,False,False,False,False,False,False,False,False,False,False,False,False,False,False,False,False,False,False,False,False,False,False,False,False,False,False,False,False,False,False,False,False,False,False,False,False,False,False,False,False,False,False,True,False,False,False,False,False,False,False,False,False,False,False,False,False,False,False,False,False,False,False,False,False,False,False,False,False,False,False,False,False,False,False,False,False,False,False,False,False,False,False,1993920075,75,67,1,64,a,99.5,0.5,67,SecondHalf,Pass,Successful,[],[],1993920,2026-08-31T00:00:00,2026-08-31T19:30:00,5 : 2,5 : 2,2 : 1,,Spotify Camp Nou,95,,,88.0,50.0,,,,,,,False,,
True,False,True,False,True,False,True,False,False,False,False,False,False,True,True,True,False,False,False,False,False,False,False,False,False,False,False,False,False,False,False,False,False,False,False,False,False,False,False,False,False,False,False,False,False,False,False,False,False,False,False,False,False,False,False,False,False,False,False,False,False,False,False,False,False,False,False,False,False,False,False,False,False,False,False,False,False,False,False,False,False,False,False,False,False,False,False,False,False,False,False,False,False,False,False,False,False,False,False,False,False,False,False,False,False,False,False,False,False,False,False,False,False,False,False,False,False,False,False,False,False,False,False,False,False,False,False,False,False,False,False,False,False,False,False,False,False,False,False,False,False,False,False,False,False,False,False,False,False,False,False,False,False,False,False,False,False,False,False,False,False,False,False,False,False,1993920076,76,69,1,65,h,88.0,50.0,69,SecondHalf,MissedShots,Successful,[],[],1993920,2026-08-31T00:00:00,2026-08-31T19:30:00,5 : 2,5 : 2,2 : 1,,Spotify Camp Nou,95,,Fermín López,,,,,,,94.0,50.0,False,RightFoot,OpenPlay
True,False,True,False,True,False,True,False,False,False,True,False,False,True,False,False,True,False,False,False,False,False,False,False,False,False,False,False,False,False,False,False,False,False,False,False,False,False,False,False,False,False,False,False,False,False,False,False,False,False,False,False,False,False,False,False,False,False,False,False,False,False,False,False,False,False,False,False,False,False,False,False,False,False,False,False,False,False,False,False,False,False,False,False,False,False,False,False,False,False,False,True,False,False,False,False,False,False,False,False,False,False,False,False,False,False,False,False,False,False,False,False,False,False,False,False,False,False,False,False,False,False,False,False,False,False,False,False,False,False,False,False,False,False,False,False,False,False,False,False,False,False,False,False,False,False,False,False,False,False,False,False,False,False,False,False,False,False,False,False,False,False,False,False,False,1993920077,77,69,2,65,h,88.0,50.0,69,SecondHalf,MissedShots,Successful,[],[],1993920,2026-08-31T00:00:00,2026-08-31T19:30:00,5 : 2,5 : 2,2 : 1,,Spotify Camp Nou,95,,Anthony Gordon,,,,,,,,,False,LeftFoot,OpenPlay
True,False,False,False,False,False,False,False,False,False,False,False,False,False,False,False,False,False,False,False,False,False,False,False,False,False,False,False,False,False,False,False,False,True,True,True,False,False,False,False,False,False,False,True,False,True,False,False,False,False,False,True,False,False,False,False,False,False,False,False,False,False,False,False,False,False,False,False,False,False,False,False,False,False,False,False,False,False,False,False,False,False,False,False,False,False,False,False,False,False,False,False,False,False,False,True,False,False,False,False,False,False,False,True,False,False,False,False,False,False,False,False,False,False,False,False,False,False,False,False,True,False,False,False,False,False,True,False,False,False,False,False,False,False,False,False,False,False,False,False,False,False,False,False,False,False,False,False,False,False,False,False,False,False,False,False,False,False,False,False,False,False,False,False,False,1993920078,78,71,1,65,h,76.0,78.0,71,SecondHalf,Pass,Successful,[],[],1993920,2026-08-31T00:00:00,2026-08-31T19:30:00,5 : 2,5 : 2,2 : 1,,Spotify Camp Nou,95,,Anthony Gordon,88.0,78.0,,,,,,,False,LeftFoot,FromCounter
True,True,True,False,True,False,False,True,False,False,False,False,True,True,False,False,True,False,False,False,True,False,False,True,False,False,False,True,False,True,False,False,False,False,False,False,False,False,False,False,False,False,False,False,False,False,False,False,False,False,False,False,False,False,False,False,False,False,False,False,False,False,False,False,False,False,False,False,False,False,False,False,False,False,False,False,False,False,False,False,False,False,False,False,False,False,False,False,False,False,False,False,False,False,False,False,False,False,False,False,False,False,False,False,False,False,False,False,False,False,False,False,False,False,False,False,False,False,False,False,False,False,False,False,False,False,False,False,False,False,False,False,False,False,False,False,False,False,False,False,False,False,False,False,False,False,False,False,False,False,False,False,False,False,False,False,False,False,False,False,False,False,False,False,False,1993920079,79,71,1,65,h,88.0,78.0,71,SecondHalf,Goal,Successful,[],[],1993920,2026-08-31T00:00:00,2026-08-31T19:30:00,5 : 2,5 : 2,2 : 1,,Spotify Camp Nou,95,,Raphinha,,,78.0,,8.0,53.8,,,False,LeftFoot,FromCounter
False,False,False,False,False,False,False,False,False,False,False,False,False,False,False,False,False,False,False,False,False,False,False,False,False,False,False,False,False,False,False,False,False,False,False,False,False,False,False,False,False,False,False,False,False,False,False,False,False,False,False,False,False,False,False,False,False,False,False,False,False,False,False,False,False,False,False,False,False,False,False,False,False,False,False,False,False,False,False,False,False,False,False,False,False,False,False,False,False,False,False,False,False,False,False,False,False,False,False,False,False,False,False,False,False,False,False,False,False,False,False,False,False,False,False,False,False,False,False,False,False,False,False,False,False,False,False,False,False,False,False,False,False,False,False,False,False,False,False,False,False,False,False,False,False,False,False,False,False,False,False,False,False,False,False,False,False,False,False,True,False,False,False,False,False,1993920080,80,75,1,64,a,50.0,50.0,75,SecondHalf,SubstitutionOn,Successful,[],[],1993920,2026-08-31T00:00:00,2026-08-31T19:30:00,5 : 2,5 : 2,2 : 1,,Spotify Camp Nou,95,,Alemão,,,,,,,,,False,,
False,False,False,False,False,False,False,False,False,False,False,False,False,False,False,False,False,False,False,False,False,False,False,False,False,False,False,False,False,False,False,False,False,False,False,False,False,False,False,False,False,False,False,False,False,False,False,False,False,False,False,False,False,False,False,False,False,False,False,False,False,False,False,False,False,False,False,False,False,False,False,False,False,False,False,False,False,False,False,False,False,False,False,False,False,False,False,False,False,False,False,False,False,False,False,False,False,False,False,False,False,False,False,False,False,False,False,False,False,False,False,False,False,False,False,False,False,False,False,False,False,False,False,False,False,False,False,False,False,False,False,False,False,False,False,False,False,False,False,False,False,False,False,False,False,False,False,False,False,False,False,False,False,False,False,False,False,False,False,False,True,False,False,False,False,1993920081,81,75,1,64,a,50.0,50.0,75,SecondHalf,SubstitutionOff,Successful,[],[],1993920,2026-08-31T00:00:00,2026-08-31T19:30:00,5 : 2,5 : 2,2 : 1,,Spotify Camp Nou,95,,Sergio Camello,,,,,,,,,False,,
False,False,False,False,False,False,False,False,False,False,False,False,False,False,False,False,False,False,False,False,False,False,False,False,False,False,False,False,False,False,False,False,False,False,False,False,False,False,False,False,False,False,False,False,False,False,False,False,False,False,False,False,False,False,False,False,False,False,False,False,False,False,False,False,False,False,False,False,False,False,False,False,False,False,False,False,False,False,False,False,False,False,False,False,False,False,False,False,False,False,False,False,False,False,False,False,False,False,False,False,False,False,False,False,False,False,False,False,False,False,False,False,False,False,False,False,False,False,False,False,False,False,False,False,False,False,False,False,False,False,False,False,False,False,False,False,False,False,False,False,False,False,False,False,False,False,False,False,False,False,False,False,False,False,False,False,False,False,False,True,False,False,False,False,False,1993920082,82,75,2,64,a,50.0,50.0,75,SecondHalf,SubstitutionOn,Successful,[],[],1993920,2026-08-31T00:00:00,2026-08-31T19:30:00,5 : 2,5 : 2,2 : 1,,Spotify Camp Nou,95,,Randy Nteka,,,,,,,,,False,,
False,False,False,False,False,False,False,False,False,False,False,False,False,False,False,False,False,False,False,False,False,False,False,False,False,False,False,False,False,False,False,False,False,False,False,False,False,False,False,False,False,False,False,False,False,False,False,False,False,False,False,False,False,False,False,False,False,False,False,False,False,False,False,False,False,False,False,False,False,False,False,False,False,False,False,False,False,False,False,False,False,False,False,False,False,False,False,False,False,False,False,False,False,False,False,False,False,False,False,False,False,False,False,False,False,False,False,False,False,False,False,False,False,False,False,False,False,False,False,False,False,False,False,False,False,False,False,False,False,False,False,False,False,False,False,False,False,False,False,False,False,False,False,False,False,False,False,False,False,False,False,False,False,False,False,False,False,False,False,False,True,False,False,False,False,1993920083,83,75,2,64,a,50.0,50.0,75,SecondHalf,SubstitutionOff,Successful,[],[],1993920,2026-08-31T00:00:00,2026-08-31T19:30:00,5 : 2,5 : 2,2 : 1,,Spotify Camp Nou,95,,Unai López,,,,,,,,,False,,
False,False,False,False,False,False,False,False,False,False,False,False,False,False,False,False,False,False,False,False,False,False,False,False,False,False,False,False,False,False,False,False,False,False,False,False,False,False,False,False,False,False,False,False,False,False,False,False,False,False,False,False,False,False,False,False,False,False,False,False,False,False,False,False,False,False,False,True,False,False,False,False,False,False,False,False,False,False,False,False,False,False,False,False,False,False,False,False,False,False,False,False,False,False,False,False,False,False,False,False,False,False,False,False,False,False,False,False,False,False,False,False,False,False,False,False,False,False,False,False,False,False,False,False,False,False,False,False,False,False,False,False,False,False,False,False,False,False,False,False,False,False,False,False,False,False,False,False,False,False,False,False,False,False,False,False,False,False,False,False,False,False,False,False,False,1993920084,84,76,2,65,h,50.0,50.0,76,SecondHalf,Foul,Successful,[],[],1993920,2026-08-31T00:00:00,2026-08-31T19:30:00,5 : 2,5 : 2,2 : 1,,Spotify Camp Nou,95,,Pau Cubarsí,,,,,,,,,False,,
False,False,False,False,False,False,False,False,False,False,False,False,False,False,False,False,False,False,False,False,False,False,False,False,False,False,False,False,False,False,False,False,False,False,False,False,False,False,False,False,False,False,False,False,False,False,False,False,False,False,False,False,False,False,False,False,False,False,False,False,False,False,False,False,False,False,False,False,False,False,False,False,False,False,False,False,False,False,False,False,False,False,False,False,False,False,False,False,False,False,False,False,False,False,False,False,False,False,False,False,False,False,False,False,False,False,False,False,False,False,False,False,False,False,False,False,False,False,False,False,False,False,False,False,False,False,False,False,False,False,False,False,False,False,False,False,False,False,False,False,False,False,False,False,False,False,False,False,False,False,False,False,False,False,False,False,False,False,False,True,False,False,False,False,False,1993920085,85,77,1,65,h,50.0,50.0,77,SecondHalf,SubstitutionOn,Successful,[],[],1993920,2026-08-31T00:00:00,2026-08-31T19:30:00,5 : 2,5 : 2,2 : 1,,Spotify Camp Nou,95,,João Cancelo,,,,,,,,,False,,
False,False,False,False,False,False,False,False,False,False,False,False,False,False,False,False,False,False,False,False,False,False,False,False,False,False,False,False,False,False,False,False,False,False,False,False,False,False,False,False,False,False,False,False,False,False,False,False,False,False,False,False,False,False,False,False,False,False,False,False,False,False,False,False,False,False,False,False,False,False,False,False,False,False,False,False,False,False,False,False,False,False,False,False,False,False,False,False,False,False,False,False,False,False,False,False,False,False,False,False,False,False,False,False,False,False,False,False,False,False,False,False,False,False,False,False,False,False,False,False,False,False,False,False,False,False,False,False,False,False,False,False,False,False,False,False,False,False,False,False,False,False,False,False,False,False,False,False,False,False,False,False,False,False,False,False,False,False,False,False,True,False,False,False,False,1993920086,86,77,1,65,h,50.0,50.0,77,SecondHalf,SubstitutionOff,Successful,[],[],1993920,2026-08-31T00:00:00,2026-08-31T19:30:00,5 : 2,5 : 2,2 : 1,,Spotify Camp Nou,95,,Pedri,,,,,,,,,False,,
False,False,False,False,False,False,False,False,False,False,False,False,False,False,False,False,False,False,False,False,False,False,False,False,False,False,False,False,False,False,False,False,False,False,False,False,False,False,False,False,False,False,False,False,False,False,False,False,False,False,False,False,False,False,False,False,False,False,False,False,False,False,False,False,False,False,False,False,False,False,False,False,False,False,False,False,False,False,False,False,False,False,False,False,False,False,False,False,False,False,False,False,False,False,False,False,False,False,False,False,False,False,False,False,False,False,False,False,False,False,False,False,False,False,False,False,False,False,False,False,False,False,False,False,False,False,False,False,False,False,False,False,False,False,False,False,False,False,False,False,False,False,False,False,False,False,False,False,False,False,False,False,False,False,False,False,False,False,False,True,False,False,False,False,False,1993920087,87,77,2,65,h,50.0,50.0,77,SecondHalf,SubstitutionOn,Successful,[],[],1993920,2026-08-31T00:00:00,2026-08-31T19:30:00,5 : 2,5 : 2,2 : 1,,Spotify Camp Nou,95,,Karim Adeyemi,,,,,,,,,False,,
False,False,False,False,False,False,False,False,False,False,False,False,False,False,False,False,False,False,False,False,False,False,False,False,False,False,False,False,False,False,False,False,False,False,False,False,False,False,False,False,False,False,False,False,False,False,False,False,False,False,False,False,False,False,False,False,False,False,False,False,False,False,False,False,False,False,False,False,False,False,False,False,False,False,False,False,False,False,False,False,False,False,False,False,False,False,False,False,False,False,False,False,False,False,False,False,False,False,False,False,False,False,False,False,False,False,False,False,False,False,False,False,False,False,False,False,False,False,False,False,False,False,False,False,False,False,False,False,False,False,False,False,False,False,False,False,False,False,False,False,False,False,False,False,False,False,False,False,False,False,False,False,False,False,False,False,False,False,False,False,True,False,False,False,False,1993920088,88,77,2,65,h,50.0,50.0,77,SecondHalf,SubstitutionOff,Successful,[],[],1993920,2026-08-31T00:00:00,2026-08-31T19:30:00,5 : 2,5 : 2,2 : 1,,Spotify Camp Nou,95,,Anthony Gordon,,,,,,,,,False,,
True,False,True,False,True,False,True,False,False,False,False,False,True,True,False,True,False,False,False,False,False,False,False,False,False,False,False,False,False,False,False,False,False,False,False,False,False,False,False,False,False,False,False,False,False,False,False,False,False,False,False,False,False,False,False,False,False,False,False,False,False,False,False,False,False,False,False,False,False,False,False,False,False,False,False,False,False,False,False,False,False,False,False,False,False,False,False,False,False,False,False,False,False,False,False,False,False,False,False,False,False,False,False,False,False,False,False,False,False,False,False,False,False,False,False,False,False,False,False,False,False,False,False,False,False,False,False,False,False,False,False,False,False,False,False,False,False,False,False,False,False,False,False,False,False,False,False,False,False,False,False,False,False,False,False,False,False,False,False,False,False,False,False,False,False,1993920089,89,79,1,65,h,88.0,50.0,79,SecondHalf,SavedShot,Successful,[],[],1993920,2026-08-31T00:00:00,2026-08-31T19:30:00,5 : 2,5 : 2,2 : 1,,Spotify Camp Nou,95,,Karim Adeyemi,,,,,18.0,50.0,,,False,RightFoot,OpenPlay
True,False,False,False,False,False,False,False,False,False,False,False,False,False,False,False,False,False,False,False,False,False,False,False,False,False,False,False,False,False,False,False,False,False,False,False,False,False,False,False,False,False,False,False,False,False,False,False,False,False,False,False,False,False,False,False,False,False,False,False,False,False,False,False,False,False,False,False,False,False,False,False,False,False,False,False,False,False,False,False,False,False,False,False,False,False,False,False,False,False,False,False,False,False,False,False,False,False,False,False,False,False,False,False,False,False,False,False,False,False,False,False,False,False,False,False,True,False,False,False,False,False,False,False,False,False,False,False,False,False,False,False,False,False,False,False,False,False,False,False,False,False,False,False,False,False,False,False,False,False,False,False,False,False,False,False,False,False,False,False,False,False,False,False,False,1993920090,90,79,1,64,a,1.5,50.0,79,SecondHalf,Save,Successful,[],[],1993920,2026-08-31T00:00:00,2026-08-31T19:30:00,5 : 2,5 : 2,2 : 1,,Spotify Camp Nou,95,,Dani Cárdenas,,,89.0,,,,,,False,,
True,False,True,False,False,True,True,False,False,False,True,False,False,True,False,True,False,False,False,False,False,False,False,False,False,False,False,False,False,False,False,False,False,False,False,False,False,False,False,False,False,False,False,False,False,False,False,False,False,False,False,False,False,False,False,False,False,False,False,False,False,False,False,False,False,False,False,False,False,False,False,False,False,False,False,False,False,False,False,False,False,False,False,False,False,False,False,False,False,False,False,True,True,False,False,False,False,False,False,False,False,False,False,False,False,False,False,False,False,False,False,False,False,False,False,False,False,False,False,False,False,False,False,False,False,False,False,False,False,False,False,False,False,False,False,False,False,False,False,False,False,False,False,False,False,False,False,False,False,False,False,False,False,False,False,False,False,False,False,False,False,False,False,False,False,1993920091,91,81,1,64,a,72.0,50.0,81,SecondHalf,MissedShots,Successful,[],[],1993920,2026-08-31T00:00:00,2026-08-31T19:30:00,5 : 2,5 : 2,2 : 1,,Spotify Camp Nou,95,,Florian Lejeune,,,,,,,,,False,RightFoot,OpenPlay
True,False,True,False,True,False,True,False,False,False,False,False,True,True,False,False,True,False,False,False,False,False,False,False,False,False,False,False,False,False,False,False,False,False,False,False,False,False,False,False,False,False,False,False,False,False,False,False,False,False,False,False,False,False,False,False,False,False,False,False,False,False,False,False,False,False,False,False,False,False,False,False,False,False,False,False,False,False,False,False,False,False,False,False,False,False,False,False,False,False,False,False,False,False,False,False,False,False,False,False,False,False,False,False,False,False,False,False,False,False,False,False,False,False,False,False,False,False,False,False,False,False,False,False,False,False,False,False,False,False,False,False,False,False,False,False,False,False,False,False,False,False,False,False,False,False,False,False,False,False,False,False,False,False,False,False,False,False,False,False,False,False,False,False,False,1993920092,92,82,1,64,a,88.0,50.0,82,SecondHalf,SavedShot,Successful,[],[],1993920,2026-08-31T00:00:00,2026-08-31T19:30:00,5 : 2,5 : 2,2 : 1,,Spotify Camp Nou,95,,Randy Nteka,,,,,18.0,50.0,,,False,LeftFoot,OpenPlay
True,False,False,False,False,False,False,False,False,False,False,False,False,False,False,False,False,False,False,False,False,False,False,False,False,False,False,False,False,False,False,False,False,False,False,False,False,False,False,False,False,False,False,False,False,False,False,False,False,False,False,False,False,False,False,False,False,False,False,False,False,False,False,False,False,False,False,False,False,False,False,False,False,False,False,False,False,False,False,False,False,False,False,False,False,False,False,False,False,False,False,False,False,False,False,False,False,False,False,False,False,False,False,False,False,False,False,False,False,False,False,False,False,False,False,False,True,False,False,False,False,False,False,False,False,False,False,False,False,False,False,False,False,False,False,False,False,False,False,False,False,False,False,False,False,False,False,False,False,False,False,False,False,False,False,False,False,False,False,False,False,False,False,False,False,1993920093,93,82,1,65,h,1.5,50.0,82,SecondHalf,Save,Successful,[],[],1993920,2026-08-31T00:00:00,2026-08-31T19:30:00,5 : 2,5 : 2,2 : 1,,Spotify Camp Nou,95,,Joan García,,,92.0,,,,,,False,,
False,False,False,False,False,False,False,False,False,False,False,False,False,False,False,False,False,False,False,False,False,False,False,False,False,False,False,False,False,False,False,False,False,False,False,False,False,False,False,False,False,False,False,False,False,False,False,False,False,False,False,False,False,False,False,False,False,False,False,False,False,False,False,False,False,False,False,True,False,False,False,False,False,False,False,False,False,False,False,False,False,False,False,False,False,False,False,False,False,False,False,False,False,False,False,False,False,False,False,False,False,False,False,False,False,False,False,False,False,False,False,False,False,False,False,False,False,False,False,False,False,False,False,False,False,False,False,False,False,False,False,False,False,False,False,False,False,False,False,False,False,False,False,False,False,False,False,False,False,False,False,False,False,False,False,False,False,False,False,False,False,False,False,False,False,1993920094,94,82,2,64,a,50.0,50.0,82,SecondHalf,Foul,Successful,[],[],1993920,2026-08-31T00:00:00,2026-08-31T19:30:00,5 : 2,5 : 2,2 : 1,,Spotify Camp Nou,95,,Pedro Díaz,,,,,,,,,False,,
False,False,False,False,False,False,False,False,False,False,False,False,False,False,False,False,False,False,False,False,False,False,False,False,False,False,False,False,False,False,False,False,False,False,False,False,False,False,False,False,False,False,False,False,False,False,False,False,False,False,False,False,False,False,False,False,False,False,False,False,False,False,False,False,False,False,False,True,False,False,False,False,False,False,False,False,False,False,False,False,False,False,False,False,False,False,False,False,False,False,False,False,False,False,False,False,False,False,False,False,False,False,False,False,False,False,False,False,False,False,False,False,False,False,False,False,False,False,False,False,False,False,False,False,False,False,False,False,False,False,False,False,False,False,False,False,False,False,False,False,False,False,False,False,False,False,False,False,False,False,False,False,False,False,False,False,False,False,False,False,False,False,False,False,False,1993920095,95,84,1,64,a,50.0,50.0,84,SecondHalf,Foul,Successful,[],[],1993920,2026-08-31T00:00:00,2026-08-31T19:30:00,5 : 2,5 : 2,2 : 1,,Spotify Camp Nou,95,,Adrià Pedrosa,,,,,,,,,False,,
True,False,True,False,False,True,True,False,False,False,True,False,False,True,False,True,False,False,False,False,False,False,False,False,False,False,False,False,False,False,False,False,False,False,False,False,False,False,False,False,False,False,False,False,False,False,False,False,False,False,False,False,False,False,False,False,False,False,False,False,False,False,False,False,False,False,False,False,False,False,False,False,False,False,False,False,False,False,False,False,False,False,False,False,False,False,False,False,True,False,False,False,True,False,False,False,False,False,False,False,False,False,False,False,False,False,False,False,False,False,False,False,False,False,False,False,False,False,False,False,False,False,False,False,False,False,False,False,False,False,False,False,False,False,False,False,False,False,False,False,False,False,False,False,False,False,False,False,False,False,False,False,False,False,False,False,False,False,False,False,False,False,False,False,False,1993920096,96,85,1,65,h,72.0,50.0,85,SecondHalf,MissedShots,Successful,[],[],1993920,2026-08-31T00:00:00,2026-08-31T19:30:00,5 : 2,5 : 2,2 : 1,,Spotify Camp Nou,95,,João Cancelo,,,,,,,,,False,RightFoot,OpenPlay
False,False,False,False,False,False,False,False,False,False,False,False,False,False,False,False,False,False,False,False,False,False,False,False,False,False,False,False,False,False,False,False,False,False,False,False,False,False,False,False,False,False,False,False,False,False,False,False,False,False,False,False,False,False,False,False,False,False,False,False,False,False,False,False,False,False,False,False,False,False,False,False,False,False,False,False,False,False,False,False,False,False,False,False,False,False,False,False,False,False,False,False,False,False,False,False,False,False,False,False,False,False,False,False,False,False,False,False,False,False,False,False,False,False,False,False,False,False,False,False,False,False,False,False,False,False,False,False,False,False,False,False,False,False,False,False,False,False,False,False,False,False,False,False,False,False,False,False,False,False,False,False,False,False,False,False,False,False,False,True,False,False,False,False,False,1993920097,97,86,1,65,h,50.0,50.0,86,SecondHalf,SubstitutionOn,Successful,[],[],1993920,2026-08-31T00:00:00,2026-08-31T19:30:00,5 : 2,5 : 2,2 : 1,,Spotify Camp Nou,95,,Hamza Abdelkarim,,,,,,,,,False,,
False,False,False,False,False,False,False,False,False,False,False,False,False,False,False,False,False,False,False,False,False,False,False,False,False,False,False,False,False,False,False,False,False,False,False,False,False,False,False,False,False,False,False,False,False,False,False,False,False,False,False,False,False,False,False,False,False,False,False,False,False,False,False,False,False,False,False,False,False,False,False,False,False,False,False,False,False,False,False,False,False,False,False,False,False,False,False,False,False,False,False,False,False,False,False,False,False,False,False,False,False,False,False,False,False,False,False,False,False,False,False,False,False,False,False,False,False,False,False,False,False,False,False,False,False,False,False,False,False,False,False,False,False,False,False,False,False,False,False,False,False,False,False,False,False,False,False,False,False,False,False,False,False,False,False,False,False,False,False,False,True,False,False,False,False,1993920098,98,86,1,65,h,50.0,50.0,86,SecondHalf,SubstitutionOff,Successful,[],[],1993920,2026-08-31T00:00:00,2026-08-31T19:30:00,5 : 2,5 : 2,2 : 1,,Spotify Camp Nou,95,,Raphinha,,,,,,,,,False,,
False,False,False,False,False,False,False,False,False,False,False,False,False,False,False,False,False,False,False,False,False,False,False,False,False,False,False,False,False,False,False,False,False,False,False,False,False,False,False,False,False,False,False,False,False,False,False,False,False,False,False,False,False,False,False,False,False,False,False,False,False,False,False,False,True,False,False,False,False,False,False,False,False,False,False,False,False,False,False,False,False,False,False,False,False,False,False,False,False,False,False,False,False,False,False,False,False,False,False,False,False,False,False,False,False,False,False,False,False,False,False,False,False,False,False,False,False,False,False,False,False,False,False,False,False,False,False,False,False,False,False,False,False,False,False,False,False,False,False,False,False,False,False,False,False,False,False,False,False,False,False,False,False,False,False,False,False,False,False,False,False,False,False,False,False,1993920099,99,86,2,64,a,85.0,50.0,86,SecondHalf,OffsideGiven,Successful,[],[],1993920,2026-08-31T00:00:00,2026-08-31T19:30:00,5 : 2,5 : 2,2 : 1,,Spotify Camp Nou,95,,Álvaro García,,,,,,,,,False,,
True,False,False,False,False,False,False,False,False,False,False,False,False,False,False,False,False,False,False,False,False,False,False,False,False,False,False,False,False,False,False,False,False,False,True,False,False,False,False,False,False,False,False,False,False,False,False,False,False,False,False,False,False,False,False,False,False,False,False,False,False,False,False,False,False,False,False,False,False,False,False,False,False,False,False,False,False,False,False,False,False,False,False,False,False,False,False,False,False,False,False,False,False,False,False,False,False,False,False,False,False,False,False,False,False,False,False,False,False,False,False,False,False,False,False,False,False,False,False,False,False,False,False,False,False,True,False,False,False,False,False,False,False,False,False,False,False,False,False,False,False,False,False,False,False,False,False,False,False,False,False,False,False,False,False,False,False,False,False,False,False,False,False,False,False,1993920100,100,89,1,64,a,99.5,0.5,89,SecondHalf,Pass,Successful,[],[],1993920,2026-08-31T00:00:00,2026-08-31T19:30:00,5 : 2,5 : 2,2 : 1,,Spotify Camp Nou,95,,,88.0,50.0,,,,,,,False,,
False,False,False,False,False,False,False,False,False,False,False,False,False,False,False,False,False,False,False,False,False,False,False,False,False,False,False,False,False,False,False,False,False,False,False,False,False,False,False,False,False,False,False,False,False,False,False,False,False,False,False,False,False,False,False,False,False,False,False,False,False,False,False,False,False,False,False,True,False,False,False,False,False,False,False,False,False,False,False,False,False,False,False,False,False,False,False,False,False,False,False,False,False,False,False,False,False,False,False,False,False,False,False,False,False,False,False,False,False,False,False,False,False,False,False,False,False,False,False,False,False,False,False,False,False,False,False,False,False,False,False,False,False,False,False,False,False,False,False,False,False,False,False,False,False,False,False,False,False,False,False,False,False,False,False,False,False,False,False,False,False,False,False,False,False,1993920101,101,90,1,64,a,50.0,50.0,90,SecondHalf,Foul,Successful,[],[],1993920,2026-08-31T00:00:00,2026-08-31T19:30:00,5 : 2,5 : 2,2 : 1,,Spotify Camp Nou,95,,Adrià Pedrosa,,,,,,,,,False,,
False,False,False,False,False,False,False,False,False,False,False,False,False,False,False,False,False,False,False,False,False,False,False,False,False,False,False,False,False,False,False,False,False,False,False,False,False,False,False,False,False,False,False,False,False,False,False,False,False,False,False,False,False,False,False,False,False,False,False,False,False,False,False,False,False,False,False,False,True,False,False,False,False,False,False,False,False,False,False,False,False,False,False,False,False,False,False,False,False,False,False,False,False,False,False,False,False,False,False,False,False,False,False,False,False,False,False,False,False,False,False,False,False,False,False,False,False,False,False,False,False,False,False,False,False,False,False,False,False,False,False,False,False,False,False,False,False,False,False,False,False,False,False,False,False,False,False,False,False,False,False,False,False,False,False,False,False,False,False,False,False,False,False,False,False,1993920102,102,90,3,64,a,50.0,50.0,90,SecondHalf,Card,Successful,[],[],1993920,2026-08-31T00:00:00,2026-08-31T19:30:00,5 : 2,5 : 2,2 : 1,,Spotify Camp Nou,95,,Adrià Pedrosa,,,,,,,,,Yellow,,
True,False,False,False,False,False,False,False,False,False,False,False,False,False,False,False,False,False,False,False,False,False,False,False,False,False,False,False,False,False,False,False,False,True,True,True,False,False,False,False,False,False,False,True,False,True,False,False,False,False,False,True,False,False,False,False,False,False,False,False,False,False,False,False,False,False,False,False,False,False,False,False,False,False,False,False,False,False,False,False,False,False,False,False,False,False,False,False,False,False,False,False,False,False,False,True,False,False,False,False,False,False,False,True,False,False,False,False,False,False,False,False,False,False,False,False,False,False,False,False,True,False,False,False,False,False,True,False,False,False,False,False,False,False,False,False,False,False,False,False,False,False,False,False,False,False,False,False,False,False,False,False,False,False,False,False,False,False,False,False,False,False,False,False,False,1993920103,103,90,4,65,h,60.0,50.0,90,SecondHalf,Pass,Successful,[],[],1993920,2026-08-31T00:00:00,2026-08-31T19:30:00,5 : 2,5 : 2,2 : 1,,Spotify Camp Nou,95,,Karim Adeyemi.,72.0,50.0,,,,,,,False,LeftFoot,FromCorner
True,True,True,False,False,True,False,False,True,False,False,False,True,True,False,False,True,False,False,False,False,True,True,False,False,False,False,True,False,True,False,False,False,False,False,False,False,False,False,False,False,False,False,False,False,False,False,False,False,False,False,False,False,False,False,False,False,False,False,False,False,False,False,False,False,False,False,False,False,False,False,False,False,False,False,False,False,False,False,False,False,False,False,False,False,False,False,False,False,False,False,False,False,False,False,False,False,False,False,False,False,False,False,False,False,False,False,False,False,False,False,False,False,False,False,False,False,False,False,False,False,False,False,False,False,False,False,False,False,False,False,False,False,False,False,False,False,False,False,False,False,False,False,False,False,False,False,False,False,False,False,False,False,False,False,False,False,False,False,False,False,False,False,False,False,1993920104,104,90,4,65,h,72.0,50.0,90,SecondHalf,Goal,Successful,[],[],1993920,2026-08-31T00:00:00,2026-08-31T19:30:00,5 : 2,5 : 2,2 : 1,,Spotify Camp Nou,95,,Lamine Yamal,,,103.0,,8.0,46.2,,,False,LeftFoot,FromCorner
True,False,True,False,True,False,False,False,True,False,False,False,True,True,False,True,False,False,False,False,False,False,False,False,False,False,False,False,False,False,False,False,False,False,False,False,False,False,False,False,False,False,False,False,False,False,False,False,False,False,False,False,False,False,False,False,False,False,False,False,False,False,False,False,False,False,False,False,False,False,False,False,False,False,False,False,False,False,False,False,False,False,False,False,False,False,False,False,False,False,False,False,False,False,False,False,False,False,False,False,False,False,False,False,False,False,False,False,False,False,False,False,False,False,False,False,False,False,False,False,False,False,False,False,False,False,False,False,False,False,False,False,False,False,False,False,False,False,False,False,False,False,False,False,False,False,False,False,False,False,False,False,False,False,False,False,False,False,False,False,False,False,False,False,False,1993920105,105,90,6,64,a,88.0,78.0,90,SecondHalf,SavedShot,Successful,[],[],1993920,2026-08-31T00:00:00,2026-08-31T19:30:00,5 : 2,5 : 2,2 : 1,,Spotify Camp Nou,95,,Alemão,,,,,8.0,53.8,,,False,RightFoot,FromCorner
True,False,False,False,False,False,False,False,False,False,False,False,False,False,False,False,False,False,False,False,False,False,False,False,False,False,False,False,False,False,False,False,False,False,False,False,False,False,False,False,False,False,False,False,False,False,False,False,False,False,False,False,False,False,False,False,False,False,False,False,False,False,False,False,False,False,False,False,False,False,False,False,False,False,False,False,False,False,False,False,False,False,False,False,False,False,False,False,False,False,False,False,False,False,False,False,False,False,False,False,False,False,False,False,False,False,False,False,False,False,False,False,False,False,False,False,True,False,False,False,False,False,False,False,False,False,False,False,False,False,False,False,False,False,False,False,False,False,False,False,False,False,False,False,False,False,False,False,False,False,False,False,False,False,False,False,False,False,False,False,False,False,False,False,False,1993920106,106,90,6,65,h,1.5,50.0,90,SecondHalf,Save,Successful,[],[],1993920,2026-08-31T00:00:00,2026-08-31T19:30:00,5 : 2,5 : 2,2 : 1,,Spotify Camp Nou,95,,Joan García,,,105.0,,,,,,False,,
True,False,False,False,False,False,False,False,False,False,False,False,False,False,False,False,False,False,False,False,False,False,False,False,False,False,False,False,False,False,False,False,False,False,True,False,False,False,False,False,False,False,False,False,False,False,False,False,False,False,False,False,False,False,False,False,False,False,False,False,False,False,False,False,False,False,False,False,False,False,False,False,False,False,False,False,False,False,False,False,False,False,False,False,False,False,False,False,False,False,False,False,False,False,False,False,False,False,False,False,False,False,False,False,False,False,False,False,False,False,False,False,False,False,False,False,False,False,False,False,False,False,False,False,False,True,False,False,False,False,False,False,False,False,False,False,False,False,False,False,False,False,False,False,False,False,False,False,False,False,False,False,False,False,False,False,False,False,False,False,False,False,False,False,False,1993920107,107,90,7,64,a,99.5,0.5,90,SecondHalf,Pass,Successful,[],[],1993920,2026-08-31T00:00:00,2026-08-31T19:30:00,5 : 2,5 : 2,2 : 1,,Spotify Camp Nou,95,,,88.0,50.0,,,,,,,False,,
True,False,True,False,True,False,False,False,True,False,True,False,False,True,False,False,False,True,False,False,False,False,False,False,False,False,False,False,False,False,False,False,False,False,False,False,False,False,False,False,False,False,False,False,False,False,False,False,False,False,False,False,False,False,False,False,False,False,False,False,False,False,False,False,False,False,False,False,False,False,False,False,False,False,False,False,False,False,False,False,False,False,False,False,False,False,False,False,False,False,False,True,False,False,False,False,False,False,False,False,False,False,False,False,False,False,False,False,False,False,False,False,False,False,False,False,False,False,False,False,False,False,False,False,False,False,False,False,False,False,False,False,False,False,False,False,False,False,False,False,False,False,False,False,False,False,False,False,False,False,False,False,False,False,False,False,False,False,False,False,False,False,False,False,False,1993920108,108,90,8,64,a,88.0,50.0,90,SecondHalf,MissedShots,Successful,[],[],1993920,2026-08-31T00:00:00,2026-08-31T19:30:00,5 : 2,5 : 2,2 : 1,,Spotify Camp Nou,95,,Florian Lejeune,,,,,,,,,False,Head,FromCorner
False,False,False,False,False,False,False,False,False,False,False,False,False,False,False,False,False,False,False,False,False,False,False,False,False,False,False,False,False,False,False,False,False,False,False,False,False,False,False,False,False,False,False,False,False,False,False,False,False,False,False,False,False,False,False,False,False,False,False,False,False,False,False,False,False,False,False,True,False,False,False,False,False,False,False,False,False,False,False,False,False,False,False,False,False,False,False,False,False,False,False,False,False,False,False,False,False,False,False,False,False,False,False,False,False,False,False,False,False,False,False,False,False,False,False,False,False,False,False,False,False,False,False,False,False,False,False,False,False,False,False,False,False,False,False,False,False,False,False,False,False,False,False,False,False,False,False,False,False,False,False,False,False,False,False,False,False,False,False,False,False,False,False,False,False,1993920109,109,90,9,64,a,50.0,50.0,90,SecondHalf,Foul,Successful,[],[],1993920,2026-08-31T00:00:00,2026-08-31T19:30:00,5 : 2,5 : 2,2 : 1,,Spotify Camp Nou,95,,Fran Pérez,,,,,,,,,False,,
