id,minute,second,period,playerName,playerId,teamId,h_a,x,y,endX,endY,outcomeType,passLength,passAngle,passDirection,passType,qualifiers
2944934227.0,0,0.0,FirstHalf,Hwang In-Beom,371030,1159,a,50.0,50.0,34.3,49.6,Successful,15.705094714773296,-178.54055064500773,Backward,Short,"[{""type"": ""Zone"", ""value"": ""Back""}, {""type"": ""PassEndX"", ""value"": ""34.3""}, {""type"": ""PassEndY"", ""value"": ""49.6""}, {""type"": ""Length"", ""value"": ""16.5""}, {""type"": ""Angle"", ""value"": ""3.16""}]"
2944934229.0,0,2.0,FirstHalf,Paik Seung-Ho,362786,1159,a,34.4,49.4,48.0,52.1,Successful,13.865424623862049,11.228891821538749,Forward,Short,"[{""type"": ""Zone"", ""value"": ""Back""}, {""type"": ""PassEndX"", ""value"": ""48.0""}, {""type"": ""PassEndY"", ""value"": ""52.1""}, {""type"": ""Length"", ""value"": ""14.4""}, {""type"": ""Angle"", ""value"": ""0.13""}]"
2944934231.0,0,2.0,FirstHalf,Hwang In-Beom,371030,1159,a,48.0,52.1,46.3,43.4,Successful,8.864536084872128,-101.05641298024821,Lateral,Short,"[{""type"": ""Zone"", ""value"": ""Back""}, {""type"": ""PassEndX"", ""value"": ""46.3""}, {""type"": ""PassEndY"", ""value"": ""43.4""}, {""type"": ""Length"", ""value"": ""6.2""}, {""type"": ""Angle"", ""value"": ""4.42""}]"
2944934233.0,0,4.0,FirstHalf,Lee Kang-In,367780,1159,a,49.7,43.1,77.9,67.2,Unsuccessful,37.09514793069304,40.51752894516293,Forward,Chipped,"[{""type"": ""Longball""}, {""type"": ""Zone"", ""value"": ""Center""}, {""type"": ""PassEndX"", ""value"": ""77.9""}, {""type"": ""PassEndY"", ""value"": ""67.2""}, {""type"": ""Chipped""}, {""type"": ""Length"", ""value"": ""33.8""}, {""type"": ""Angle"", ""value"": ""0.51""}]"
2944934235.0,0,5.0,FirstHalf,Edson Álvarez,322696,972,h,29.0,30.0,38.5,22.5,Successful,12.103718436910205,-38.29016319224307,Forward,Short,"[{""type"": ""Zone"", ""value"": ""Back""}, {""type"": ""PassEndX"", ""value"": ""38.5""}, {""type"": ""PassEndY"", ""value"": ""22.5""}, {""type"": ""Length"", ""value"": ""11.2""}, {""type"": ""Angle"", ""value"": ""5.81""}]"
2944934237.0,0,6.0,FirstHalf,Roberto Alvarado,447636,972,h,38.3,22.4,52.9,27.1,Unsuccessful,15.33786165017797,17.84429160827535,Forward,Short,"[{""type"": ""Zone"", ""value"": ""Center""}, {""type"": ""PassEndX"", ""value"": ""52.9""}, {""type"": ""PassEndY"", ""value"": ""27.1""}, {""type"": ""Length"", ""value"": ""15.7""}, {""type"": ""Angle"", ""value"": ""0.21""}]"
2944934243.0,0,9.0,FirstHalf,Lee Gi-Hyuk,447593,1159,a,48.1,70.4,59.3,95.9,Successful,27.851211822827384,66.28816540674013,Forward,Short,"[{""type"": ""Zone"", ""value"": ""Left""}, {""type"": ""PassEndX"", ""value"": ""59.3""}, {""type"": ""PassEndY"", ""value"": ""95.9""}, {""type"": ""Length"", ""value"": ""21.0""}, {""type"": ""Angle"", ""value"": ""0.97""}]"
2944934245.0,0,11.0,FirstHalf,Seol Young-Woo,477549,1159,a,60.5,91.7,58.1,78.8,Successful,13.121356637177428,-100.53918372862823,Lateral,Short,"[{""type"": ""Zone"", ""value"": ""Center""}, {""type"": ""PassEndX"", ""value"": ""58.1""}, {""type"": ""PassEndY"", ""value"": ""78.8""}, {""type"": ""Length"", ""value"": ""9.1""}, {""type"": ""Angle"", ""value"": ""4.43""}]"
2944934249.0,0,12.0,FirstHalf,Hwang In-Beom,371030,1159,a,58.1,78.8,68.0,82.2,Successful,10.467568963231148,18.954231699511205,Forward,Short,"[{""type"": ""Zone"", ""value"": ""Left""}, {""type"": ""PassEndX"", ""value"": ""68.0""}, {""type"": ""PassEndY"", ""value"": ""82.2""}, {""type"": ""Length"", ""value"": ""10.6""}, {""type"": ""Angle"", ""value"": ""0.22""}]"
2944934251.0,0,16.0,FirstHalf,Lee Jae-Sung,142959,1159,a,57.8,76.5,33.5,57.9,Successful,30.601470552899904,-142.56839702158945,Backward,Short,"[{""type"": ""Zone"", ""value"": ""Back""}, {""type"": ""PassEndX"", ""value"": ""33.5""}, {""type"": ""PassEndY"", ""value"": ""57.9""}, {""type"": ""Length"", ""value"": ""28.5""}, {""type"": ""Angle"", ""value"": ""3.60""}]"
2944934253.0,0,18.0,FirstHalf,Kim Min-Jae,370912,1159,a,35.6,55.1,42.6,20.9,Successful,34.909024621149186,-78.4325601384009,Forward,Short,"[{""type"": ""Zone"", ""value"": ""Back""}, {""type"": ""PassEndX"", ""value"": ""42.6""}, {""type"": ""PassEndY"", ""value"": ""20.9""}, {""type"": ""Length"", ""value"": ""24.4""}, {""type"": ""Angle"", ""value"": ""5.02""}]"
2944934255.0,0,21.0,FirstHalf,Lee Han-Beom,531031,1159,a,42.8,22.3,52.2,5.2,Successful,19.513328778042975,-61.20207014983122,Forward,Short,"[{""type"": ""Zone"", ""value"": ""Right""}, {""type"": ""PassEndX"", ""value"": ""52.2""}, {""type"": ""PassEndY"", ""value"": ""5.2""}, {""type"": ""Length"", ""value"": ""15.3""}, {""type"": ""Angle"", ""value"": ""5.42""}]"
2944934257.0,0,24.0,FirstHalf,Kim Moon-Hwan,414214,1159,a,45.6,10.7,34.3,13.9,Successful,11.744360348695032,164.18862906986155,Backward,Short,"[{""type"": ""Zone"", ""value"": ""Back""}, {""type"": ""PassEndX"", ""value"": ""34.3""}, {""type"": ""PassEndY"", ""value"": ""13.9""}, {""type"": ""Length"", ""value"": ""12.1""}, {""type"": ""Angle"", ""value"": ""2.96""}]"
2944934259.0,0,26.0,FirstHalf,Lee Han-Beom,531031,1159,a,28.4,18.1,11.5,43.3,Successful,30.342214816983937,123.8471853575034,Backward,Short,"[{""type"": ""Zone"", ""value"": ""Back""}, {""type"": ""PassEndX"", ""value"": ""11.5""}, {""type"": ""PassEndY"", ""value"": ""43.3""}, {""type"": ""Length"", ""value"": ""24.7""}, {""type"": ""Angle"", ""value"": ""2.37""}]"
2944934261.0,0,32.0,FirstHalf,Kim Seung-Gyu,71968,1159,a,14.2,34.4,92.8,96.9,Successful,100.42016729721176,38.49050551033217,Forward,Short,"[{""type"": ""Longball""}, {""type"": ""Zone"", ""value"": ""Left""}, {""type"": ""PassEndX"", ""value"": ""92.8""}, {""type"": ""PassEndY"", ""value"": ""96.9""}, {""type"": ""Length"", ""value"": ""92.8""}, {""type"": ""Angle"", ""value"": ""0.48""}]"
2944934263.0,0,39.0,FirstHalf,Seol Young-Woo,477549,1159,a,91.0,96.0,77.6,94.5,Successful,13.483693855913526,-173.61288297423548,Backward,Short,"[{""type"": ""Zone"", ""value"": ""Left""}, {""type"": ""PassEndX"", ""value"": ""77.6""}, {""type"": ""PassEndY"", ""value"": ""94.5""}, {""type"": ""Length"", ""value"": ""14.1""}, {""type"": ""Angle"", ""value"": ""3.21""}]"
2944934271.0,1,10.0,FirstHalf,Edson Álvarez,322696,972,h,28.1,21.6,22.8,41.0,Successful,20.110942295178514,105.28010595813004,Backward,Short,"[{""type"": ""FreekickTaken""}, {""type"": ""Zone"", ""value"": ""Back""}, {""type"": ""PassEndX"", ""value"": ""22.8""}, {""type"": ""PassEndY"", ""value"": ""41.0""}, {""type"": ""Length"", ""value"": ""14.3""}, {""type"": ""Angle"", ""value"": ""1.97""}, {""type"": ""IndirectFreekickTaken""}]"
2944934273.0,1,12.0,FirstHalf,Johan Vásquez,425115,972,h,22.2,45.4,23.5,78.8,Successful,33.425289826716536,87.77104986607226,Lateral,Short,"[{""type"": ""Zone"", ""value"": ""Back""}, {""type"": ""PassEndX"", ""value"": ""23.5""}, {""type"": ""PassEndY"", ""value"": ""78.8""}, {""type"": ""Length"", ""value"": ""22.8""}, {""type"": ""Angle"", ""value"": ""1.51""}]"
2944934275.0,1,14.0,FirstHalf,Jesús Gallardo,252248,972,h,21.5,80.9,29.3,89.0,Successful,11.244998888394784,46.08092418666067,Forward,Short,"[{""type"": ""Zone"", ""value"": ""Back""}, {""type"": ""PassEndX"", ""value"": ""29.3""}, {""type"": ""PassEndY"", ""value"": ""89.0""}, {""type"": ""Length"", ""value"": ""9.9""}, {""type"": ""Angle"", ""value"": ""0.59""}]"
2944934285.0,1,30.0,FirstHalf,Jesús Gallardo,252248,972,h,44.8,100.0,30.8,90.2,Successful,17.08917786202718,-145.00797980144134,Backward,ThrowIn,"[{""type"": ""Zone"", ""value"": ""Back""}, {""type"": ""ThrowIn""}, {""type"": ""PassEndX"", ""value"": ""30.8""}, {""type"": ""PassEndY"", ""value"": ""90.2""}, {""type"": ""Length"", ""value"": ""16.6""}, {""type"": ""Angle"", ""value"": ""3.63""}]"
2944934287.0,1,36.0,FirstHalf,Johan Vásquez,425115,972,h,24.7,80.6,21.2,65.5,Successful,15.500322577288507,-103.05002855366685,Lateral,Short,"[{""type"": ""Zone"", ""value"": ""Back""}, {""type"": ""PassEndX"", ""value"": ""21.2""}, {""type"": ""PassEndY"", ""value"": ""65.5""}, {""type"": ""Length"", ""value"": ""10.9""}, {""type"": ""Angle"", ""value"": ""4.37""}]"
2944934289.0,1,41.0,FirstHalf,Edson Álvarez,322696,972,h,26.7,54.5,24.4,35.4,Successful,19.2379832622861,-96.86642980249772,Lateral,Short,"[{""type"": ""Zone"", ""value"": ""Back""}, {""type"": ""PassEndX"", ""value"": ""24.4""}, {""type"": ""PassEndY"", ""value"": ""35.4""}, {""type"": ""Length"", ""value"": ""13.2""}, {""type"": ""Angle"", ""value"": ""4.53""}]"
2944934291.0,1,42.0,FirstHalf,Jorge Sánchez,447643,972,h,24.3,33.9,30.1,18.2,Successful,16.737084572887834,-69.72442139100902,Forward,Short,"[{""type"": ""Zone"", ""value"": ""Back""}, {""type"": ""PassEndX"", ""value"": ""30.1""}, {""type"": ""PassEndY"", ""value"": ""18.2""}, {""type"": ""Length"", ""value"": ""12.3""}, {""type"": ""Angle"", ""value"": ""5.23""}]"
2944934295.0,1,46.0,FirstHalf,Brian Gutiérrez,396565,972,h,28.1,12.5,27.0,13.2,Unsuccessful,1.3038404810405304,147.52880770915158,Lateral,Short,"[{""type"": ""Zone"", ""value"": ""Back""}, {""type"": ""PassEndX"", ""value"": ""27.0""}, {""type"": ""PassEndY"", ""value"": ""13.2""}, {""type"": ""Length"", ""value"": ""1.2""}, {""type"": ""Angle"", ""value"": ""2.75""}, {""type"": ""OppositeRelatedEvent"", ""value"": ""23""}, {""type"": ""Offensive""}]"
2944934303.0,1,53.0,FirstHalf,Jorge Sánchez,447643,972,h,10.5,0.0,7.9,24.3,Successful,24.438698819699873,96.10717811160511,Lateral,ThrowIn,"[{""type"": ""Zone"", ""value"": ""Back""}, {""type"": ""ThrowIn""}, {""type"": ""PassEndX"", ""value"": ""7.9""}, {""type"": ""PassEndY"", ""value"": ""24.3""}, {""type"": ""Length"", ""value"": ""17.8""}, {""type"": ""Angle"", ""value"": ""1.72""}]"
2944934305.0,1,57.0,FirstHalf,Edson Álvarez,322696,972,h,12.9,29.5,4.1,47.2,Successful,19.76689151080665,116.43542293781474,Backward,Short,"[{""type"": ""Zone"", ""value"": ""Back""}, {""type"": ""PassEndX"", ""value"": ""4.1""}, {""type"": ""PassEndY"", ""value"": ""47.2""}, {""type"": ""Length"", ""value"": ""15.2""}, {""type"": ""Angle"", ""value"": ""2.23""}]"
2944934307.0,1,59.0,FirstHalf,Raúl Rangel,527319,972,h,4.3,47.5,10.2,77.8,Successful,30.86907837950462,78.98127609600107,Forward,Short,"[{""type"": ""Zone"", ""value"": ""Back""}, {""type"": ""PassEndX"", ""value"": ""10.2""}, {""type"": ""PassEndY"", ""value"": ""77.8""}, {""type"": ""Length"", ""value"": ""21.5""}, {""type"": ""Angle"", ""value"": ""1.28""}]"
2944934309.0,2,3.0,FirstHalf,Johan Vásquez,425115,972,h,12.8,88.7,74.1,80.2,Unsuccessful,61.88650903064415,-7.894426345298439,Forward,Short,"[{""type"": ""Longball""}, {""type"": ""Zone"", ""value"": ""Left""}, {""type"": ""PassEndX"", ""value"": ""74.1""}, {""type"": ""PassEndY"", ""value"": ""80.2""}, {""type"": ""Length"", ""value"": ""64.6""}, {""type"": ""Angle"", ""value"": ""6.19""}]"
2944934313.0,2,10.0,FirstHalf,Kim Seung-Gyu,71968,1159,a,30.1,15.1,68.7,36.7,Unsuccessful,44.232567187537285,29.23074340215824,Forward,Short,"[{""type"": ""Longball""}, {""type"": ""Zone"", ""value"": ""Center""}, {""type"": ""PassEndX"", ""value"": ""68.7""}, {""type"": ""PassEndY"", ""value"": ""36.7""}, {""type"": ""Length"", ""value"": ""43.1""}, {""type"": ""Angle"", ""value"": ""0.35""}]"
2944934321.0,2,13.0,FirstHalf,Lee Jae-Sung,142959,1159,a,68.0,50.6,63.2,86.9,Successful,36.615980117975816,97.53260140094736,Lateral,Short,"[{""type"": ""Zone"", ""value"": ""Left""}, {""type"": ""PassEndX"", ""value"": ""63.2""}, {""type"": ""PassEndY"", ""value"": ""86.9""}, {""type"": ""Length"", ""value"": ""25.2""}, {""type"": ""Angle"", ""value"": ""1.77""}]"
2944934323.0,2,19.0,FirstHalf,Seol Young-Woo,477549,1159,a,77.9,93.8,58.7,89.6,Successful,19.654007224991044,-167.6609127216738,Backward,Short,"[{""type"": ""Zone"", ""value"": ""Left""}, {""type"": ""PassEndX"", ""value"": ""58.7""}, {""type"": ""PassEndY"", ""value"": ""89.6""}, {""type"": ""Length"", ""value"": ""20.4""}, {""type"": ""Angle"", ""value"": ""3.28""}]"
2944934325.0,2,21.0,FirstHalf,Lee Gi-Hyuk,447593,1159,a,56.0,89.4,61.1,67.7,Successful,22.291253890259295,-76.77419772628541,Forward,Short,"[{""type"": ""Zone"", ""value"": ""Center""}, {""type"": ""PassEndX"", ""value"": ""61.1""}, {""type"": ""PassEndY"", ""value"": ""67.7""}, {""type"": ""Length"", ""value"": ""15.7""}, {""type"": ""Angle"", ""value"": ""5.06""}]"
2944934327.0,2,23.0,FirstHalf,Hwang In-Beom,371030,1159,a,59.7,69.6,47.8,92.1,Successful,25.45309411446868,117.87386589355953,Backward,Short,"[{""type"": ""Zone"", ""value"": ""Back""}, {""type"": ""PassEndX"", ""value"": ""47.8""}, {""type"": ""PassEndY"", ""value"": ""92.1""}, {""type"": ""Length"", ""value"": ""19.8""}, {""type"": ""Angle"", ""value"": ""2.26""}]"
2944934331.0,2,26.0,FirstHalf,Lee Gi-Hyuk,447593,1159,a,53.8,96.6,78.8,92.4,Unsuccessful,25.350345165302976,-9.536635758459385,Forward,Chipped,"[{""type"": ""Zone"", ""value"": ""Left""}, {""type"": ""PassEndX"", ""value"": ""78.8""}, {""type"": ""PassEndY"", ""value"": ""92.4""}, {""type"": ""Chipped""}, {""type"": ""Length"", ""value"": ""26.4""}, {""type"": ""Angle"", ""value"": ""6.17""}]"
2944934341.0,2,34.0,FirstHalf,Luis Romo,447635,972,h,36.0,30.0,41.8,33.4,Successful,6.723094525588641,30.379126011368342,Forward,Short,"[{""type"": ""HeadPass""}, {""type"": ""Zone"", ""value"": ""Back""}, {""type"": ""PassEndX"", ""value"": ""41.8""}, {""type"": ""PassEndY"", ""value"": ""33.4""}, {""type"": ""Length"", ""value"": ""6.5""}, {""type"": ""Angle"", ""value"": ""0.36""}]"
2944934343.0,2,35.0,FirstHalf,Raúl Jiménez,108186,972,h,41.8,33.4,39.1,38.3,Successful,5.594640292279743,118.85566121971648,Lateral,Short,"[{""type"": ""Zone"", ""value"": ""Back""}, {""type"": ""PassEndX"", ""value"": ""39.1""}, {""type"": ""PassEndY"", ""value"": ""38.3""}, {""type"": ""Length"", ""value"": ""4.4""}, {""type"": ""Angle"", ""value"": ""2.28""}]"
2944934355.0,2,54.0,FirstHalf,Érik Lira,447638,972,h,38.7,45.0,27.7,46.4,Successful,11.088733020503293,172.74680538727466,Backward,Short,"[{""type"": ""FreekickTaken""}, {""type"": ""Zone"", ""value"": ""Back""}, {""type"": ""PassEndX"", ""value"": ""27.7""}, {""type"": ""PassEndY"", ""value"": ""46.4""}, {""type"": ""Length"", ""value"": ""11.6""}, {""type"": ""Angle"", ""value"": ""3.06""}]"
2944934357.0,2,56.0,FirstHalf,Edson Álvarez,322696,972,h,27.7,46.4,26.7,67.2,Successful,20.824024587000473,92.75248540026868,Lateral,Short,"[{""type"": ""Zone"", ""value"": ""Back""}, {""type"": ""PassEndX"", ""value"": ""26.7""}, {""type"": ""PassEndY"", ""value"": ""67.2""}, {""type"": ""Length"", ""value"": ""14.2""}, {""type"": ""Angle"", ""value"": ""1.64""}]"
2944934359.0,2,58.0,FirstHalf,Johan Vásquez,425115,972,h,27.1,69.7,32.4,92.3,Successful,23.2131428290096,76.80187951923887,Forward,Short,"[{""type"": ""Zone"", ""value"": ""Back""}, {""type"": ""PassEndX"", ""value"": ""32.4""}, {""type"": ""PassEndY"", ""value"": ""92.3""}, {""type"": ""Length"", ""value"": ""16.3""}, {""type"": ""Angle"", ""value"": ""1.22""}]"
2944934361.0,3,0.0,FirstHalf,Jesús Gallardo,252248,972,h,32.8,91.4,63.0,66.3,Unsuccessful,39.26894447270006,-39.73084563151881,Forward,Short,"[{""type"": ""Longball""}, {""type"": ""Zone"", ""value"": ""Center""}, {""type"": ""PassEndX"", ""value"": ""63.0""}, {""type"": ""PassEndY"", ""value"": ""66.3""}, {""type"": ""Length"", ""value"": ""36.0""}, {""type"": ""Angle"", ""value"": ""5.79""}]"
2944934365.0,3,5.0,FirstHalf,Kim Seung-Gyu,71968,1159,a,29.3,43.6,70.9,38.2,Unsuccessful,41.949016675006824,-7.396076559712658,Forward,Short,"[{""type"": ""Longball""}, {""type"": ""Zone"", ""value"": ""Center""}, {""type"": ""PassEndX"", ""value"": ""70.9""}, {""type"": ""PassEndY"", ""value"": ""38.2""}, {""type"": ""Length"", ""value"": ""43.8""}, {""type"": ""Angle"", ""value"": ""6.20""}]"
2944934369.0,3,7.0,FirstHalf,Edson Álvarez,322696,972,h,30.3,60.9,43.1,63.6,Successful,13.08166656049603,11.911215431971607,Forward,Short,"[{""type"": ""HeadPass""}, {""type"": ""Zone"", ""value"": ""Back""}, {""type"": ""PassEndX"", ""value"": ""43.1""}, {""type"": ""PassEndY"", ""value"": ""63.6""}, {""type"": ""Length"", ""value"": ""13.6""}, {""type"": ""Angle"", ""value"": ""0.14""}]"
2944934385.0,4,15.0,FirstHalf,Johan Vásquez,425115,972,h,39.0,59.9,81.3,24.3,Successful,55.286978575429494,-40.084219050503265,Forward,Chipped,"[{""type"": ""Longball""}, {""type"": ""FreekickTaken""}, {""type"": ""Zone"", ""value"": ""Center""}, {""type"": ""PassEndX"", ""value"": ""81.3""}, {""type"": ""PassEndY"", ""value"": ""24.3""}, {""type"": ""Chipped""}, {""type"": ""Length"", ""value"": ""50.6""}, {""type"": ""Angle"", ""value"": ""5.78""}]"
2944934389.0,4,22.0,FirstHalf,Roberto Alvarado,447636,972,h,84.8,9.2,71.2,10.3,Successful,13.644412775931395,175.3758486715709,Backward,Short,"[{""type"": ""Zone"", ""value"": ""Right""}, {""type"": ""PassEndX"", ""value"": ""71.2""}, {""type"": ""PassEndY"", ""value"": ""10.3""}, {""type"": ""Length"", ""value"": ""14.3""}, {""type"": ""Angle"", ""value"": ""3.09""}]"
2944934391.0,4,24.0,FirstHalf,Jorge Sánchez,447643,972,h,71.2,10.3,72.8,14.7,Successful,4.681879964287847,70.01689347810009,Lateral,Short,"[{""type"": ""Zone"", ""value"": ""Right""}, {""type"": ""PassEndX"", ""value"": ""72.8""}, {""type"": ""PassEndY"", ""value"": ""14.7""}, {""type"": ""Length"", ""value"": ""3.4""}, {""type"": ""Angle"", ""value"": ""1.06""}]"
2944934393.0,4,25.0,FirstHalf,Érik Lira,447638,972,h,72.8,14.7,100.0,12.0,Unsuccessful,27.333678859604685,-5.6688779795897215,Forward,Short,"[{""type"": ""Zone"", ""value"": ""Right""}, {""type"": ""PassEndX"", ""value"": ""100.0""}, {""type"": ""PassEndY"", ""value"": ""12.0""}, {""type"": ""Length"", ""value"": ""29.0""}, {""type"": ""Angle"", ""value"": ""6.22""}]"
2944934413.0,4,50.0,FirstHalf,Kim Min-Jae,370912,1159,a,3.7,59.3,13.6,89.6,Successful,31.876323501934785,71.90609345593684,Forward,GoalKick,"[{""type"": ""Zone"", ""value"": ""Back""}, {""type"": ""GoalKick""}, {""type"": ""PassEndX"", ""value"": ""13.6""}, {""type"": ""PassEndY"", ""value"": ""89.6""}, {""type"": ""Length"", ""value"": ""23.1""}, {""type"": ""Angle"", ""value"": ""1.10""}]"
2944934417.0,4,51.0,FirstHalf,Lee Gi-Hyuk,447593,1159,a,13.3,88.7,6.4,80.0,Successful,11.10405331399305,-128.418055344822,Backward,Short,"[{""type"": ""Zone"", ""value"": ""Back""}, {""type"": ""PassEndX"", ""value"": ""6.4""}, {""type"": ""PassEndY"", ""value"": ""80.0""}, {""type"": ""Length"", ""value"": ""9.4""}, {""type"": ""Angle"", ""value"": ""3.83""}]"
2944934421.0,4,54.0,FirstHalf,Kim Min-Jae,370912,1159,a,6.4,80.0,40.9,73.7,Unsuccessful,35.07050042414565,-10.348684087995462,Forward,Short,"[{""type"": ""Longball""}, {""type"": ""Zone"", ""value"": ""Back""}, {""type"": ""PassEndX"", ""value"": ""40.9""}, {""type"": ""PassEndY"", ""value"": ""73.7""}, {""type"": ""Length"", ""value"": ""36.5""}, {""type"": ""Angle"", ""value"": ""6.17""}]"
2944934425.0,4,55.0,FirstHalf,Érik Lira,447638,972,h,62.3,22.7,69.8,10.9,Unsuccessful,13.981773850266638,-57.56023709684556,Forward,Short,"[{""type"": ""HeadPass""}, {""type"": ""Zone"", ""value"": ""Right""}, {""type"": ""PassEndX"", ""value"": ""69.8""}, {""type"": ""PassEndY"", ""value"": ""10.9""}, {""type"": ""Length"", ""value"": ""11.2""}, {""type"": ""Angle"", ""value"": ""5.49""}]"
2944934431.0,4,57.0,FirstHalf,Lee Gi-Hyuk,447593,1159,a,28.8,82.1,70.7,67.7,Unsuccessful,44.30541727599459,-18.966586051587644,Forward,Short,"[{""type"": ""Longball""}, {""type"": ""Zone"", ""value"": ""Center""}, {""type"": ""PassEndX"", ""value"": ""70.7""}, {""type"": ""PassEndY"", ""value"": ""67.7""}, {""type"": ""Length"", ""value"": ""45.1""}, {""type"": ""Angle"", ""value"": ""6.06""}]"
2944934439.0,5,2.0,FirstHalf,Johan Vásquez,425115,972,h,30.6,8.9,32.4,2.3,Successful,6.841052550594828,-74.74488129694225,Lateral,Short,"[{""type"": ""Zone"", ""value"": ""Back""}, {""type"": ""PassEndX"", ""value"": ""32.4""}, {""type"": ""PassEndY"", ""value"": ""2.3""}, {""type"": ""Length"", ""value"": ""4.9""}, {""type"": ""Angle"", ""value"": ""5.11""}]"
2944934441.0,5,3.0,FirstHalf,Roberto Alvarado,447636,972,h,32.4,2.3,64.3,39.7,Unsuccessful,49.15658653730953,49.53777250790666,Forward,Short,"[{""type"": ""Longball""}, {""type"": ""Zone"", ""value"": ""Center""}, {""type"": ""PassEndX"", ""value"": ""64.3""}, {""type"": ""PassEndY"", ""value"": ""39.7""}, {""type"": ""Length"", ""value"": ""42.1""}, {""type"": ""Angle"", ""value"": ""0.65""}]"
2944934449.0,5,8.0,FirstHalf,Raúl Jiménez,108186,972,h,62.2,39.8,68.6,45.7,Successful,8.704596486914253,42.67218491095891,Forward,Short,"[{""type"": ""Zone"", ""value"": ""Center""}, {""type"": ""PassEndX"", ""value"": ""68.6""}, {""type"": ""PassEndY"", ""value"": ""45.7""}, {""type"": ""Length"", ""value"": ""7.8""}, {""type"": ""Angle"", ""value"": ""0.54""}]"
2944934455.0,5,15.0,FirstHalf,Julián Quiñones,509557,972,h,60.6,33.7,59.0,31.2,Unsuccessful,2.9681644159311698,-122.61924307119281,Lateral,Short,"[{""type"": ""Zone"", ""value"": ""Center""}, {""type"": ""PassEndX"", ""value"": ""59.0""}, {""type"": ""PassEndY"", ""value"": ""31.2""}, {""type"": ""Length"", ""value"": ""2.4""}, {""type"": ""Angle"", ""value"": ""3.93""}, {""type"": ""OppositeRelatedEvent"", ""value"": ""52""}, {""type"": ""Offensive""}]"
2944934465.0,5,21.0,FirstHalf,Brian Gutiérrez,396565,972,h,67.1,34.0,64.8,38.5,Successful,5.05371150739731,117.07208023799274,Lateral,Short,"[{""type"": ""Zone"", ""value"": ""Center""}, {""type"": ""PassEndX"", ""value"": ""64.8""}, {""type"": ""PassEndY"", ""value"": ""38.5""}, {""type"": ""Length"", ""value"": ""3.9""}, {""type"": ""Angle"", ""value"": ""2.24""}]"
2944934467.0,5,22.0,FirstHalf,Julián Quiñones,509557,972,h,67.4,39.4,71.1,44.5,Unsuccessful,6.300793600809341,54.03948280335521,Lateral,Short,"[{""type"": ""Throughball""}, {""type"": ""Zone"", ""value"": ""Center""}, {""type"": ""PassEndX"", ""value"": ""71.1""}, {""type"": ""PassEndY"", ""value"": ""44.5""}, {""type"": ""Length"", ""value"": ""5.2""}, {""type"": ""Angle"", ""value"": ""0.73""}]"
2944934471.0,5,23.0,FirstHalf,Kim Min-Jae,370912,1159,a,27.1,47.9,32.1,40.6,Successful,8.848163651289456,-55.59152774797137,Lateral,Short,"[{""type"": ""Zone"", ""value"": ""Back""}, {""type"": ""PassEndX"", ""value"": ""32.1""}, {""type"": ""PassEndY"", ""value"": ""40.6""}, {""type"": ""Length"", ""value"": ""7.2""}, {""type"": ""Angle"", ""value"": ""5.53""}]"
2944934473.0,5,26.0,FirstHalf,Johan Vásquez,425115,972,h,56.8,79.1,58.5,77.6,Unsuccessful,2.267156809750929,-41.4236656250026,Lateral,Short,"[{""type"": ""Zone"", ""value"": ""Center""}, {""type"": ""PassEndX"", ""value"": ""58.5""}, {""type"": ""PassEndY"", ""value"": ""77.6""}, {""type"": ""Length"", ""value"": ""2.1""}, {""type"": ""Angle"", ""value"": ""5.76""}]"
2944934481.0,5,29.0,FirstHalf,Érik Lira,447638,972,h,58.7,61.8,68.4,71.1,Successful,13.438005804433931,43.79395122078002,Forward,Short,"[{""type"": ""Zone"", ""value"": ""Center""}, {""type"": ""PassEndX"", ""value"": ""68.4""}, {""type"": ""PassEndY"", ""value"": ""71.1""}, {""type"": ""Length"", ""value"": ""12.0""}, {""type"": ""Angle"", ""value"": ""0.56""}]"
2944934483.0,5,31.0,FirstHalf,Luis Romo,447635,972,h,70.4,73.8,70.1,82.1,Successful,8.305419917138444,92.07003065304119,Lateral,Short,"[{""type"": ""Zone"", ""value"": ""Left""}, {""type"": ""PassEndX"", ""value"": ""70.1""}, {""type"": ""PassEndY"", ""value"": ""82.1""}, {""type"": ""Length"", ""value"": ""5.7""}, {""type"": ""Angle"", ""value"": ""1.63""}]"
2944934485.0,5,36.0,FirstHalf,Julián Quiñones,509557,972,h,73.7,79.1,75.1,73.3,Successful,5.966573556070514,-76.42956561483858,Lateral,Short,"[{""type"": ""Zone"", ""value"": ""Center""}, {""type"": ""PassEndX"", ""value"": ""75.1""}, {""type"": ""PassEndY"", ""value"": ""73.3""}, {""type"": ""Length"", ""value"": ""4.2""}, {""type"": ""Angle"", ""value"": ""5.07""}]"
2944934501.0,5,36.0,FirstHalf,Luis Romo,447635,972,h,75.1,73.3,78.0,92.6,Successful,19.516659550240657,81.45471810469914,Lateral,Short,"[{""type"": ""Zone"", ""value"": ""Left""}, {""type"": ""PassEndX"", ""value"": ""78.0""}, {""type"": ""PassEndY"", ""value"": ""92.6""}, {""type"": ""Length"", ""value"": ""13.5""}, {""type"": ""Angle"", ""value"": ""1.34""}]"
2944934503.0,5,41.0,FirstHalf,Jesús Gallardo,252248,972,h,88.6,90.5,89.2,62.3,Unsuccessful,28.206382256503584,-88.7811247648687,Lateral,Cross,"[{""type"": ""Cross""}, {""type"": ""Zone"", ""value"": ""Center""}, {""type"": ""LeftFoot""}, {""type"": ""PassEndX"", ""value"": ""89.2""}, {""type"": ""PassEndY"", ""value"": ""62.3""}, {""type"": ""Length"", ""value"": ""19.2""}, {""type"": ""Angle"", ""value"": ""4.75""}]"
2944934511.0,5,48.0,FirstHalf,Lee Kang-In,367780,1159,a,21.1,6.8,12.6,8.8,Successful,8.732124598286491,166.7594800848128,Backward,Short,"[{""type"": ""HeadPass""}, {""type"": ""Zone"", ""value"": ""Back""}, {""type"": ""PassEndX"", ""value"": ""12.6""}, {""type"": ""PassEndY"", ""value"": ""8.8""}, {""type"": ""LayOff""}, {""type"": ""Length"", ""value"": ""9.0""}, {""type"": ""Angle"", ""value"": ""2.99""}]"
2944934521.0,5,51.0,FirstHalf,Kim Moon-Hwan,414214,1159,a,10.8,9.4,19.7,4.6,Successful,10.111874208078342,-28.339132035895897,Forward,Short,"[{""type"": ""Zone"", ""value"": ""Back""}, {""type"": ""PassEndX"", ""value"": ""19.7""}, {""type"": ""PassEndY"", ""value"": ""4.6""}, {""type"": ""Length"", ""value"": ""9.9""}, {""type"": ""Angle"", ""value"": ""5.95""}]"
2944934525.0,5,52.0,FirstHalf,Lee Kang-In,367780,1159,a,19.7,4.6,11.8,12.5,Successful,11.17228714274745,135.0,Backward,Short,"[{""type"": ""Zone"", ""value"": ""Back""}, {""type"": ""PassEndX"", ""value"": ""11.8""}, {""type"": ""PassEndY"", ""value"": ""12.5""}, {""type"": ""Length"", ""value"": ""9.9""}, {""type"": ""Angle"", ""value"": ""2.57""}]"
2944934529.0,5,53.0,FirstHalf,Kim Moon-Hwan,414214,1159,a,11.8,12.5,53.3,44.9,Unsuccessful,52.64988129141413,37.97997330114543,Forward,Short,"[{""type"": ""Longball""}, {""type"": ""Zone"", ""value"": ""Center""}, {""type"": ""PassEndX"", ""value"": ""53.3""}, {""type"": ""PassEndY"", ""value"": ""44.9""}, {""type"": ""Length"", ""value"": ""48.8""}, {""type"": ""Angle"", ""value"": ""0.47""}]"
2944934531.0,5,56.0,FirstHalf,Edson Álvarez,322696,972,h,46.2,57.0,52.5,59.1,Successful,6.640783086353594,18.43494882292203,Forward,Short,"[{""type"": ""Zone"", ""value"": ""Center""}, {""type"": ""PassEndX"", ""value"": ""52.5""}, {""type"": ""PassEndY"", ""value"": ""59.1""}, {""type"": ""Length"", ""value"": ""6.8""}, {""type"": ""Angle"", ""value"": ""0.21""}]"
2944934535.0,5,59.0,FirstHalf,Érik Lira,447638,972,h,52.3,56.6,54.4,70.6,Successful,14.156623891309671,81.46923439005187,Lateral,Short,"[{""type"": ""Zone"", ""value"": ""Center""}, {""type"": ""PassEndX"", ""value"": ""54.4""}, {""type"": ""PassEndY"", ""value"": ""70.6""}, {""type"": ""Length"", ""value"": ""9.8""}, {""type"": ""Angle"", ""value"": ""1.34""}]"
2944934539.0,6,3.0,FirstHalf,Luis Romo,447635,972,h,54.4,70.6,65.1,92.6,Successful,24.464055264816583,64.06339652079042,Forward,Short,"[{""type"": ""Zone"", ""value"": ""Left""}, {""type"": ""PassEndX"", ""value"": ""65.1""}, {""type"": ""PassEndY"", ""value"": ""92.6""}, {""type"": ""Length"", ""value"": ""18.7""}, {""type"": ""Angle"", ""value"": ""0.93""}]"
2944934545.0,6,6.0,FirstHalf,Jesús Gallardo,252248,972,h,64.4,92.1,64.6,83.6,Successful,8.50235261559999,-88.65211271980148,Lateral,Short,"[{""type"": ""Zone"", ""value"": ""Left""}, {""type"": ""PassEndX"", ""value"": ""64.6""}, {""type"": ""PassEndY"", ""value"": ""83.6""}, {""type"": ""Length"", ""value"": ""5.8""}, {""type"": ""Angle"", ""value"": ""4.75""}]"
2944934551.0,6,7.0,FirstHalf,Julián Quiñones,509557,972,h,64.6,83.6,56.9,82.3,Successful,7.80896920214185,-170.41705527646744,Backward,Short,"[{""type"": ""Zone"", ""value"": ""Left""}, {""type"": ""PassEndX"", ""value"": ""56.9""}, {""type"": ""PassEndY"", ""value"": ""82.3""}, {""type"": ""Length"", ""value"": ""8.1""}, {""type"": ""Angle"", ""value"": ""3.25""}]"
2944934553.0,6,10.0,FirstHalf,Luis Romo,447635,972,h,58.0,80.2,79.4,39.8,Successful,45.71783021972938,-62.08969831667001,Forward,Chipped,"[{""type"": ""Longball""}, {""type"": ""Zone"", ""value"": ""Center""}, {""type"": ""PassEndX"", ""value"": ""79.4""}, {""type"": ""PassEndY"", ""value"": ""39.8""}, {""type"": ""Chipped""}, {""type"": ""Length"", ""value"": ""35.5""}, {""type"": ""Angle"", ""value"": ""5.40""}]"
2944934583.0,6,26.0,FirstHalf,Kim Seung-Gyu,71968,1159,a,7.4,43.4,9.4,25.2,Successful,18.309560344257314,-83.72892255049887,Lateral,Short,"[{""type"": ""Zone"", ""value"": ""Back""}, {""type"": ""KeeperThrow""}, {""type"": ""PassEndX"", ""value"": ""9.4""}, {""type"": ""PassEndY"", ""value"": ""25.2""}, {""type"": ""Length"", ""value"": ""12.6""}, {""type"": ""Angle"", ""value"": ""4.88""}]"
2944934759.0,6,32.0,FirstHalf,Lee Han-Beom,531031,1159,a,9.7,8.6,43.6,7.4,Unsuccessful,33.92123228893668,-2.0273227005001946,Forward,Chipped,"[{""type"": ""Longball""}, {""type"": ""Zone"", ""value"": ""Back""}, {""type"": ""PassEndX"", ""value"": ""43.6""}, {""type"": ""PassEndY"", ""value"": ""7.4""}, {""type"": ""Chipped""}, {""type"": ""Length"", ""value"": ""35.6""}, {""type"": ""Angle"", ""value"": ""6.26""}]"
2944934589.0,6,37.0,FirstHalf,Johan Vásquez,425115,972,h,54.4,94.2,58.3,77.8,Successful,16.857342613828557,-76.62324717014856,Lateral,Short,"[{""type"": ""Zone"", ""value"": ""Center""}, {""type"": ""PassEndX"", ""value"": ""58.3""}, {""type"": ""PassEndY"", ""value"": ""77.8""}, {""type"": ""Length"", ""value"": ""11.9""}, {""type"": ""Angle"", ""value"": ""5.06""}]"
2944934593.0,6,39.0,FirstHalf,Luis Romo,447635,972,h,58.3,77.8,52.3,68.5,Successful,11.067520047418029,-122.82854179141253,Backward,Short,"[{""type"": ""Zone"", ""value"": ""Center""}, {""type"": ""PassEndX"", ""value"": ""52.3""}, {""type"": ""PassEndY"", ""value"": ""68.5""}, {""type"": ""Length"", ""value"": ""8.9""}, {""type"": ""Angle"", ""value"": ""3.93""}]"
2944934595.0,6,44.0,FirstHalf,Érik Lira,447638,972,h,55.8,47.0,59.2,42.1,Successful,5.96405902049938,-55.24408744645858,Lateral,Short,"[{""type"": ""Zone"", ""value"": ""Center""}, {""type"": ""PassEndX"", ""value"": ""59.2""}, {""type"": ""PassEndY"", ""value"": ""42.1""}, {""type"": ""Length"", ""value"": ""4.9""}, {""type"": ""Angle"", ""value"": ""5.53""}]"
2944934597.0,6,47.0,FirstHalf,Brian Gutiérrez,396565,972,h,61.3,41.6,77.6,93.8,Successful,54.685738543060744,72.65847580632709,Forward,Chipped,"[{""type"": ""Longball""}, {""type"": ""Zone"", ""value"": ""Left""}, {""type"": ""PassEndX"", ""value"": ""77.6""}, {""type"": ""PassEndY"", ""value"": ""93.8""}, {""type"": ""Chipped""}, {""type"": ""Length"", ""value"": ""39.4""}, {""type"": ""Angle"", ""value"": ""1.12""}]"
2944934599.0,6,53.0,FirstHalf,Jesús Gallardo,252248,972,h,84.4,91.4,78.2,73.5,Successful,18.943336559328724,-109.10448505090964,Backward,Short,"[{""type"": ""Zone"", ""value"": ""Center""}, {""type"": ""PassEndX"", ""value"": ""78.2""}, {""type"": ""PassEndY"", ""value"": ""73.5""}, {""type"": ""Length"", ""value"": ""13.8""}, {""type"": ""Angle"", ""value"": ""4.22""}]"
2944934601.0,6,55.0,FirstHalf,Julián Quiñones,509557,972,h,78.2,73.0,77.8,62.4,Successful,10.607544484940897,-92.1610794882264,Lateral,Short,"[{""type"": ""Zone"", ""value"": ""Center""}, {""type"": ""PassEndX"", ""value"": ""77.8""}, {""type"": ""PassEndY"", ""value"": ""62.4""}, {""type"": ""Length"", ""value"": ""7.2""}, {""type"": ""Angle"", ""value"": ""4.65""}]"
2944934603.0,6,56.0,FirstHalf,Luis Romo,447635,972,h,77.8,62.4,73.7,62.4,Successful,4.099999999999994,180.0,Lateral,Short,"[{""type"": ""Zone"", ""value"": ""Center""}, {""type"": ""PassEndX"", ""value"": ""73.7""}, {""type"": ""PassEndY"", ""value"": ""62.4""}, {""type"": ""ShotAssist"", ""value"": ""13""}, {""type"": ""Length"", ""value"": ""4.3""}, {""type"": ""Angle"", ""value"": ""3.14""}, {""type"": ""KeyPass""}]"
2944934627.0,7,13.0,FirstHalf,Kim Seung-Gyu,71968,1159,a,12.3,31.4,85.0,46.1,Unsuccessful,74.17128824551992,11.43112907699885,Forward,Short,"[{""type"": ""Longball""}, {""type"": ""Zone"", ""value"": ""Center""}, {""type"": ""PassEndX"", ""value"": ""85.0""}, {""type"": ""PassEndY"", ""value"": ""46.1""}, {""type"": ""Length"", ""value"": ""77.0""}, {""type"": ""Angle"", ""value"": ""0.13""}]"
2944934657.0,7,20.0,FirstHalf,Raúl Rangel,527319,972,h,11.1,56.1,18.5,47.8,Successful,11.119802156513401,-48.28088077260943,Forward,Short,"[{""type"": ""Zone"", ""value"": ""Back""}, {""type"": ""PassEndX"", ""value"": ""18.5""}, {""type"": ""PassEndY"", ""value"": ""47.8""}, {""type"": ""Length"", ""value"": ""9.6""}, {""type"": ""Angle"", ""value"": ""5.65""}]"
2944934661.0,7,23.0,FirstHalf,Edson Álvarez,322696,972,h,22.6,44.6,29.6,51.9,Successful,10.11385188738692,46.20183306445211,Forward,Short,"[{""type"": ""Zone"", ""value"": ""Back""}, {""type"": ""PassEndX"", ""value"": ""29.6""}, {""type"": ""PassEndY"", ""value"": ""51.9""}, {""type"": ""Length"", ""value"": ""8.9""}, {""type"": ""Angle"", ""value"": ""0.59""}]"
2944934671.0,7,26.0,FirstHalf,Luis Romo,447635,972,h,31.0,54.3,37.8,50.6,Successful,7.741446893184757,-28.551391872960174,Forward,Short,"[{""type"": ""Zone"", ""value"": ""Back""}, {""type"": ""PassEndX"", ""value"": ""37.8""}, {""type"": ""PassEndY"", ""value"": ""50.6""}, {""type"": ""Length"", ""value"": ""7.6""}, {""type"": ""Angle"", ""value"": ""5.94""}]"
2944934673.0,7,31.0,FirstHalf,Érik Lira,447638,972,h,45.6,46.7,42.8,19.2,Successful,27.642177917088954,-95.8137171793349,Lateral,Short,"[{""type"": ""Zone"", ""value"": ""Back""}, {""type"": ""PassEndX"", ""value"": ""42.8""}, {""type"": ""PassEndY"", ""value"": ""19.2""}, {""type"": ""Length"", ""value"": ""18.9""}, {""type"": ""Angle"", ""value"": ""4.56""}]"
2944934679.0,7,34.0,FirstHalf,Jorge Sánchez,447643,972,h,43.7,17.7,47.0,5.3,Successful,12.831601614763448,-75.09734576096889,Lateral,Short,"[{""type"": ""Zone"", ""value"": ""Back""}, {""type"": ""PassEndX"", ""value"": ""47.0""}, {""type"": ""PassEndY"", ""value"": ""5.3""}, {""type"": ""Length"", ""value"": ""9.1""}, {""type"": ""Angle"", ""value"": ""5.10""}]"
2944934685.0,7,35.0,FirstHalf,Roberto Alvarado,447636,972,h,47.0,5.3,35.3,20.6,Successful,19.26084110312943,127.40535663140857,Backward,Short,"[{""type"": ""Zone"", ""value"": ""Back""}, {""type"": ""PassEndX"", ""value"": ""35.3""}, {""type"": ""PassEndY"", ""value"": ""20.6""}, {""type"": ""Length"", ""value"": ""16.1""}, {""type"": ""Angle"", ""value"": ""2.44""}]"
2944934693.0,7,38.0,FirstHalf,Edson Álvarez,322696,972,h,36.1,22.1,31.5,50.6,Successful,28.86884133456,99.16866759500806,Lateral,Short,"[{""type"": ""Zone"", ""value"": ""Back""}, {""type"": ""PassEndX"", ""value"": ""31.5""}, {""type"": ""PassEndY"", ""value"": ""50.6""}, {""type"": ""Length"", ""value"": ""20.0""}, {""type"": ""Angle"", ""value"": ""1.82""}]"
2944934713.0,7,44.0,FirstHalf,Johan Vásquez,425115,972,h,30.4,55.8,11.0,54.2,Successful,19.465867563507153,-175.28524548129508,Backward,Short,"[{""type"": ""Zone"", ""value"": ""Back""}, {""type"": ""PassEndX"", ""value"": ""11.0""}, {""type"": ""PassEndY"", ""value"": ""54.2""}, {""type"": ""Length"", ""value"": ""20.4""}, {""type"": ""Angle"", ""value"": ""3.19""}]"
2944934717.0,7,56.0,FirstHalf,Raúl Rangel,527319,972,h,8.6,48.2,44.6,11.0,Unsuccessful,51.76717106429518,-45.93919094573558,Forward,Chipped,"[{""type"": ""Longball""}, {""type"": ""Zone"", ""value"": ""Back""}, {""type"": ""PassEndX"", ""value"": ""44.6""}, {""type"": ""PassEndY"", ""value"": ""11.0""}, {""type"": ""Chipped""}, {""type"": ""Length"", ""value"": ""45.5""}, {""type"": ""Angle"", ""value"": ""5.69""}]"
2944934725.0,8,0.0,FirstHalf,Lee Gi-Hyuk,447593,1159,a,55.7,88.5,67.4,88.1,Successful,11.706835610018622,-1.9580674292340687,Forward,Short,"[{""type"": ""HeadPass""}, {""type"": ""Zone"", ""value"": ""Left""}, {""type"": ""PassEndX"", ""value"": ""67.4""}, {""type"": ""PassEndY"", ""value"": ""88.1""}, {""type"": ""Length"", ""value"": ""12.3""}, {""type"": ""Angle"", ""value"": ""6.26""}]"
2944934727.0,8,2.0,FirstHalf,Seol Young-Woo,477549,1159,a,67.5,88.1,79.2,56.6,Unsuccessful,33.60267846467004,-69.62356478616361,Forward,Short,"[{""type"": ""Longball""}, {""type"": ""Zone"", ""value"": ""Center""}, {""type"": ""PassEndX"", ""value"": ""79.2""}, {""type"": ""PassEndY"", ""value"": ""56.6""}, {""type"": ""Length"", ""value"": ""24.7""}, {""type"": ""Angle"", ""value"": ""5.23""}]"
2944934729.0,8,2.0,FirstHalf,Johan Vásquez,425115,972,h,21.6,42.2,51.5,9.5,Unsuccessful,44.3091412690429,-47.561043528960376,Forward,Short,"[{""type"": ""Longball""}, {""type"": ""Zone"", ""value"": ""Right""}, {""type"": ""PassEndX"", ""value"": ""51.5""}, {""type"": ""PassEndY"", ""value"": ""9.5""}, {""type"": ""Length"", ""value"": ""38.5""}, {""type"": ""Angle"", ""value"": ""5.67""}]"
2944934745.0,8,8.0,FirstHalf,Lee Gi-Hyuk,447593,1159,a,39.9,87.0,31.3,57.0,Successful,31.208332220738743,-105.99583231352291,Backward,Short,"[{""type"": ""Zone"", ""value"": ""Back""}, {""type"": ""PassEndX"", ""value"": ""31.3""}, {""type"": ""PassEndY"", ""value"": ""57.0""}, {""type"": ""Length"", ""value"": ""22.3""}, {""type"": ""Angle"", ""value"": ""4.30""}]"
2944934753.0,8,12.0,FirstHalf,Kim Min-Jae,370912,1159,a,39.0,45.7,47.8,5.2,Successful,41.44502382675151,-77.74109975025341,Forward,Short,"[{""type"": ""Zone"", ""value"": ""Back""}, {""type"": ""PassEndX"", ""value"": ""47.8""}, {""type"": ""PassEndY"", ""value"": ""5.2""}, {""type"": ""Length"", ""value"": ""29.0""}, {""type"": ""Angle"", ""value"": ""5.04""}]"
2944934761.0,8,17.0,FirstHalf,Kim Moon-Hwan,414214,1159,a,46.5,7.9,34.7,18.1,Successful,15.59743568667619,139.15964229371264,Backward,Short,"[{""type"": ""Zone"", ""value"": ""Back""}, {""type"": ""PassEndX"", ""value"": ""34.7""}, {""type"": ""PassEndY"", ""value"": ""18.1""}, {""type"": ""Length"", ""value"": ""14.2""}, {""type"": ""Angle"", ""value"": ""2.63""}]"
2944934765.0,8,19.0,FirstHalf,Lee Han-Beom,531031,1159,a,35.0,21.4,27.0,51.3,Successful,30.9517366233302,104.9791139658818,Backward,Short,"[{""type"": ""Zone"", ""value"": ""Back""}, {""type"": ""PassEndX"", ""value"": ""27.0""}, {""type"": ""PassEndY"", ""value"": ""51.3""}, {""type"": ""Length"", ""value"": ""22.0""}, {""type"": ""Angle"", ""value"": ""1.96""}]"
2944934779.0,8,25.0,FirstHalf,Kim Min-Jae,370912,1159,a,30.3,51.2,35.4,26.6,Successful,25.123096942853206,-78.2875276889125,Forward,Short,"[{""type"": ""Zone"", ""value"": ""Back""}, {""type"": ""PassEndX"", ""value"": ""35.4""}, {""type"": ""PassEndY"", ""value"": ""26.6""}, {""type"": ""Length"", ""value"": ""17.6""}, {""type"": ""Angle"", ""value"": ""5.02""}]"
2944934785.0,8,29.0,FirstHalf,Lee Han-Beom,531031,1159,a,38.7,30.7,35.5,53.6,Successful,23.122499864850255,97.95488644925067,Lateral,Short,"[{""type"": ""Zone"", ""value"": ""Back""}, {""type"": ""PassEndX"", ""value"": ""35.5""}, {""type"": ""PassEndY"", ""value"": ""53.6""}, {""type"": ""Length"", ""value"": ""15.9""}, {""type"": ""Angle"", ""value"": ""1.78""}]"
2944934793.0,8,33.0,FirstHalf,Kim Min-Jae,370912,1159,a,32.5,54.9,33.4,28.9,Successful,26.0155722597063,-88.01747613891563,Lateral,Short,"[{""type"": ""Zone"", ""value"": ""Back""}, {""type"": ""PassEndX"", ""value"": ""33.4""}, {""type"": ""PassEndY"", ""value"": ""28.9""}, {""type"": ""Length"", ""value"": ""17.7""}, {""type"": ""Angle"", ""value"": ""4.77""}]"
2944934809.0,8,36.0,FirstHalf,Lee Han-Beom,531031,1159,a,33.2,22.6,40.2,10.7,Successful,13.806158046321215,-59.53445508054013,Forward,Short,"[{""type"": ""Zone"", ""value"": ""Back""}, {""type"": ""PassEndX"", ""value"": ""40.2""}, {""type"": ""PassEndY"", ""value"": ""10.7""}, {""type"": ""Length"", ""value"": ""10.9""}, {""type"": ""Angle"", ""value"": ""5.45""}]"
2944934813.0,8,41.0,FirstHalf,Lee Kang-In,367780,1159,a,39.9,11.8,28.3,26.9,Successful,19.041270965983333,127.53189925157469,Backward,Short,"[{""type"": ""Zone"", ""value"": ""Back""}, {""type"": ""PassEndX"", ""value"": ""28.3""}, {""type"": ""PassEndY"", ""value"": ""26.9""}, {""type"": ""Length"", ""value"": ""15.9""}, {""type"": ""Angle"", ""value"": ""2.44""}]"
2944934823.0,8,45.0,FirstHalf,Lee Han-Beom,531031,1159,a,32.2,28.9,37.0,20.5,Successful,9.674709297958257,-60.25511870305778,Lateral,Short,"[{""type"": ""Zone"", ""value"": ""Back""}, {""type"": ""PassEndX"", ""value"": ""37.0""}, {""type"": ""PassEndY"", ""value"": ""20.5""}, {""type"": ""Length"", ""value"": ""7.6""}, {""type"": ""Angle"", ""value"": ""5.44""}]"
2944934835.0,8,47.0,FirstHalf,Lee Kang-In,367780,1159,a,36.6,25.9,100.0,84.6,Unsuccessful,86.40167822444191,42.79559968746219,Forward,Chipped,"[{""type"": ""Longball""}, {""type"": ""Zone"", ""value"": ""Left""}, {""type"": ""PassEndX"", ""value"": ""100.0""}, {""type"": ""PassEndY"", ""value"": ""84.6""}, {""type"": ""Chipped""}, {""type"": ""Length"", ""value"": ""78.9""}, {""type"": ""Angle"", ""value"": ""0.53""}]"
2944934871.0,9,16.0,FirstHalf,Raúl Rangel,527319,972,h,4.7,50.1,61.3,52.7,Successful,56.65968584452264,2.6301126633575915,Forward,GoalKick,"[{""type"": ""Longball""}, {""type"": ""Zone"", ""value"": ""Center""}, {""type"": ""MissHigh""}, {""type"": ""GoalKick""}, {""type"": ""PassEndX"", ""value"": ""61.3""}, {""type"": ""PassEndY"", ""value"": ""52.7""}, {""type"": ""Length"", ""value"": ""59.5""}, {""type"": ""Angle"", ""value"": ""0.03""}]"
2944934875.0,9,18.0,FirstHalf,Raúl Jiménez,108186,972,h,64.7,50.5,57.8,50.9,Successful,6.911584478250995,176.68221883166518,Backward,Short,"[{""type"": ""Zone"", ""value"": ""Center""}, {""type"": ""PassEndX"", ""value"": ""57.8""}, {""type"": ""PassEndY"", ""value"": ""50.9""}, {""type"": ""Length"", ""value"": ""7.3""}, {""type"": ""Angle"", ""value"": ""3.10""}]"
2944934879.0,9,22.0,FirstHalf,Julián Quiñones,509557,972,h,67.6,44.0,69.7,30.3,Successful,13.860014430006919,-81.28526712513882,Lateral,Short,"[{""type"": ""Zone"", ""value"": ""Center""}, {""type"": ""PassEndX"", ""value"": ""69.7""}, {""type"": ""PassEndY"", ""value"": ""30.3""}, {""type"": ""Length"", ""value"": ""9.6""}, {""type"": ""Angle"", ""value"": ""4.94""}]"
2944934881.0,9,24.0,FirstHalf,Brian Gutiérrez,396565,972,h,71.0,27.9,81.9,12.8,Successful,18.623103930333418,-54.176203340376134,Forward,Short,"[{""type"": ""Zone"", ""value"": ""Right""}, {""type"": ""PassEndX"", ""value"": ""81.9""}, {""type"": ""PassEndY"", ""value"": ""12.8""}, {""type"": ""Length"", ""value"": ""15.4""}, {""type"": ""Angle"", ""value"": ""5.55""}]"
2944934883.0,9,27.0,FirstHalf,Roberto Alvarado,447636,972,h,86.4,8.0,87.7,13.5,Unsuccessful,5.651548460377916,76.70142966950574,Lateral,Cross,"[{""type"": ""Cross""}, {""type"": ""RightFoot""}, {""type"": ""Zone"", ""value"": ""Right""}, {""type"": ""PassEndX"", ""value"": ""87.7""}, {""type"": ""PassEndY"", ""value"": ""13.5""}, {""type"": ""Chipped""}, {""type"": ""Length"", ""value"": ""4.0""}, {""type"": ""Angle"", ""value"": ""1.22""}]"
2944934895.0,9,30.0,FirstHalf,Lee Jae-Sung,142959,1159,a,20.8,69.7,14.5,69.0,Successful,6.338769596696193,-173.65980825409008,Backward,Short,"[{""type"": ""Zone"", ""value"": ""Back""}, {""type"": ""PassEndX"", ""value"": ""14.5""}, {""type"": ""PassEndY"", ""value"": ""69.0""}, {""type"": ""Length"", ""value"": ""6.6""}, {""type"": ""Angle"", ""value"": ""3.21""}]"
2944934899.0,9,31.0,FirstHalf,Paik Seung-Ho,362786,1159,a,14.5,69.0,23.3,78.5,Successful,12.949517365523706,47.19057386403822,Forward,Short,"[{""type"": ""Zone"", ""value"": ""Back""}, {""type"": ""PassEndX"", ""value"": ""23.3""}, {""type"": ""PassEndY"", ""value"": ""78.5""}, {""type"": ""Length"", ""value"": ""11.3""}, {""type"": ""Angle"", ""value"": ""0.61""}]"
2944934905.0,9,32.0,FirstHalf,Lee Jae-Sung,142959,1159,a,23.3,78.5,13.6,85.4,Successful,11.903780911962388,144.57422788509183,Backward,Short,"[{""type"": ""Zone"", ""value"": ""Back""}, {""type"": ""PassEndX"", ""value"": ""13.6""}, {""type"": ""PassEndY"", ""value"": ""85.4""}, {""type"": ""Length"", ""value"": ""11.2""}, {""type"": ""Angle"", ""value"": ""2.71""}]"
2944934909.0,9,33.0,FirstHalf,Lee Gi-Hyuk,447593,1159,a,13.7,85.4,24.7,81.8,Successful,11.574109036984233,-18.121860247901395,Forward,Short,"[{""type"": ""Zone"", ""value"": ""Back""}, {""type"": ""PassEndX"", ""value"": ""24.7""}, {""type"": ""PassEndY"", ""value"": ""81.8""}, {""type"": ""Length"", ""value"": ""11.8""}, {""type"": ""Angle"", ""value"": ""6.07""}]"
2944934911.0,9,34.0,FirstHalf,Lee Jae-Sung,142959,1159,a,25.0,81.6,21.7,69.3,Successful,12.734991166074673,-105.01836063115068,Lateral,Short,"[{""type"": ""Zone"", ""value"": ""Back""}, {""type"": ""PassEndX"", ""value"": ""21.7""}, {""type"": ""PassEndY"", ""value"": ""69.3""}, {""type"": ""LayOff""}, {""type"": ""Length"", ""value"": ""9.1""}, {""type"": ""Angle"", ""value"": ""4.32""}]"
2944934917.0,9,36.0,FirstHalf,Paik Seung-Ho,362786,1159,a,23.3,74.9,11.1,73.8,Successful,12.249489785293102,-174.84791829779374,Backward,Short,"[{""type"": ""Zone"", ""value"": ""Back""}, {""type"": ""PassEndX"", ""value"": ""11.1""}, {""type"": ""PassEndY"", ""value"": ""73.8""}, {""type"": ""Length"", ""value"": ""12.8""}, {""type"": ""Angle"", ""value"": ""3.20""}]"
2944934921.0,9,37.0,FirstHalf,Lee Gi-Hyuk,447593,1159,a,11.1,73.8,4.3,49.7,Successful,25.04096643502402,-105.7568202367582,Backward,Short,"[{""type"": ""Zone"", ""value"": ""Back""}, {""type"": ""PassEndX"", ""value"": ""4.3""}, {""type"": ""PassEndY"", ""value"": ""49.7""}, {""type"": ""Length"", ""value"": ""17.9""}, {""type"": ""Angle"", ""value"": ""4.30""}]"
2944934933.0,9,40.0,FirstHalf,Kim Seung-Gyu,71968,1159,a,8.9,47.2,13.7,13.6,Successful,33.94112549695428,-81.86989764584403,Lateral,Short,"[{""type"": ""Zone"", ""value"": ""Back""}, {""type"": ""PassEndX"", ""value"": ""13.7""}, {""type"": ""PassEndY"", ""value"": ""13.6""}, {""type"": ""Length"", ""value"": ""23.4""}, {""type"": ""Angle"", ""value"": ""4.93""}]"
2944934941.0,9,45.0,FirstHalf,Lee Han-Beom,531031,1159,a,26.1,9.7,86.0,41.6,Unsuccessful,67.86471837413016,28.037723097127536,Forward,Chipped,"[{""type"": ""Longball""}, {""type"": ""Zone"", ""value"": ""Center""}, {""type"": ""PassEndX"", ""value"": ""86.0""}, {""type"": ""PassEndY"", ""value"": ""41.6""}, {""type"": ""Chipped""}, {""type"": ""Length"", ""value"": ""66.5""}, {""type"": ""Angle"", ""value"": ""0.33""}]"
2944934947.0,9,52.0,FirstHalf,Raúl Rangel,527319,972,h,11.8,57.9,23.1,39.5,Successful,21.592822881689184,-58.44464802410073,Forward,Short,"[{""type"": ""Zone"", ""value"": ""Back""}, {""type"": ""KeeperThrow""}, {""type"": ""PassEndX"", ""value"": ""23.1""}, {""type"": ""PassEndY"", ""value"": ""39.5""}, {""type"": ""Length"", ""value"": ""17.2""}, {""type"": ""Angle"", ""value"": ""5.47""}]"
2944934949.0,9,58.0,FirstHalf,Edson Álvarez,322696,972,h,32.3,37.7,38.6,42.7,Successful,8.043009387039161,38.43730149106251,Forward,Short,"[{""type"": ""Zone"", ""value"": ""Back""}, {""type"": ""PassEndX"", ""value"": ""38.6""}, {""type"": ""PassEndY"", ""value"": ""42.7""}, {""type"": ""Length"", ""value"": ""7.4""}, {""type"": ""Angle"", ""value"": ""0.47""}]"
2944934957.0,10,1.0,FirstHalf,Érik Lira,447638,972,h,40.6,45.7,46.8,75.7,Successful,30.633968074671618,78.323262169046,Forward,Short,"[{""type"": ""Zone"", ""value"": ""Back""}, {""type"": ""PassEndX"", ""value"": ""46.8""}, {""type"": ""PassEndY"", ""value"": ""75.7""}, {""type"": ""Length"", ""value"": ""21.4""}, {""type"": ""Angle"", ""value"": ""1.26""}]"
2944934967.0,10,4.0,FirstHalf,Luis Romo,447635,972,h,46.6,79.7,46.9,64.3,Successful,15.402921800749368,-88.88398960859274,Lateral,Short,"[{""type"": ""Zone"", ""value"": ""Back""}, {""type"": ""PassEndX"", ""value"": ""46.9""}, {""type"": ""PassEndY"", ""value"": ""64.3""}, {""type"": ""Length"", ""value"": ""10.5""}, {""type"": ""Angle"", ""value"": ""4.74""}]"
2944934971.0,10,8.0,FirstHalf,Érik Lira,447638,972,h,53.6,58.1,45.3,31.9,Successful,27.483267636873173,-107.57788371666524,Backward,Short,"[{""type"": ""Zone"", ""value"": ""Back""}, {""type"": ""PassEndX"", ""value"": ""45.3""}, {""type"": ""PassEndY"", ""value"": ""31.9""}, {""type"": ""Length"", ""value"": ""19.8""}, {""type"": ""Angle"", ""value"": ""4.26""}]"
2944934975.0,10,10.0,FirstHalf,Edson Álvarez,322696,972,h,45.3,31.9,96.5,17.4,Unsuccessful,53.21362607453095,-15.812287721285214,Forward,Short,"[{""type"": ""Longball""}, {""type"": ""Zone"", ""value"": ""Right""}, {""type"": ""PassEndX"", ""value"": ""96.5""}, {""type"": ""PassEndY"", ""value"": ""17.4""}, {""type"": ""Length"", ""value"": ""54.7""}, {""type"": ""Angle"", ""value"": ""6.10""}]"
2944935005.0,10,30.0,FirstHalf,Kim Seung-Gyu,71968,1159,a,15.2,45.2,24.9,81.8,Successful,37.863570882841984,75.15631021428352,Forward,Short,"[{""type"": ""Zone"", ""value"": ""Back""}, {""type"": ""KeeperThrow""}, {""type"": ""PassEndX"", ""value"": ""24.9""}, {""type"": ""PassEndY"", ""value"": ""81.8""}, {""type"": ""Length"", ""value"": ""26.9""}, {""type"": ""Angle"", ""value"": ""1.18""}]"
2944935009.0,10,32.0,FirstHalf,Kim Min-Jae,370912,1159,a,25.6,81.8,32.8,69.3,Successful,14.425324953012321,-60.05805746972705,Forward,Short,"[{""type"": ""Zone"", ""value"": ""Back""}, {""type"": ""PassEndX"", ""value"": ""32.8""}, {""type"": ""PassEndY"", ""value"": ""69.3""}, {""type"": ""Length"", ""value"": ""11.4""}, {""type"": ""Angle"", ""value"": ""5.44""}]"
2944935015.0,10,33.0,FirstHalf,Paik Seung-Ho,362786,1159,a,32.8,69.3,22.6,93.6,Successful,26.353937087274073,112.77037890876221,Backward,Short,"[{""type"": ""Zone"", ""value"": ""Back""}, {""type"": ""PassEndX"", ""value"": ""22.6""}, {""type"": ""PassEndY"", ""value"": ""93.6""}, {""type"": ""Length"", ""value"": ""19.7""}, {""type"": ""Angle"", ""value"": ""2.15""}]"
2944935017.0,10,36.0,FirstHalf,Kim Min-Jae,370912,1159,a,22.6,93.6,25.7,96.0,Successful,3.9204591567825338,37.74680538727475,Lateral,Short,"[{""type"": ""Zone"", ""value"": ""Back""}, {""type"": ""PassEndX"", ""value"": ""25.7""}, {""type"": ""PassEndY"", ""value"": ""96.0""}, {""type"": ""Length"", ""value"": ""3.6""}, {""type"": ""Angle"", ""value"": ""0.46""}]"
2944935041.0,10,55.0,FirstHalf,Seol Young-Woo,477549,1159,a,27.7,100.0,38.7,91.7,Successful,13.780058055030104,-37.03621293928121,Forward,ThrowIn,"[{""type"": ""Zone"", ""value"": ""Back""}, {""type"": ""ThrowIn""}, {""type"": ""PassEndX"", ""value"": ""38.7""}, {""type"": ""PassEndY"", ""value"": ""91.7""}, {""type"": ""Length"", ""value"": ""13.1""}, {""type"": ""Angle"", ""value"": ""5.79""}]"
2944935043.0,10,57.0,FirstHalf,Lee Jae-Sung,142959,1159,a,38.7,91.7,33.2,94.8,Successful,6.313477647065836,150.59281093926637,Backward,Short,"[{""type"": ""HeadPass""}, {""type"": ""Zone"", ""value"": ""Back""}, {""type"": ""PassEndX"", ""value"": ""33.2""}, {""type"": ""PassEndY"", ""value"": ""94.8""}, {""type"": ""Length"", ""value"": ""6.1""}, {""type"": ""Angle"", ""value"": ""2.79""}]"
2944935047.0,10,59.0,FirstHalf,Seol Young-Woo,477549,1159,a,33.2,94.8,41.3,96.0,Successful,8.188406438373704,8.426969021480698,Forward,Short,"[{""type"": ""Zone"", ""value"": ""Back""}, {""type"": ""PassEndX"", ""value"": ""41.3""}, {""type"": ""PassEndY"", ""value"": ""96.0""}, {""type"": ""Length"", ""value"": ""8.5""}, {""type"": ""Angle"", ""value"": ""0.10""}]"
2944935055.0,11,1.0,FirstHalf,Lee Jae-Sung,142959,1159,a,40.3,97.5,42.2,95.5,Unsuccessful,2.7586228448267485,-46.46880071438574,Lateral,Short,"[{""type"": ""Zone"", ""value"": ""Back""}, {""type"": ""PassEndX"", ""value"": ""42.2""}, {""type"": ""PassEndY"", ""value"": ""95.5""}, {""type"": ""Length"", ""value"": ""2.4""}, {""type"": ""Angle"", ""value"": ""5.68""}]"
2944935063.0,11,3.0,FirstHalf,Jorge Sánchez,447643,972,h,57.6,5.9,42.5,14.7,Successful,17.477127910500627,149.76716076739058,Backward,Short,"[{""type"": ""Zone"", ""value"": ""Back""}, {""type"": ""PassEndX"", ""value"": ""42.5""}, {""type"": ""PassEndY"", ""value"": ""14.7""}, {""type"": ""Length"", ""value"": ""16.9""}, {""type"": ""Angle"", ""value"": ""2.78""}]"
2944935069.0,11,5.0,FirstHalf,Edson Álvarez,322696,972,h,42.5,14.7,39.1,44.9,Successful,30.390788077968626,96.42347043655657,Lateral,Short,"[{""type"": ""Zone"", ""value"": ""Back""}, {""type"": ""PassEndX"", ""value"": ""39.1""}, {""type"": ""PassEndY"", ""value"": ""44.9""}, {""type"": ""Length"", ""value"": ""20.8""}, {""type"": ""Angle"", ""value"": ""1.74""}]"
2944935075.0,11,9.0,FirstHalf,Johan Vásquez,425115,972,h,38.2,47.5,36.9,72.4,Successful,24.933912649241403,92.98863245522948,Lateral,Short,"[{""type"": ""Zone"", ""value"": ""Back""}, {""type"": ""PassEndX"", ""value"": ""36.9""}, {""type"": ""PassEndY"", ""value"": ""72.4""}, {""type"": ""Length"", ""value"": ""17.0""}, {""type"": ""Angle"", ""value"": ""1.65""}]"
2944935085.0,11,12.0,FirstHalf,Jesús Gallardo,252248,972,h,36.9,72.4,39.7,63.7,Successful,9.13947482079797,-72.15979569229647,Lateral,Short,"[{""type"": ""Zone"", ""value"": ""Back""}, {""type"": ""PassEndX"", ""value"": ""39.7""}, {""type"": ""PassEndY"", ""value"": ""63.7""}, {""type"": ""Length"", ""value"": ""6.6""}, {""type"": ""Angle"", ""value"": ""5.17""}]"
2944935109.0,11,34.0,FirstHalf,Edson Álvarez,322696,972,h,44.9,47.9,38.2,60.8,Successful,14.536161804272815,117.44645517366011,Backward,Short,"[{""type"": ""FreekickTaken""}, {""type"": ""Zone"", ""value"": ""Back""}, {""type"": ""PassEndX"", ""value"": ""38.2""}, {""type"": ""PassEndY"", ""value"": ""60.8""}, {""type"": ""Length"", ""value"": ""11.2""}, {""type"": ""Angle"", ""value"": ""2.25""}]"
2944935117.0,11,37.0,FirstHalf,Johan Vásquez,425115,972,h,38.2,60.8,31.4,43.1,Successful,18.961276328348784,-111.01581629737379,Backward,Short,"[{""type"": ""Zone"", ""value"": ""Back""}, {""type"": ""PassEndX"", ""value"": ""31.4""}, {""type"": ""PassEndY"", ""value"": ""43.1""}, {""type"": ""Length"", ""value"": ""14.0""}, {""type"": ""Angle"", ""value"": ""4.18""}]"
2944935121.0,11,42.0,FirstHalf,Edson Álvarez,322696,972,h,33.8,26.8,31.4,8.6,Successful,18.357559750685823,-97.51214410305275,Lateral,Short,"[{""type"": ""Zone"", ""value"": ""Back""}, {""type"": ""PassEndX"", ""value"": ""31.4""}, {""type"": ""PassEndY"", ""value"": ""8.6""}, {""type"": ""Length"", ""value"": ""12.6""}, {""type"": ""Angle"", ""value"": ""4.51""}]"
2944935125.0,11,45.0,FirstHalf,Jorge Sánchez,447643,972,h,31.4,8.6,30.4,26.2,Successful,17.628386199536248,93.25194560036388,Lateral,Short,"[{""type"": ""Zone"", ""value"": ""Back""}, {""type"": ""PassEndX"", ""value"": ""30.4""}, {""type"": ""PassEndY"", ""value"": ""26.2""}, {""type"": ""Length"", ""value"": ""12.0""}, {""type"": ""Angle"", ""value"": ""1.66""}]"
2944935131.0,11,46.0,FirstHalf,Edson Álvarez,322696,972,h,30.4,26.2,9.5,45.7,Successful,28.584261403786527,136.98470311215357,Backward,Short,"[{""type"": ""Zone"", ""value"": ""Back""}, {""type"": ""PassEndX"", ""value"": ""9.5""}, {""type"": ""PassEndY"", ""value"": ""45.7""}, {""type"": ""Length"", ""value"": ""25.6""}, {""type"": ""Angle"", ""value"": ""2.60""}]"
2944935135.0,11,50.0,FirstHalf,Raúl Rangel,527319,972,h,8.7,46.4,18.3,91.1,Successful,45.719251962384504,77.87898454741425,Forward,Short,"[{""type"": ""Longball""}, {""type"": ""Zone"", ""value"": ""Back""}, {""type"": ""PassEndX"", ""value"": ""18.3""}, {""type"": ""PassEndY"", ""value"": ""91.1""}, {""type"": ""Length"", ""value"": ""32.0""}, {""type"": ""Angle"", ""value"": ""1.25""}]"
2944935143.0,11,54.0,FirstHalf,Jesús Gallardo,252248,972,h,20.3,94.2,64.2,70.6,Unsuccessful,49.84144861458183,-28.26182671946716,Forward,Short,"[{""type"": ""Longball""}, {""type"": ""Zone"", ""value"": ""Center""}, {""type"": ""PassEndX"", ""value"": ""64.2""}, {""type"": ""PassEndY"", ""value"": ""70.6""}, {""type"": ""Length"", ""value"": ""48.8""}, {""type"": ""Angle"", ""value"": ""5.95""}]"
2944935147.0,11,57.0,FirstHalf,Kim Min-Jae,370912,1159,a,32.5,35.6,14.5,46.6,Successful,21.095023109728988,148.5704343851615,Backward,Short,"[{""type"": ""HeadPass""}, {""type"": ""Zone"", ""value"": ""Back""}, {""type"": ""PassEndX"", ""value"": ""14.5""}, {""type"": ""PassEndY"", ""value"": ""46.6""}, {""type"": ""Length"", ""value"": ""20.3""}, {""type"": ""Angle"", ""value"": ""2.76""}]"
2944935159.0,12,4.0,FirstHalf,Kim Seung-Gyu,71968,1159,a,13.9,52.5,22.9,83.1,Successful,31.896081264004824,73.61045966596522,Forward,Short,"[{""type"": ""Zone"", ""value"": ""Back""}, {""type"": ""PassEndX"", ""value"": ""22.9""}, {""type"": ""PassEndY"", ""value"": ""83.1""}, {""type"": ""Length"", ""value"": ""22.9""}, {""type"": ""Angle"", ""value"": ""1.14""}]"
2944935163.0,12,10.0,FirstHalf,Lee Gi-Hyuk,447593,1159,a,33.6,85.8,22.8,64.4,Successful,23.9708155889615,-116.77884040695513,Backward,Short,"[{""type"": ""Zone"", ""value"": ""Back""}, {""type"": ""PassEndX"", ""value"": ""22.8""}, {""type"": ""PassEndY"", ""value"": ""64.4""}, {""type"": ""Length"", ""value"": ""18.4""}, {""type"": ""Angle"", ""value"": ""4.05""}]"
2944935165.0,12,14.0,FirstHalf,Kim Min-Jae,370912,1159,a,25.2,62.4,33.9,41.5,Successful,22.63846284534354,-67.39960354577813,Forward,Short,"[{""type"": ""Zone"", ""value"": ""Back""}, {""type"": ""PassEndX"", ""value"": ""33.9""}, {""type"": ""PassEndY"", ""value"": ""41.5""}, {""type"": ""Length"", ""value"": ""16.9""}, {""type"": ""Angle"", ""value"": ""5.28""}]"
2944935169.0,12,18.0,FirstHalf,Hwang In-Beom,371030,1159,a,34.0,36.4,30.1,26.3,Successful,10.826818553942795,-111.11350007836526,Lateral,Short,"[{""type"": ""Zone"", ""value"": ""Back""}, {""type"": ""PassEndX"", ""value"": ""30.1""}, {""type"": ""PassEndY"", ""value"": ""26.3""}, {""type"": ""Length"", ""value"": ""8.0""}, {""type"": ""Angle"", ""value"": ""4.17""}]"
2944935183.0,12,19.0,FirstHalf,Lee Han-Beom,531031,1159,a,30.1,26.3,26.2,55.1,Successful,29.062862900960052,97.7118924126589,Lateral,Short,"[{""type"": ""Zone"", ""value"": ""Back""}, {""type"": ""PassEndX"", ""value"": ""26.2""}, {""type"": ""PassEndY"", ""value"": ""55.1""}, {""type"": ""Length"", ""value"": ""20.0""}, {""type"": ""Angle"", ""value"": ""1.78""}]"
2944935187.0,12,26.0,FirstHalf,Kim Min-Jae,370912,1159,a,31.3,58.4,30.7,85.1,Successful,26.70674072214728,91.28732894152503,Lateral,Short,"[{""type"": ""Zone"", ""value"": ""Back""}, {""type"": ""PassEndX"", ""value"": ""30.7""}, {""type"": ""PassEndY"", ""value"": ""85.1""}, {""type"": ""Length"", ""value"": ""18.2""}, {""type"": ""Angle"", ""value"": ""1.61""}]"
2944935193.0,12,28.0,FirstHalf,Lee Gi-Hyuk,447593,1159,a,32.3,78.1,44.5,92.0,Successful,18.49459380467709,48.72664492323927,Forward,Short,"[{""type"": ""Zone"", ""value"": ""Back""}, {""type"": ""PassEndX"", ""value"": ""44.5""}, {""type"": ""PassEndY"", ""value"": ""92.0""}, {""type"": ""Length"", ""value"": ""15.9""}, {""type"": ""Angle"", ""value"": ""0.64""}]"
2944935195.0,12,30.0,FirstHalf,Lee Jae-Sung,142959,1159,a,44.5,92.0,44.8,69.8,Unsuccessful,22.202026934494068,-89.22577983507195,Lateral,Short,"[{""type"": ""Zone"", ""value"": ""Back""}, {""type"": ""PassEndX"", ""value"": ""44.8""}, {""type"": ""PassEndY"", ""value"": ""69.8""}, {""type"": ""Length"", ""value"": ""15.1""}, {""type"": ""Angle"", ""value"": ""4.73""}]"
2944935209.0,12,35.0,FirstHalf,Seol Young-Woo,477549,1159,a,65.8,91.5,63.5,91.2,Successful,2.319482700948637,-172.56859202882757,Lateral,Short,"[{""type"": ""Zone"", ""value"": ""Left""}, {""type"": ""PassEndX"", ""value"": ""63.5""}, {""type"": ""PassEndY"", ""value"": ""91.2""}, {""type"": ""LayOff""}, {""type"": ""Length"", ""value"": ""2.4""}, {""type"": ""Angle"", ""value"": ""3.23""}]"
2944935221.0,12,39.0,FirstHalf,Brian Gutiérrez,396565,972,h,36.1,28.3,41.6,57.3,Successful,29.51694428629088,79.26110289909457,Forward,Short,"[{""type"": ""Zone"", ""value"": ""Back""}, {""type"": ""PassEndX"", ""value"": ""41.6""}, {""type"": ""PassEndY"", ""value"": ""57.3""}, {""type"": ""Length"", ""value"": ""20.5""}, {""type"": ""Angle"", ""value"": ""1.29""}]"
2944935223.0,12,41.0,FirstHalf,Julián Quiñones,509557,972,h,43.6,63.4,34.2,76.1,Successful,15.800316452527142,126.50727097188152,Backward,Short,"[{""type"": ""Zone"", ""value"": ""Back""}, {""type"": ""PassEndX"", ""value"": ""34.2""}, {""type"": ""PassEndY"", ""value"": ""76.1""}, {""type"": ""Length"", ""value"": ""13.1""}, {""type"": ""Angle"", ""value"": ""2.42""}]"
2944935225.0,12,44.0,FirstHalf,Jesús Gallardo,252248,972,h,39.0,78.5,47.4,86.5,Successful,11.6,43.60281897270362,Forward,Short,"[{""type"": ""Zone"", ""value"": ""Back""}, {""type"": ""PassEndX"", ""value"": ""47.4""}, {""type"": ""PassEndY"", ""value"": ""86.5""}, {""type"": ""Length"", ""value"": ""10.4""}, {""type"": ""Angle"", ""value"": ""0.55""}]"
2944935227.0,12,50.0,FirstHalf,Julián Quiñones,509557,972,h,42.6,64.3,34.4,33.3,Successful,32.06618156251224,-104.81631934277766,Backward,Short,"[{""type"": ""Zone"", ""value"": ""Back""}, {""type"": ""PassEndX"", ""value"": ""34.4""}, {""type"": ""PassEndY"", ""value"": ""33.3""}, {""type"": ""Length"", ""value"": ""22.8""}, {""type"": ""Angle"", ""value"": ""4.32""}]"
2944935229.0,12,57.0,FirstHalf,Edson Álvarez,322696,972,h,41.0,33.1,54.1,34.9,Successful,13.223085872821065,7.823710731885257,Forward,Short,"[{""type"": ""Zone"", ""value"": ""Center""}, {""type"": ""PassEndX"", ""value"": ""54.1""}, {""type"": ""PassEndY"", ""value"": ""34.9""}, {""type"": ""Length"", ""value"": ""13.8""}, {""type"": ""Angle"", ""value"": ""0.09""}]"
2944935231.0,12,58.0,FirstHalf,Érik Lira,447638,972,h,54.1,32.7,39.4,27.3,Successful,15.660459763365829,-159.8293465881496,Backward,Short,"[{""type"": ""Zone"", ""value"": ""Back""}, {""type"": ""PassEndX"", ""value"": ""39.4""}, {""type"": ""PassEndY"", ""value"": ""27.3""}, {""type"": ""Length"", ""value"": ""15.9""}, {""type"": ""Angle"", ""value"": ""3.38""}]"
2944935233.0,13,1.0,FirstHalf,Edson Álvarez,322696,972,h,39.4,27.3,33.9,44.8,Successful,18.343936327844137,107.44718842328221,Backward,Short,"[{""type"": ""Zone"", ""value"": ""Back""}, {""type"": ""PassEndX"", ""value"": ""33.9""}, {""type"": ""PassEndY"", ""value"": ""44.8""}, {""type"": ""Length"", ""value"": ""13.2""}, {""type"": ""Angle"", ""value"": ""2.02""}]"
2944935237.0,13,3.0,FirstHalf,Johan Vásquez,425115,972,h,33.9,44.8,40.6,88.6,Successful,44.309479798345635,81.3029933358111,Forward,Short,"[{""type"": ""Zone"", ""value"": ""Back""}, {""type"": ""PassEndX"", ""value"": ""40.6""}, {""type"": ""PassEndY"", ""value"": ""88.6""}, {""type"": ""Length"", ""value"": ""30.6""}, {""type"": ""Angle"", ""value"": ""1.34""}]"
2944935239.0,13,6.0,FirstHalf,Jesús Gallardo,252248,972,h,38.8,85.3,38.2,72.0,Successful,13.313526955694345,-92.58302066863503,Lateral,Short,"[{""type"": ""Zone"", ""value"": ""Back""}, {""type"": ""PassEndX"", ""value"": ""38.2""}, {""type"": ""PassEndY"", ""value"": ""72.0""}, {""type"": ""Length"", ""value"": ""9.1""}, {""type"": ""Angle"", ""value"": ""4.64""}]"
2944935241.0,13,8.0,FirstHalf,Luis Romo,447635,972,h,38.7,73.5,70.9,94.5,Unsuccessful,38.44268460968875,33.11134196037202,Forward,Short,"[{""type"": ""Longball""}, {""type"": ""Zone"", ""value"": ""Left""}, {""type"": ""PassEndX"", ""value"": ""70.9""}, {""type"": ""PassEndY"", ""value"": ""94.5""}, {""type"": ""Length"", ""value"": ""36.7""}, {""type"": ""Angle"", ""value"": ""0.40""}]"
2944935249.0,13,12.0,FirstHalf,Lee Han-Beom,531031,1159,a,37.6,3.8,48.4,16.9,Unsuccessful,16.977926846349643,50.496892505735566,Forward,Short,"[{""type"": ""Longball""}, {""type"": ""Zone"", ""value"": ""Back""}, {""type"": ""PassEndX"", ""value"": ""48.4""}, {""type"": ""PassEndY"", ""value"": ""16.9""}, {""type"": ""Length"", ""value"": ""14.4""}, {""type"": ""Angle"", ""value"": ""0.67""}]"
2944935253.0,13,14.0,FirstHalf,Luis Romo,447635,972,h,52.0,81.2,46.3,91.1,Successful,11.423659658795856,119.93151184050782,Backward,Short,"[{""type"": ""Zone"", ""value"": ""Back""}, {""type"": ""PassEndX"", ""value"": ""46.3""}, {""type"": ""PassEndY"", ""value"": ""91.1""}, {""type"": ""Length"", ""value"": ""9.0""}, {""type"": ""Angle"", ""value"": ""2.30""}]"
2944935271.0,13,19.0,FirstHalf,Jesús Gallardo,252248,972,h,52.0,85.4,50.1,76.7,Successful,8.905054744357278,-102.3194452566366,Lateral,Short,"[{""type"": ""Zone"", ""value"": ""Center""}, {""type"": ""PassEndX"", ""value"": ""50.1""}, {""type"": ""PassEndY"", ""value"": ""76.7""}, {""type"": ""Length"", ""value"": ""6.2""}, {""type"": ""Angle"", ""value"": ""4.39""}]"
2944935273.0,13,23.0,FirstHalf,Érik Lira,447638,972,h,45.9,65.8,42.2,45.4,Successful,20.732824216685962,-100.28012870519457,Lateral,Short,"[{""type"": ""Zone"", ""value"": ""Back""}, {""type"": ""PassEndX"", ""value"": ""42.2""}, {""type"": ""PassEndY"", ""value"": ""45.4""}, {""type"": ""Length"", ""value"": ""14.4""}, {""type"": ""Angle"", ""value"": ""4.44""}]"
2944935285.0,13,26.0,FirstHalf,Edson Álvarez,322696,972,h,42.3,47.2,35.8,66.6,Successful,20.459960899278368,108.52350482584197,Backward,Short,"[{""type"": ""Zone"", ""value"": ""Back""}, {""type"": ""PassEndX"", ""value"": ""35.8""}, {""type"": ""PassEndY"", ""value"": ""66.6""}, {""type"": ""Length"", ""value"": ""14.9""}, {""type"": ""Angle"", ""value"": ""2.05""}]"
2944935293.0,13,34.0,FirstHalf,Johan Vásquez,425115,972,h,42.1,67.2,32.7,46.3,Successful,22.916587878652447,-114.21634544156001,Backward,Short,"[{""type"": ""Zone"", ""value"": ""Back""}, {""type"": ""PassEndX"", ""value"": ""32.7""}, {""type"": ""PassEndY"", ""value"": ""46.3""}, {""type"": ""Length"", ""value"": ""17.3""}, {""type"": ""Angle"", ""value"": ""4.11""}]"
2944935307.0,13,36.0,FirstHalf,Edson Álvarez,322696,972,h,32.7,46.3,43.2,16.7,Successful,31.407164787672254,-70.46889106703415,Forward,Short,"[{""type"": ""Zone"", ""value"": ""Back""}, {""type"": ""PassEndX"", ""value"": ""43.2""}, {""type"": ""PassEndY"", ""value"": ""16.7""}, {""type"": ""Length"", ""value"": ""22.9""}, {""type"": ""Angle"", ""value"": ""5.21""}]"
2944935311.0,13,40.0,FirstHalf,Roberto Alvarado,447636,972,h,42.0,31.9,35.7,45.8,Successful,15.261061562027718,114.38181187689551,Backward,Short,"[{""type"": ""Zone"", ""value"": ""Back""}, {""type"": ""PassEndX"", ""value"": ""35.7""}, {""type"": ""PassEndY"", ""value"": ""45.8""}, {""type"": ""Length"", ""value"": ""11.5""}, {""type"": ""Angle"", ""value"": ""2.18""}]"
2944935313.0,13,42.0,FirstHalf,Edson Álvarez,322696,972,h,35.7,45.8,44.9,55.2,Successful,13.152946437965907,45.61605990839926,Forward,Short,"[{""type"": ""Zone"", ""value"": ""Back""}, {""type"": ""PassEndX"", ""value"": ""44.9""}, {""type"": ""PassEndY"", ""value"": ""55.2""}, {""type"": ""Length"", ""value"": ""11.6""}, {""type"": ""Angle"", ""value"": ""0.58""}]"
2944935315.0,13,45.0,FirstHalf,Brian Gutiérrez,396565,972,h,43.1,58.8,34.9,62.1,Successful,8.839117603018984,158.07822140604083,Backward,Short,"[{""type"": ""Zone"", ""value"": ""Back""}, {""type"": ""PassEndX"", ""value"": ""34.9""}, {""type"": ""PassEndY"", ""value"": ""62.1""}, {""type"": ""Length"", ""value"": ""8.9""}, {""type"": ""Angle"", ""value"": ""2.89""}]"
2944935317.0,13,47.0,FirstHalf,Johan Vásquez,425115,972,h,34.9,62.1,43.9,92.0,Successful,31.22515011973521,73.2480296034241,Forward,Short,"[{""type"": ""Zone"", ""value"": ""Back""}, {""type"": ""PassEndX"", ""value"": ""43.9""}, {""type"": ""PassEndY"", ""value"": ""92.0""}, {""type"": ""Length"", ""value"": ""22.4""}, {""type"": ""Angle"", ""value"": ""1.14""}]"
2944935321.0,13,50.0,FirstHalf,Luis Romo,447635,972,h,42.1,90.8,32.8,75.6,Successful,17.819371481620784,-121.46005019802904,Backward,Short,"[{""type"": ""Zone"", ""value"": ""Back""}, {""type"": ""PassEndX"", ""value"": ""32.8""}, {""type"": ""PassEndY"", ""value"": ""75.6""}, {""type"": ""Length"", ""value"": ""14.2""}, {""type"": ""Angle"", ""value"": ""3.96""}]"
2944935323.0,13,54.0,FirstHalf,Johan Vásquez,425115,972,h,33.2,66.7,30.6,49.6,Successful,17.296531444194237,-98.64542253425363,Lateral,Short,"[{""type"": ""Zone"", ""value"": ""Back""}, {""type"": ""PassEndX"", ""value"": ""30.6""}, {""type"": ""PassEndY"", ""value"": ""49.6""}, {""type"": ""Length"", ""value"": ""11.9""}, {""type"": ""Angle"", ""value"": ""4.48""}]"
2944935327.0,13,57.0,FirstHalf,Edson Álvarez,322696,972,h,31.2,39.7,35.0,15.2,Successful,24.792942544199956,-81.1835577610234,Lateral,Short,"[{""type"": ""Zone"", ""value"": ""Back""}, {""type"": ""PassEndX"", ""value"": ""35.0""}, {""type"": ""PassEndY"", ""value"": ""15.2""}, {""type"": ""Length"", ""value"": ""17.1""}, {""type"": ""Angle"", ""value"": ""4.95""}]"
2944935329.0,13,59.0,FirstHalf,Jorge Sánchez,447643,972,h,35.0,15.2,29.4,44.2,Successful,29.5357410606201,100.92948800218039,Backward,Short,"[{""type"": ""Zone"", ""value"": ""Back""}, {""type"": ""PassEndX"", ""value"": ""29.4""}, {""type"": ""PassEndY"", ""value"": ""44.2""}, {""type"": ""Length"", ""value"": ""20.6""}, {""type"": ""Angle"", ""value"": ""1.86""}]"
2944935333.0,14,2.0,FirstHalf,Edson Álvarez,322696,972,h,29.4,44.2,26.4,59.1,Successful,15.199013125857874,101.38386247107215,Lateral,Short,"[{""type"": ""Zone"", ""value"": ""Back""}, {""type"": ""PassEndX"", ""value"": ""26.4""}, {""type"": ""PassEndY"", ""value"": ""59.1""}, {""type"": ""Length"", ""value"": ""10.6""}, {""type"": ""Angle"", ""value"": ""1.87""}]"
2944935339.0,14,3.0,FirstHalf,Johan Vásquez,425115,972,h,26.4,60.3,35.6,92.0,Successful,33.008029326210924,73.816171103775,Forward,Short,"[{""type"": ""Zone"", ""value"": ""Back""}, {""type"": ""PassEndX"", ""value"": ""35.6""}, {""type"": ""PassEndY"", ""value"": ""92.0""}, {""type"": ""Length"", ""value"": ""23.6""}, {""type"": ""Angle"", ""value"": ""1.15""}]"
2944935347.0,14,7.0,FirstHalf,Luis Romo,447635,972,h,32.0,82.8,54.8,53.4,Unsuccessful,37.20483839502599,-52.20605700138328,Forward,Chipped,"[{""type"": ""Zone"", ""value"": ""Center""}, {""type"": ""PassEndX"", ""value"": ""54.8""}, {""type"": ""PassEndY"", ""value"": ""53.4""}, {""type"": ""Chipped""}, {""type"": ""Length"", ""value"": ""31.2""}, {""type"": ""Angle"", ""value"": ""5.59""}]"
2944935349.0,14,10.0,FirstHalf,Paik Seung-Ho,362786,1159,a,45.7,46.6,69.0,31.6,Unsuccessful,27.710828208481967,-32.77249585456559,Forward,Short,"[{""type"": ""HeadPass""}, {""type"": ""Zone"", ""value"": ""Center""}, {""type"": ""PassEndX"", ""value"": ""69.0""}, {""type"": ""PassEndY"", ""value"": ""31.6""}, {""type"": ""Length"", ""value"": ""26.5""}, {""type"": ""Angle"", ""value"": ""5.89""}]"
2944935351.0,14,11.0,FirstHalf,Érik Lira,447638,972,h,40.3,61.7,49.4,55.6,Successful,10.95536398299938,-33.83511982245141,Forward,Short,"[{""type"": ""Zone"", ""value"": ""Back""}, {""type"": ""PassEndX"", ""value"": ""49.4""}, {""type"": ""PassEndY"", ""value"": ""55.6""}, {""type"": ""Length"", ""value"": ""10.4""}, {""type"": ""Angle"", ""value"": ""5.87""}]"
2944935353.0,14,12.0,FirstHalf,Raúl Jiménez,108186,972,h,48.6,54.6,42.6,68.1,Successful,14.77328670269415,113.9624889745782,Backward,Short,"[{""type"": ""Zone"", ""value"": ""Back""}, {""type"": ""PassEndX"", ""value"": ""42.6""}, {""type"": ""PassEndY"", ""value"": ""68.1""}, {""type"": ""LayOff""}, {""type"": ""Length"", ""value"": ""11.1""}, {""type"": ""Angle"", ""value"": ""2.17""}]"
2944935361.0,14,14.0,FirstHalf,Luis Romo,447635,972,h,42.6,68.1,58.3,84.4,Successful,22.631394124092317,46.074169998372646,Forward,Short,"[{""type"": ""Zone"", ""value"": ""Left""}, {""type"": ""PassEndX"", ""value"": ""58.3""}, {""type"": ""PassEndY"", ""value"": ""84.4""}, {""type"": ""Length"", ""value"": ""19.9""}, {""type"": ""Angle"", ""value"": ""0.59""}]"
2944935363.0,14,18.0,FirstHalf,Jesús Gallardo,252248,972,h,67.1,84.1,68.0,71.8,Unsuccessful,12.332882874656677,-85.81508387488157,Lateral,Short,"[{""type"": ""Zone"", ""value"": ""Center""}, {""type"": ""PassEndX"", ""value"": ""68.0""}, {""type"": ""PassEndY"", ""value"": ""71.8""}, {""type"": ""Length"", ""value"": ""8.4""}, {""type"": ""Angle"", ""value"": ""4.82""}]"
2944935383.0,14,26.0,FirstHalf,Johan Vásquez,425115,972,h,43.3,70.9,38.4,50.3,Successful,21.174749113035563,-103.3799631270613,Lateral,Short,"[{""type"": ""Zone"", ""value"": ""Back""}, {""type"": ""PassEndX"", ""value"": ""38.4""}, {""type"": ""PassEndY"", ""value"": ""50.3""}, {""type"": ""Length"", ""value"": ""14.9""}, {""type"": ""Angle"", ""value"": ""4.36""}]"
2944935393.0,14,32.0,FirstHalf,Edson Álvarez,322696,972,h,43.0,44.8,41.4,63.1,Successful,18.369812192834203,94.99676066457135,Lateral,Short,"[{""type"": ""Zone"", ""value"": ""Back""}, {""type"": ""PassEndX"", ""value"": ""41.4""}, {""type"": ""PassEndY"", ""value"": ""63.1""}, {""type"": ""Length"", ""value"": ""12.6""}, {""type"": ""Angle"", ""value"": ""1.70""}]"
2944935397.0,14,40.0,FirstHalf,Johan Vásquez,425115,972,h,52.3,64.8,43.7,45.2,Successful,21.40373799129488,-113.69068940282737,Backward,Short,"[{""type"": ""Zone"", ""value"": ""Back""}, {""type"": ""PassEndX"", ""value"": ""43.7""}, {""type"": ""PassEndY"", ""value"": ""45.2""}, {""type"": ""Length"", ""value"": ""16.1""}, {""type"": ""Angle"", ""value"": ""4.12""}]"
2944935407.0,14,44.0,FirstHalf,Edson Álvarez,322696,972,h,46.5,39.4,62.6,45.4,Successful,17.181676286090365,20.438955914913034,Forward,Short,"[{""type"": ""Zone"", ""value"": ""Center""}, {""type"": ""PassEndX"", ""value"": ""62.6""}, {""type"": ""PassEndY"", ""value"": ""45.4""}, {""type"": ""Length"", ""value"": ""17.4""}, {""type"": ""Angle"", ""value"": ""0.24""}]"
2944935417.0,14,49.0,FirstHalf,Paik Seung-Ho,362786,1159,a,39.7,66.5,43.3,74.3,Successful,8.590692637965807,65.22485943116811,Lateral,Short,"[{""type"": ""Zone"", ""value"": ""Back""}, {""type"": ""PassEndX"", ""value"": ""43.3""}, {""type"": ""PassEndY"", ""value"": ""74.3""}, {""type"": ""Length"", ""value"": ""6.5""}, {""type"": ""Angle"", ""value"": ""0.95""}]"
2944935435.0,15,4.0,FirstHalf,Paik Seung-Ho,362786,1159,a,42.8,77.3,33.1,49.0,Successful,29.916216338300533,-108.91946817796675,Backward,Short,"[{""type"": ""FreekickTaken""}, {""type"": ""Zone"", ""value"": ""Back""}, {""type"": ""PassEndX"", ""value"": ""33.1""}, {""type"": ""PassEndY"", ""value"": ""49.0""}, {""type"": ""Length"", ""value"": ""21.8""}, {""type"": ""Angle"", ""value"": ""4.23""}]"
2944935445.0,15,7.0,FirstHalf,Kim Min-Jae,370912,1159,a,36.8,39.3,58.3,11.5,Successful,35.14384725666784,-52.2823040932075,Forward,Short,"[{""type"": ""Zone"", ""value"": ""Right""}, {""type"": ""PassEndX"", ""value"": ""58.3""}, {""type"": ""PassEndY"", ""value"": ""11.5""}, {""type"": ""Length"", ""value"": ""29.4""}, {""type"": ""Angle"", ""value"": ""5.59""}]"
2944935501.0,15,54.0,FirstHalf,Edson Álvarez,322696,972,h,25.4,40.7,28.5,51.2,Successful,10.948059188732952,73.55139187296018,Lateral,Short,"[{""type"": ""FreekickTaken""}, {""type"": ""Zone"", ""value"": ""Back""}, {""type"": ""PassEndX"", ""value"": ""28.5""}, {""type"": ""PassEndY"", ""value"": ""51.2""}, {""type"": ""Length"", ""value"": ""7.8""}, {""type"": ""Angle"", ""value"": ""1.14""}, {""type"": ""IndirectFreekickTaken""}]"
2944935505.0,15,56.0,FirstHalf,Luis Romo,447635,972,h,28.5,51.2,40.1,73.2,Successful,24.870866490735704,62.19854122006586,Forward,Short,"[{""type"": ""Zone"", ""value"": ""Back""}, {""type"": ""PassEndX"", ""value"": ""40.1""}, {""type"": ""PassEndY"", ""value"": ""73.2""}, {""type"": ""Length"", ""value"": ""19.3""}, {""type"": ""Angle"", ""value"": ""0.89""}]"
2944935515.0,16,2.0,FirstHalf,Kim Moon-Hwan,414214,1159,a,72.5,34.9,79.2,28.7,Successful,9.128526715741156,-42.78034444680209,Forward,Short,"[{""type"": ""Zone"", ""value"": ""Center""}, {""type"": ""PassEndX"", ""value"": ""79.2""}, {""type"": ""PassEndY"", ""value"": ""28.7""}, {""type"": ""Length"", ""value"": ""8.2""}, {""type"": ""Angle"", ""value"": ""5.74""}]"
2944935521.0,16,9.0,FirstHalf,Julián Quiñones,509557,972,h,25.5,70.6,26.7,62.1,Successful,8.584287972802397,-81.96428928946521,Lateral,Short,"[{""type"": ""Zone"", ""value"": ""Back""}, {""type"": ""PassEndX"", ""value"": ""26.7""}, {""type"": ""PassEndY"", ""value"": ""62.1""}, {""type"": ""Length"", ""value"": ""5.9""}, {""type"": ""Angle"", ""value"": ""4.93""}]"
2944935533.0,16,10.0,FirstHalf,Érik Lira,447638,972,h,26.7,62.1,37.1,90.0,Successful,29.77532535506539,69.55656426496567,Forward,Short,"[{""type"": ""Zone"", ""value"": ""Back""}, {""type"": ""PassEndX"", ""value"": ""37.1""}, {""type"": ""PassEndY"", ""value"": ""90.0""}, {""type"": ""Length"", ""value"": ""21.9""}, {""type"": ""Angle"", ""value"": ""1.05""}]"
2944935535.0,16,18.0,FirstHalf,Jesús Gallardo,252248,972,h,48.7,89.5,52.7,95.4,Successful,7.1281133548787,55.86405992208775,Lateral,Short,"[{""type"": ""Zone"", ""value"": ""Left""}, {""type"": ""PassEndX"", ""value"": ""52.7""}, {""type"": ""PassEndY"", ""value"": ""95.4""}, {""type"": ""Length"", ""value"": ""5.8""}, {""type"": ""Angle"", ""value"": ""0.76""}]"
2944935543.0,16,19.0,FirstHalf,Raúl Jiménez,108186,972,h,52.7,95.4,42.3,91.1,Successful,11.253888216967512,-157.5367875105928,Backward,Short,"[{""type"": ""Zone"", ""value"": ""Back""}, {""type"": ""PassEndX"", ""value"": ""42.3""}, {""type"": ""PassEndY"", ""value"": ""91.1""}, {""type"": ""Length"", ""value"": ""11.3""}, {""type"": ""Angle"", ""value"": ""3.40""}]"
2944935545.0,16,22.0,FirstHalf,Luis Romo,447635,972,h,40.0,84.2,36.3,50.4,Successful,34.0019117109612,-96.24714898990317,Lateral,Short,"[{""type"": ""Zone"", ""value"": ""Back""}, {""type"": ""PassEndX"", ""value"": ""36.3""}, {""type"": ""PassEndY"", ""value"": ""50.4""}, {""type"": ""Length"", ""value"": ""23.3""}, {""type"": ""Angle"", ""value"": ""4.54""}]"
2944935551.0,16,26.0,FirstHalf,Edson Álvarez,322696,972,h,38.0,42.7,46.7,9.8,Successful,34.030868340375925,-75.18788107358617,Forward,Short,"[{""type"": ""Zone"", ""value"": ""Back""}, {""type"": ""PassEndX"", ""value"": ""46.7""}, {""type"": ""PassEndY"", ""value"": ""9.8""}, {""type"": ""Length"", ""value"": ""24.2""}, {""type"": ""Angle"", ""value"": ""5.10""}]"
2944935553.0,16,32.0,FirstHalf,Roberto Alvarado,447636,972,h,56.4,5.6,54.0,19.0,Successful,13.613228860193308,100.15426658020026,Lateral,Short,"[{""type"": ""Zone"", ""value"": ""Right""}, {""type"": ""PassEndX"", ""value"": ""54.0""}, {""type"": ""PassEndY"", ""value"": ""19.0""}, {""type"": ""Length"", ""value"": ""9.5""}, {""type"": ""Angle"", ""value"": ""1.84""}]"
2944935621.0,17,1.0,FirstHalf,Kim Seung-Gyu,71968,1159,a,21.5,79.1,77.9,86.9,Successful,56.93680707591532,7.873938131725639,Forward,Short,"[{""type"": ""Longball""}, {""type"": ""FreekickTaken""}, {""type"": ""Zone"", ""value"": ""Left""}, {""type"": ""PassEndX"", ""value"": ""77.9""}, {""type"": ""PassEndY"", ""value"": ""86.9""}, {""type"": ""Length"", ""value"": ""59.5""}, {""type"": ""Angle"", ""value"": ""0.09""}, {""type"": ""IndirectFreekickTaken""}]"
2944935627.0,17,8.0,FirstHalf,Lee Jae-Sung,142959,1159,a,67.7,95.9,63.3,87.3,Successful,9.660227740586668,-117.09555249375181,Lateral,Short,"[{""type"": ""Zone"", ""value"": ""Left""}, {""type"": ""PassEndX"", ""value"": ""63.3""}, {""type"": ""PassEndY"", ""value"": ""87.3""}, {""type"": ""Length"", ""value"": ""7.5""}, {""type"": ""Angle"", ""value"": ""4.04""}]"
2944935635.0,17,12.0,FirstHalf,Paik Seung-Ho,362786,1159,a,65.0,94.8,69.5,95.1,Successful,4.509988913511872,3.814074834290318,Lateral,Short,"[{""type"": ""Zone"", ""value"": ""Left""}, {""type"": ""PassEndX"", ""value"": ""69.5""}, {""type"": ""PassEndY"", ""value"": ""95.1""}, {""type"": ""Length"", ""value"": ""4.7""}, {""type"": ""Angle"", ""value"": ""0.04""}]"
2944935637.0,17,14.0,FirstHalf,Son Heung-Min,91909,1159,a,71.1,95.4,71.0,72.8,Unsuccessful,22.60022123785518,-90.25351949377202,Lateral,Short,"[{""type"": ""Zone"", ""value"": ""Center""}, {""type"": ""PassEndX"", ""value"": ""71.0""}, {""type"": ""PassEndY"", ""value"": ""72.8""}, {""type"": ""Length"", ""value"": ""15.4""}, {""type"": ""Angle"", ""value"": ""4.71""}]"
2944935651.0,17,17.0,FirstHalf,Luis Romo,447635,972,h,26.1,26.8,24.5,19.2,Successful,7.766595135579041,-101.88865803962798,Lateral,Short,"[{""type"": ""Zone"", ""value"": ""Back""}, {""type"": ""PassEndX"", ""value"": ""24.5""}, {""type"": ""PassEndY"", ""value"": ""19.2""}, {""type"": ""Length"", ""value"": ""5.4""}, {""type"": ""Angle"", ""value"": ""4.40""}]"
2944935655.0,17,22.0,FirstHalf,Érik Lira,447638,972,h,30.6,31.0,34.0,42.7,Successful,12.184005909387933,73.79622578510924,Lateral,Short,"[{""type"": ""Zone"", ""value"": ""Back""}, {""type"": ""PassEndX"", ""value"": ""34.0""}, {""type"": ""PassEndY"", ""value"": ""42.7""}, {""type"": ""Length"", ""value"": ""8.7""}, {""type"": ""Angle"", ""value"": ""1.15""}]"
2944935657.0,17,24.0,FirstHalf,Luis Romo,447635,972,h,34.0,42.7,25.1,33.3,Successful,12.944883158993754,-133.43493091440772,Backward,Short,"[{""type"": ""Zone"", ""value"": ""Back""}, {""type"": ""PassEndX"", ""value"": ""25.1""}, {""type"": ""PassEndY"", ""value"": ""33.3""}, {""type"": ""Length"", ""value"": ""11.3""}, {""type"": ""Angle"", ""value"": ""3.74""}]"
2944935661.0,17,26.0,FirstHalf,Edson Álvarez,322696,972,h,25.1,33.3,29.6,67.9,Successful,34.89140295258992,82.58983104163686,Lateral,Short,"[{""type"": ""Zone"", ""value"": ""Back""}, {""type"": ""PassEndX"", ""value"": ""29.6""}, {""type"": ""PassEndY"", ""value"": ""67.9""}, {""type"": ""Length"", ""value"": ""24.0""}, {""type"": ""Angle"", ""value"": ""1.37""}]"
2944935663.0,17,30.0,FirstHalf,Johan Vásquez,425115,972,h,31.0,73.3,38.2,69.1,Successful,8.335466393669886,-30.25643716352927,Forward,Short,"[{""type"": ""Zone"", ""value"": ""Back""}, {""type"": ""PassEndX"", ""value"": ""38.2""}, {""type"": ""PassEndY"", ""value"": ""69.1""}, {""type"": ""Length"", ""value"": ""8.1""}, {""type"": ""Angle"", ""value"": ""5.92""}]"
2944935681.0,17,46.0,FirstHalf,Luis Romo,447635,972,h,40.7,64.2,34.0,63.7,Successful,6.718630812896333,-175.7321066997092,Backward,Short,"[{""type"": ""FreekickTaken""}, {""type"": ""Zone"", ""value"": ""Back""}, {""type"": ""PassEndX"", ""value"": ""34.0""}, {""type"": ""PassEndY"", ""value"": ""63.7""}, {""type"": ""Length"", ""value"": ""7.0""}, {""type"": ""Angle"", ""value"": ""3.19""}]"
2944935691.0,17,47.0,FirstHalf,Johan Vásquez,425115,972,h,34.0,63.7,29.7,41.3,Successful,22.80898945591409,-100.86655180133258,Lateral,Short,"[{""type"": ""Zone"", ""value"": ""Back""}, {""type"": ""PassEndX"", ""value"": ""29.7""}, {""type"": ""PassEndY"", ""value"": ""41.3""}, {""type"": ""Length"", ""value"": ""15.9""}, {""type"": ""Angle"", ""value"": ""4.42""}]"
2944935703.0,17,53.0,FirstHalf,Edson Álvarez,322696,972,h,33.3,36.9,32.2,18.2,Successful,18.73232500251904,-93.36646066342979,Lateral,Short,"[{""type"": ""Zone"", ""value"": ""Back""}, {""type"": ""PassEndX"", ""value"": ""32.2""}, {""type"": ""PassEndY"", ""value"": ""18.2""}, {""type"": ""Length"", ""value"": ""12.8""}, {""type"": ""Angle"", ""value"": ""4.62""}]"
2944935705.0,17,55.0,FirstHalf,Jorge Sánchez,447643,972,h,32.2,18.2,29.9,44.2,Successful,26.101532522057017,95.0553135180542,Lateral,Short,"[{""type"": ""Zone"", ""value"": ""Back""}, {""type"": ""PassEndX"", ""value"": ""29.9""}, {""type"": ""PassEndY"", ""value"": ""44.2""}, {""type"": ""Length"", ""value"": ""17.8""}, {""type"": ""Angle"", ""value"": ""1.71""}]"
2944935715.0,17,57.0,FirstHalf,Edson Álvarez,322696,972,h,29.9,44.2,23.7,63.9,Successful,20.65260274154325,107.469873830377,Backward,Short,"[{""type"": ""Zone"", ""value"": ""Back""}, {""type"": ""PassEndX"", ""value"": ""23.7""}, {""type"": ""PassEndY"", ""value"": ""63.9""}, {""type"": ""Length"", ""value"": ""14.9""}, {""type"": ""Angle"", ""value"": ""2.02""}]"
2944935725.0,17,59.0,FirstHalf,Johan Vásquez,425115,972,h,23.2,64.5,3.0,40.1,Successful,31.676489704511134,-129.62029840087462,Backward,Short,"[{""type"": ""Zone"", ""value"": ""Back""}, {""type"": ""PassEndX"", ""value"": ""3.0""}, {""type"": ""PassEndY"", ""value"": ""40.1""}, {""type"": ""Length"", ""value"": ""26.9""}, {""type"": ""Angle"", ""value"": ""3.81""}]"
2944935727.0,18,2.0,FirstHalf,Raúl Rangel,527319,972,h,3.0,40.1,55.7,31.8,Unsuccessful,53.3496016854859,-8.950293433601773,Forward,Short,"[{""type"": ""Longball""}, {""type"": ""Zone"", ""value"": ""Center""}, {""type"": ""PassEndX"", ""value"": ""55.7""}, {""type"": ""PassEndY"", ""value"": ""31.8""}, {""type"": ""Length"", ""value"": ""55.6""}, {""type"": ""Angle"", ""value"": ""6.18""}]"
2944935745.0,18,9.0,FirstHalf,Lee Gi-Hyuk,447593,1159,a,44.3,68.2,43.7,87.8,Unsuccessful,19.6091815229499,91.75340486007153,Lateral,Short,"[{""type"": ""HeadPass""}, {""type"": ""Zone"", ""value"": ""Back""}, {""type"": ""PassEndX"", ""value"": ""43.7""}, {""type"": ""PassEndY"", ""value"": ""87.8""}, {""type"": ""Length"", ""value"": ""13.3""}, {""type"": ""Angle"", ""value"": ""1.62""}]"
2944935757.0,18,12.0,FirstHalf,Seol Young-Woo,477549,1159,a,33.5,86.4,39.0,75.0,Successful,12.657408897558778,-64.24472923983292,Forward,Short,"[{""type"": ""Zone"", ""value"": ""Back""}, {""type"": ""PassEndX"", ""value"": ""39.0""}, {""type"": ""PassEndY"", ""value"": ""75.0""}, {""type"": ""Length"", ""value"": ""9.7""}, {""type"": ""Angle"", ""value"": ""5.35""}]"
2944935759.0,18,14.0,FirstHalf,Paik Seung-Ho,362786,1159,a,39.0,75.0,32.0,95.9,Successful,22.04109797628059,108.51715218045453,Backward,Short,"[{""type"": ""Zone"", ""value"": ""Back""}, {""type"": ""PassEndX"", ""value"": ""32.0""}, {""type"": ""PassEndY"", ""value"": ""95.9""}, {""type"": ""Length"", ""value"": ""16.0""}, {""type"": ""Angle"", ""value"": ""2.05""}]"
2944935763.0,18,16.0,FirstHalf,Seol Young-Woo,477549,1159,a,32.9,95.3,33.3,84.0,Successful,11.307077429645556,-87.97267729949982,Lateral,Short,"[{""type"": ""Zone"", ""value"": ""Back""}, {""type"": ""PassEndX"", ""value"": ""33.3""}, {""type"": ""PassEndY"", ""value"": ""84.0""}, {""type"": ""Length"", ""value"": ""7.7""}, {""type"": ""Angle"", ""value"": ""4.77""}]"
2944936261.0,18,18.0,FirstHalf,Paik Seung-Ho,362786,1159,a,38.0,82.2,35.3,93.0,Successful,11.132385189167682,104.0362434679265,Lateral,Short,"[{""type"": ""Zone"", ""value"": ""Back""}, {""type"": ""PassEndX"", ""value"": ""35.3""}, {""type"": ""PassEndY"", ""value"": ""93.0""}, {""type"": ""Length"", ""value"": ""7.9""}, {""type"": ""Angle"", ""value"": ""1.94""}]"
2944936289.0,18,19.0,FirstHalf,Seol Young-Woo,477549,1159,a,32.6,93.2,24.6,93.4,Successful,8.002499609497024,178.56790381583534,Backward,Short,"[{""type"": ""Zone"", ""value"": ""Back""}, {""type"": ""PassEndX"", ""value"": ""24.6""}, {""type"": ""PassEndY"", ""value"": ""93.4""}, {""type"": ""Length"", ""value"": ""8.4""}, {""type"": ""Angle"", ""value"": ""3.13""}]"
2944935765.0,18,21.0,FirstHalf,Lee Gi-Hyuk,447593,1159,a,27.0,94.4,59.0,92.4,Unsuccessful,32.0624390837628,-3.576334374997351,Forward,Chipped,"[{""type"": ""Longball""}, {""type"": ""Zone"", ""value"": ""Left""}, {""type"": ""PassEndX"", ""value"": ""59.0""}, {""type"": ""PassEndY"", ""value"": ""92.4""}, {""type"": ""Chipped""}, {""type"": ""Length"", ""value"": ""33.6""}, {""type"": ""Angle"", ""value"": ""6.24""}]"
2944935767.0,18,22.0,FirstHalf,Edson Álvarez,322696,972,h,43.3,6.7,63.1,43.7,Unsuccessful,41.9647471099255,61.847199436467086,Forward,Short,"[{""type"": ""Longball""}, {""type"": ""Zone"", ""value"": ""Center""}, {""type"": ""PassEndX"", ""value"": ""63.1""}, {""type"": ""PassEndY"", ""value"": ""43.7""}, {""type"": ""Length"", ""value"": ""32.6""}, {""type"": ""Angle"", ""value"": ""0.88""}]"
2944935769.0,18,24.0,FirstHalf,Hwang In-Beom,371030,1159,a,40.5,65.1,63.3,69.6,Successful,23.239836488237174,11.164880177548593,Forward,Short,"[{""type"": ""HeadPass""}, {""type"": ""Zone"", ""value"": ""Center""}, {""type"": ""PassEndX"", ""value"": ""63.3""}, {""type"": ""PassEndY"", ""value"": ""69.6""}, {""type"": ""Length"", ""value"": ""24.1""}, {""type"": ""Angle"", ""value"": ""0.13""}]"
2944935771.0,18,28.0,FirstHalf,Lee Kang-In,367780,1159,a,63.3,69.6,53.4,72.3,Successful,10.261578825892242,164.7448812969422,Backward,Short,"[{""type"": ""HeadPass""}, {""type"": ""Zone"", ""value"": ""Center""}, {""type"": ""PassEndX"", ""value"": ""53.4""}, {""type"": ""PassEndY"", ""value"": ""72.3""}, {""type"": ""Length"", ""value"": ""10.6""}, {""type"": ""Angle"", ""value"": ""2.97""}]"
2944935773.0,18,30.0,FirstHalf,Lee Jae-Sung,142959,1159,a,53.4,72.3,30.4,26.2,Successful,51.5190256119038,-116.51531526985411,Backward,Chipped,"[{""type"": ""Longball""}, {""type"": ""Zone"", ""value"": ""Back""}, {""type"": ""PassEndX"", ""value"": ""30.4""}, {""type"": ""PassEndY"", ""value"": ""26.2""}, {""type"": ""Chipped""}, {""type"": ""Length"", ""value"": ""39.6""}, {""type"": ""Angle"", ""value"": ""4.06""}]"
2944935775.0,18,32.0,FirstHalf,Lee Han-Beom,531031,1159,a,30.9,25.6,34.3,13.0,Successful,13.050670480860363,-74.89890183861458,Lateral,Short,"[{""type"": ""HeadPass""}, {""type"": ""Zone"", ""value"": ""Back""}, {""type"": ""PassEndX"", ""value"": ""34.3""}, {""type"": ""PassEndY"", ""value"": ""13.0""}, {""type"": ""Length"", ""value"": ""9.3""}, {""type"": ""Angle"", ""value"": ""5.11""}]"
2944935781.0,18,33.0,FirstHalf,Kim Moon-Hwan,414214,1159,a,34.3,13.0,15.0,32.0,Successful,27.083020511013906,135.4487828285289,Backward,Short,"[{""type"": ""HeadPass""}, {""type"": ""Zone"", ""value"": ""Back""}, {""type"": ""PassEndX"", ""value"": ""15.0""}, {""type"": ""PassEndY"", ""value"": ""32.0""}, {""type"": ""Length"", ""value"": ""24.0""}, {""type"": ""Angle"", ""value"": ""2.57""}]"
2944935783.0,18,40.0,FirstHalf,Kim Min-Jae,370912,1159,a,6.2,5.2,37.3,15.8,Unsuccessful,32.85681055732586,18.82095882147228,Forward,Short,"[{""type"": ""Longball""}, {""type"": ""Zone"", ""value"": ""Back""}, {""type"": ""PassEndX"", ""value"": ""37.3""}, {""type"": ""PassEndY"", ""value"": ""15.8""}, {""type"": ""Length"", ""value"": ""33.4""}, {""type"": ""Angle"", ""value"": ""0.22""}]"
2944935787.0,18,44.0,FirstHalf,Paik Seung-Ho,362786,1159,a,33.7,32.2,46.0,16.1,Successful,20.26079958935481,-52.62107130929706,Forward,Short,"[{""type"": ""HeadPass""}, {""type"": ""Zone"", ""value"": ""Back""}, {""type"": ""PassEndX"", ""value"": ""46.0""}, {""type"": ""PassEndY"", ""value"": ""16.1""}, {""type"": ""Length"", ""value"": ""16.9""}, {""type"": ""Angle"", ""value"": ""5.58""}]"
2944936465.0,18,46.0,FirstHalf,Lee Jae-Sung,142959,1159,a,42.3,13.6,34.1,10.3,Successful,8.839117603018975,-158.07822140604085,Backward,Short,"[{""type"": ""HeadPass""}, {""type"": ""Zone"", ""value"": ""Back""}, {""type"": ""PassEndX"", ""value"": ""34.1""}, {""type"": ""PassEndY"", ""value"": ""10.3""}, {""type"": ""LayOff""}, {""type"": ""Length"", ""value"": ""8.9""}, {""type"": ""Angle"", ""value"": ""3.40""}]"
2944935791.0,18,47.0,FirstHalf,Hwang In-Beom,371030,1159,a,38.2,20.9,35.0,10.1,Successful,11.264102272262978,-106.50436138175505,Lateral,Short,"[{""type"": ""HeadPass""}, {""type"": ""Zone"", ""value"": ""Back""}, {""type"": ""PassEndX"", ""value"": ""35.0""}, {""type"": ""PassEndY"", ""value"": ""10.1""}, {""type"": ""Length"", ""value"": ""8.1""}, {""type"": ""Angle"", ""value"": ""4.28""}]"
2944935797.0,18,50.0,FirstHalf,Kim Moon-Hwan,414214,1159,a,39.5,5.6,42.8,11.2,Successful,6.499999999999998,59.48976259388447,Lateral,Short,"[{""type"": ""Zone"", ""value"": ""Back""}, {""type"": ""PassEndX"", ""value"": ""42.8""}, {""type"": ""PassEndY"", ""value"": ""11.2""}, {""type"": ""Length"", ""value"": ""5.1""}, {""type"": ""Angle"", ""value"": ""0.83""}]"
2944935803.0,18,51.0,FirstHalf,Hwang In-Beom,371030,1159,a,40.4,12.7,45.8,8.3,Successful,6.965629906907197,-39.173657970444225,Forward,Short,"[{""type"": ""Zone"", ""value"": ""Back""}, {""type"": ""PassEndX"", ""value"": ""45.8""}, {""type"": ""PassEndY"", ""value"": ""8.3""}, {""type"": ""Length"", ""value"": ""6.4""}, {""type"": ""Angle"", ""value"": ""5.80""}]"
2944935827.0,18,55.0,FirstHalf,Érik Lira,447638,972,h,58.2,86.8,45.1,80.6,Successful,14.493101807411692,-154.67262805459285,Backward,Short,"[{""type"": ""Zone"", ""value"": ""Back""}, {""type"": ""PassEndX"", ""value"": ""45.1""}, {""type"": ""PassEndY"", ""value"": ""80.6""}, {""type"": ""Length"", ""value"": ""14.4""}, {""type"": ""Angle"", ""value"": ""3.44""}]"
2944935835.0,18,57.0,FirstHalf,Johan Vásquez,425115,972,h,45.1,80.6,52.5,70.8,Successful,12.280065146406997,-52.94347181059041,Forward,Short,"[{""type"": ""Zone"", ""value"": ""Center""}, {""type"": ""PassEndX"", ""value"": ""52.5""}, {""type"": ""PassEndY"", ""value"": ""70.8""}, {""type"": ""Length"", ""value"": ""10.2""}, {""type"": ""Angle"", ""value"": ""5.57""}]"
2944935851.0,19,2.0,FirstHalf,Érik Lira,447638,972,h,49.7,62.2,45.7,42.7,Successful,19.90602923739438,-101.59217541029108,Lateral,Short,"[{""type"": ""Zone"", ""value"": ""Back""}, {""type"": ""PassEndX"", ""value"": ""45.7""}, {""type"": ""PassEndY"", ""value"": ""42.7""}, {""type"": ""Length"", ""value"": ""13.9""}, {""type"": ""Angle"", ""value"": ""4.41""}]"
2944935863.0,19,7.0,FirstHalf,Edson Álvarez,322696,972,h,46.3,34.8,61.4,13.4,Successful,26.191028998494886,-54.79292001875592,Forward,Short,"[{""type"": ""Zone"", ""value"": ""Right""}, {""type"": ""PassEndX"", ""value"": ""61.4""}, {""type"": ""PassEndY"", ""value"": ""13.4""}, {""type"": ""Length"", ""value"": ""21.5""}, {""type"": ""Angle"", ""value"": ""5.54""}]"
2944935867.0,19,8.0,FirstHalf,Jorge Sánchez,447643,972,h,61.2,12.9,70.6,5.5,Successful,11.963277142990538,-38.21102542556123,Forward,Short,"[{""type"": ""Zone"", ""value"": ""Right""}, {""type"": ""PassEndX"", ""value"": ""70.6""}, {""type"": ""PassEndY"", ""value"": ""5.5""}, {""type"": ""Length"", ""value"": ""11.1""}, {""type"": ""Angle"", ""value"": ""5.81""}]"
2944935871.0,19,14.0,FirstHalf,Roberto Alvarado,447636,972,h,76.0,12.8,90.0,47.9,Successful,37.789019569181725,68.254900843934,Forward,Cross,"[{""type"": ""Cross""}, {""type"": ""Zone"", ""value"": ""Center""}, {""type"": ""LeftFoot""}, {""type"": ""PassEndX"", ""value"": ""90.0""}, {""type"": ""PassEndY"", ""value"": ""47.9""}, {""type"": ""IntentionalAssist""}, {""type"": ""Chipped""}, {""type"": ""ShotAssist"", ""value"": ""15""}, {""type"": ""Length"", ""value"": ""28.0""}, {""type"": ""Angle"", ""value"": ""1.02""}, {""type"": ""KeyPass""}]"
2944935883.0,19,28.0,FirstHalf,Kim Seung-Gyu,71968,1159,a,8.9,50.7,14.0,24.7,Successful,26.49547131115052,-78.9021160749046,Forward,Short,"[{""type"": ""Zone"", ""value"": ""Back""}, {""type"": ""KeeperThrow""}, {""type"": ""PassEndX"", ""value"": ""14.0""}, {""type"": ""PassEndY"", ""value"": ""24.7""}, {""type"": ""Length"", ""value"": ""18.5""}, {""type"": ""Angle"", ""value"": ""5.01""}]"
2944935885.0,19,31.0,FirstHalf,Lee Han-Beom,531031,1159,a,14.0,24.7,25.0,9.1,Successful,19.08821626030049,-54.81125686799605,Forward,Short,"[{""type"": ""Zone"", ""value"": ""Back""}, {""type"": ""PassEndX"", ""value"": ""25.0""}, {""type"": ""PassEndY"", ""value"": ""9.1""}, {""type"": ""Length"", ""value"": ""15.7""}, {""type"": ""Angle"", ""value"": ""5.54""}]"
2944935887.0,19,33.0,FirstHalf,Kim Moon-Hwan,414214,1159,a,23.0,9.2,12.1,4.9,Successful,11.717508267545622,-158.4709931181609,Backward,Short,"[{""type"": ""Zone"", ""value"": ""Back""}, {""type"": ""PassEndX"", ""value"": ""12.1""}, {""type"": ""PassEndY"", ""value"": ""4.9""}, {""type"": ""Length"", ""value"": ""11.8""}, {""type"": ""Angle"", ""value"": ""3.39""}]"
2944935889.0,19,34.0,FirstHalf,Lee Han-Beom,531031,1159,a,12.6,4.7,45.7,33.1,Unsuccessful,43.613873939378514,40.62979291647335,Forward,Short,"[{""type"": ""Longball""}, {""type"": ""Zone"", ""value"": ""Back""}, {""type"": ""PassEndX"", ""value"": ""45.7""}, {""type"": ""PassEndY"", ""value"": ""33.1""}, {""type"": ""Length"", ""value"": ""39.8""}, {""type"": ""Angle"", ""value"": ""0.51""}]"
2944935893.0,19,41.0,FirstHalf,Edson Álvarez,322696,972,h,45.7,50.7,43.2,69.7,Successful,19.1637678967368,97.49585763972986,Lateral,Short,"[{""type"": ""Zone"", ""value"": ""Back""}, {""type"": ""PassEndX"", ""value"": ""43.2""}, {""type"": ""PassEndY"", ""value"": ""69.7""}, {""type"": ""Length"", ""value"": ""13.2""}, {""type"": ""Angle"", ""value"": ""1.77""}]"
2944935897.0,19,44.0,FirstHalf,Johan Vásquez,425115,972,h,43.2,69.7,43.0,48.8,Successful,20.900956915892635,-90.54826823630421,Lateral,Short,"[{""type"": ""Zone"", ""value"": ""Back""}, {""type"": ""PassEndX"", ""value"": ""43.0""}, {""type"": ""PassEndY"", ""value"": ""48.8""}, {""type"": ""Length"", ""value"": ""14.2""}, {""type"": ""Angle"", ""value"": ""4.70""}]"
2944935919.0,19,46.0,FirstHalf,Edson Álvarez,322696,972,h,43.0,44.8,55.3,15.0,Successful,32.23864141058056,-67.57153040617992,Forward,Short,"[{""type"": ""Zone"", ""value"": ""Right""}, {""type"": ""PassEndX"", ""value"": ""55.3""}, {""type"": ""PassEndY"", ""value"": ""15.0""}, {""type"": ""Length"", ""value"": ""24.0""}, {""type"": ""Angle"", ""value"": ""5.28""}]"
2944935931.0,19,51.0,FirstHalf,Jorge Sánchez,447643,972,h,58.3,11.0,43.3,25.3,Successful,20.724140512938046,136.36858080695313,Backward,Short,"[{""type"": ""Zone"", ""value"": ""Back""}, {""type"": ""PassEndX"", ""value"": ""43.3""}, {""type"": ""PassEndY"", ""value"": ""25.3""}, {""type"": ""Length"", ""value"": ""18.5""}, {""type"": ""Angle"", ""value"": ""2.59""}]"
2944935935.0,19,57.0,FirstHalf,Edson Álvarez,322696,972,h,45.1,29.5,39.0,50.4,Successful,21.77200036744442,106.27073121554483,Backward,Short,"[{""type"": ""Zone"", ""value"": ""Back""}, {""type"": ""PassEndX"", ""value"": ""39.0""}, {""type"": ""PassEndY"", ""value"": ""50.4""}, {""type"": ""Length"", ""value"": ""15.6""}, {""type"": ""Angle"", ""value"": ""1.99""}]"
2944935947.0,19,59.0,FirstHalf,Johan Vásquez,425115,972,h,37.2,53.7,40.1,85.7,Successful,32.13113754600045,84.82171529570188,Lateral,Short,"[{""type"": ""Zone"", ""value"": ""Back""}, {""type"": ""PassEndX"", ""value"": ""40.1""}, {""type"": ""PassEndY"", ""value"": ""85.7""}, {""type"": ""Length"", ""value"": ""22.0""}, {""type"": ""Angle"", ""value"": ""1.43""}]"
2944935949.0,20,3.0,FirstHalf,Jesús Gallardo,252248,972,h,37.5,80.8,13.2,63.1,Successful,30.062933988551414,-143.930590100419,Backward,Short,"[{""type"": ""Zone"", ""value"": ""Back""}, {""type"": ""PassEndX"", ""value"": ""13.2""}, {""type"": ""PassEndY"", ""value"": ""63.1""}, {""type"": ""Length"", ""value"": ""28.2""}, {""type"": ""Angle"", ""value"": ""3.58""}]"
2944935953.0,20,9.0,FirstHalf,Johan Vásquez,425115,972,h,12.8,61.1,21.8,38.8,Successful,24.047661008921434,-68.02161569573286,Forward,Short,"[{""type"": ""Zone"", ""value"": ""Back""}, {""type"": ""PassEndX"", ""value"": ""21.8""}, {""type"": ""PassEndY"", ""value"": ""38.8""}, {""type"": ""Length"", ""value"": ""17.9""}, {""type"": ""Angle"", ""value"": ""5.27""}]"
2944935955.0,20,15.0,FirstHalf,Edson Álvarez,322696,972,h,27.0,29.2,39.1,28.2,Successful,12.141251994749142,-4.724451697170886,Forward,Short,"[{""type"": ""Zone"", ""value"": ""Back""}, {""type"": ""PassEndX"", ""value"": ""39.1""}, {""type"": ""PassEndY"", ""value"": ""28.2""}, {""type"": ""Length"", ""value"": ""12.7""}, {""type"": ""Angle"", ""value"": ""6.23""}]"
2944935957.0,20,16.0,FirstHalf,Érik Lira,447638,972,h,39.1,28.2,44.2,8.6,Successful,20.25265414704947,-75.41483172725702,Forward,Short,"[{""type"": ""Zone"", ""value"": ""Back""}, {""type"": ""PassEndX"", ""value"": ""44.2""}, {""type"": ""PassEndY"", ""value"": ""8.6""}, {""type"": ""Length"", ""value"": ""14.4""}, {""type"": ""Angle"", ""value"": ""5.09""}]"
2944935991.0,20,50.0,FirstHalf,Seol Young-Woo,477549,1159,a,48.0,100.0,42.5,82.4,Successful,18.439360075664226,-107.35402463626133,Backward,ThrowIn,"[{""type"": ""Zone"", ""value"": ""Back""}, {""type"": ""ThrowIn""}, {""type"": ""PassEndX"", ""value"": ""42.5""}, {""type"": ""PassEndY"", ""value"": ""82.4""}, {""type"": ""Length"", ""value"": ""14.3""}, {""type"": ""Angle"", ""value"": ""4.30""}]"
2944935993.0,20,52.0,FirstHalf,Lee Jae-Sung,142959,1159,a,42.5,82.4,42.7,83.3,Unsuccessful,0.921954445729281,77.47119229084821,Lateral,Short,"[{""type"": ""Zone"", ""value"": ""Back""}, {""type"": ""PassEndX"", ""value"": ""42.7""}, {""type"": ""PassEndY"", ""value"": ""83.3""}, {""type"": ""Length"", ""value"": ""0.6""}, {""type"": ""Angle"", ""value"": ""1.24""}]"
2944935997.0,20,54.0,FirstHalf,Seol Young-Woo,477549,1159,a,57.3,96.0,69.5,100.0,Unsuccessful,12.839003076563229,18.15270588665115,Forward,Short,"[{""type"": ""Zone"", ""value"": ""Left""}, {""type"": ""PassEndX"", ""value"": ""69.5""}, {""type"": ""PassEndY"", ""value"": ""100.0""}, {""type"": ""Length"", ""value"": ""13.3""}, {""type"": ""Angle"", ""value"": ""0.27""}]"
2944936027.0,21,4.0,FirstHalf,Jorge Sánchez,447643,972,h,26.3,0.0,19.3,11.0,Successful,13.038404810405298,122.47119229084849,Backward,ThrowIn,"[{""type"": ""Zone"", ""value"": ""Back""}, {""type"": ""ThrowIn""}, {""type"": ""PassEndX"", ""value"": ""19.3""}, {""type"": ""PassEndY"", ""value"": ""11.0""}, {""type"": ""Length"", ""value"": ""11.5""}, {""type"": ""Angle"", ""value"": ""2.26""}]"
2944936029.0,21,13.0,FirstHalf,Edson Álvarez,322696,972,h,28.1,48.7,24.2,74.4,Successful,25.994230129011324,98.62885606302493,Lateral,Short,"[{""type"": ""Zone"", ""value"": ""Back""}, {""type"": ""PassEndX"", ""value"": ""24.2""}, {""type"": ""PassEndY"", ""value"": ""74.4""}, {""type"": ""Length"", ""value"": ""17.9""}, {""type"": ""Angle"", ""value"": ""1.80""}]"
2944936049.0,21,17.0,FirstHalf,Johan Vásquez,425115,972,h,23.2,72.7,10.4,44.2,Successful,31.242439085321106,-114.18593579566621,Backward,Short,"[{""type"": ""Zone"", ""value"": ""Back""}, {""type"": ""PassEndX"", ""value"": ""10.4""}, {""type"": ""PassEndY"", ""value"": ""44.2""}, {""type"": ""Length"", ""value"": ""23.6""}, {""type"": ""Angle"", ""value"": ""4.11""}]"
2944936059.0,21,24.0,FirstHalf,Raúl Rangel,527319,972,h,10.2,44.6,9.3,24.9,Successful,19.720547659738056,-92.61575487542187,Lateral,Short,"[{""type"": ""Zone"", ""value"": ""Back""}, {""type"": ""PassEndX"", ""value"": ""9.3""}, {""type"": ""PassEndY"", ""value"": ""24.9""}, {""type"": ""Length"", ""value"": ""13.4""}, {""type"": ""Angle"", ""value"": ""4.64""}]"
2944936081.0,21,28.0,FirstHalf,Edson Álvarez,322696,972,h,12.9,24.6,84.6,48.4,Unsuccessful,75.54687286711474,18.362999367841077,Forward,Short,"[{""type"": ""Longball""}, {""type"": ""Zone"", ""value"": ""Center""}, {""type"": ""PassEndX"", ""value"": ""84.6""}, {""type"": ""PassEndY"", ""value"": ""48.4""}, {""type"": ""Length"", ""value"": ""77.0""}, {""type"": ""Angle"", ""value"": ""0.21""}]"
2944936101.0,21,34.0,FirstHalf,Kim Seung-Gyu,71968,1159,a,13.7,49.6,21.7,25.0,Successful,25.868127106537884,-71.98530608179476,Forward,Short,"[{""type"": ""Zone"", ""value"": ""Back""}, {""type"": ""KeeperThrow""}, {""type"": ""PassEndX"", ""value"": ""21.7""}, {""type"": ""PassEndY"", ""value"": ""25.0""}, {""type"": ""Length"", ""value"": ""18.7""}, {""type"": ""Angle"", ""value"": ""5.18""}]"
2944936111.0,21,39.0,FirstHalf,Lee Han-Beom,531031,1159,a,24.0,30.4,9.4,48.4,Successful,23.17671245021606,129.04589256883497,Backward,Short,"[{""type"": ""Zone"", ""value"": ""Back""}, {""type"": ""PassEndX"", ""value"": ""9.4""}, {""type"": ""PassEndY"", ""value"": ""48.4""}, {""type"": ""Length"", ""value"": ""19.6""}, {""type"": ""Angle"", ""value"": ""2.47""}]"
2944936113.0,21,48.0,FirstHalf,Kim Seung-Gyu,71968,1159,a,10.0,58.4,55.5,78.5,Unsuccessful,49.74193401949707,23.83383975729306,Forward,Short,"[{""type"": ""Longball""}, {""type"": ""Zone"", ""value"": ""Center""}, {""type"": ""PassEndX"", ""value"": ""55.5""}, {""type"": ""PassEndY"", ""value"": ""78.5""}, {""type"": ""Length"", ""value"": ""49.7""}, {""type"": ""Angle"", ""value"": ""0.28""}]"
2944936115.0,21,50.0,FirstHalf,Jorge Sánchez,447643,972,h,40.5,23.6,54.7,36.4,Successful,19.117531221368516,42.031765970128276,Forward,Short,"[{""type"": ""HeadPass""}, {""type"": ""Zone"", ""value"": ""Center""}, {""type"": ""PassEndX"", ""value"": ""54.7""}, {""type"": ""PassEndY"", ""value"": ""36.4""}, {""type"": ""Length"", ""value"": ""17.3""}, {""type"": ""Angle"", ""value"": ""0.53""}]"
2944936121.0,21,52.0,FirstHalf,Luis Romo,447635,972,h,53.5,33.0,45.9,33.0,Successful,7.600000000000001,180.0,Backward,Short,"[{""type"": ""Zone"", ""value"": ""Back""}, {""type"": ""PassEndX"", ""value"": ""45.9""}, {""type"": ""PassEndY"", ""value"": ""33.0""}, {""type"": ""Length"", ""value"": ""8.0""}, {""type"": ""Angle"", ""value"": ""3.14""}]"
2944936131.0,21,58.0,FirstHalf,Érik Lira,447638,972,h,54.7,65.8,38.6,60.9,Successful,16.829141392239833,-163.07248693585296,Backward,Short,"[{""type"": ""Zone"", ""value"": ""Back""}, {""type"": ""PassEndX"", ""value"": ""38.6""}, {""type"": ""PassEndY"", ""value"": ""60.9""}, {""type"": ""Length"", ""value"": ""17.2""}, {""type"": ""Angle"", ""value"": ""3.34""}]"
2944936137.0,22,0.0,FirstHalf,Johan Vásquez,425115,972,h,36.9,60.9,32.6,38.2,Successful,23.103679360655953,-100.72629446612524,Lateral,Short,"[{""type"": ""Zone"", ""value"": ""Back""}, {""type"": ""PassEndX"", ""value"": ""32.6""}, {""type"": ""PassEndY"", ""value"": ""38.2""}, {""type"": ""Length"", ""value"": ""16.1""}, {""type"": ""Angle"", ""value"": ""4.43""}]"
2944936175.0,22,4.0,FirstHalf,Edson Álvarez,322696,972,h,35.0,32.4,44.6,5.2,Successful,28.844410203711913,-70.5599651718238,Forward,Short,"[{""type"": ""Zone"", ""value"": ""Back""}, {""type"": ""PassEndX"", ""value"": ""44.6""}, {""type"": ""PassEndY"", ""value"": ""5.2""}, {""type"": ""Length"", ""value"": ""21.1""}, {""type"": ""Angle"", ""value"": ""5.21""}]"
2944936181.0,22,10.0,FirstHalf,Jorge Sánchez,447643,972,h,55.4,7.4,51.4,23.6,Successful,16.686521506892923,103.86968643850504,Lateral,Short,"[{""type"": ""Zone"", ""value"": ""Center""}, {""type"": ""PassEndX"", ""value"": ""51.4""}, {""type"": ""PassEndY"", ""value"": ""23.6""}, {""type"": ""Length"", ""value"": ""11.8""}, {""type"": ""Angle"", ""value"": ""1.94""}]"
2944936187.0,22,12.0,FirstHalf,Luis Romo,447635,972,h,51.4,23.6,61.1,65.1,Successful,42.618540566284054,76.84415738103489,Forward,Short,"[{""type"": ""Zone"", ""value"": ""Center""}, {""type"": ""PassEndX"", ""value"": ""61.1""}, {""type"": ""PassEndY"", ""value"": ""65.1""}, {""type"": ""Length"", ""value"": ""30.0""}, {""type"": ""Angle"", ""value"": ""1.22""}]"
2944936189.0,22,18.0,FirstHalf,Julián Quiñones,509557,972,h,62.8,63.6,65.4,48.8,Successful,15.026643005009475,-80.0361958100928,Lateral,Short,"[{""type"": ""Zone"", ""value"": ""Center""}, {""type"": ""PassEndX"", ""value"": ""65.4""}, {""type"": ""PassEndY"", ""value"": ""48.8""}, {""type"": ""Length"", ""value"": ""10.4""}, {""type"": ""Angle"", ""value"": ""4.98""}]"
2944936191.0,22,19.0,FirstHalf,Luis Romo,447635,972,h,65.4,48.8,74.3,51.2,Successful,9.217917335276981,15.091572678594925,Forward,Short,"[{""type"": ""Zone"", ""value"": ""Center""}, {""type"": ""PassEndX"", ""value"": ""74.3""}, {""type"": ""PassEndY"", ""value"": ""51.2""}, {""type"": ""Length"", ""value"": ""9.5""}, {""type"": ""Angle"", ""value"": ""0.17""}]"
2944936195.0,22,20.0,FirstHalf,Brian Gutiérrez,396565,972,h,74.3,51.2,75.7,31.2,Successful,20.048940121612418,-85.99582705929059,Lateral,Short,"[{""type"": ""Zone"", ""value"": ""Center""}, {""type"": ""PassEndX"", ""value"": ""75.7""}, {""type"": ""PassEndY"", ""value"": ""31.2""}, {""type"": ""Length"", ""value"": ""13.7""}, {""type"": ""Angle"", ""value"": ""4.82""}]"
2944936197.0,22,23.0,FirstHalf,Jorge Sánchez,447643,972,h,75.7,31.2,100.0,12.8,Unsuccessful,30.480321520613916,-37.133065386087324,Forward,Short,"[{""type"": ""Zone"", ""value"": ""Right""}, {""type"": ""PassEndX"", ""value"": ""100.0""}, {""type"": ""PassEndY"", ""value"": ""12.8""}, {""type"": ""Length"", ""value"": ""29.6""}, {""type"": ""Angle"", ""value"": ""5.85""}]"
2944936415.0,25,37.0,FirstHalf,Kim Seung-Gyu,71968,1159,a,4.8,60.0,70.6,84.8,Unsuccessful,70.31841863978455,20.651410942956815,Forward,GoalKick,"[{""type"": ""Longball""}, {""type"": ""Zone"", ""value"": ""Left""}, {""type"": ""MissHigh""}, {""type"": ""GoalKick""}, {""type"": ""PassEndX"", ""value"": ""70.6""}, {""type"": ""PassEndY"", ""value"": ""84.8""}, {""type"": ""Length"", ""value"": ""71.1""}, {""type"": ""Angle"", ""value"": ""0.24""}]"
2944936429.0,25,46.0,FirstHalf,Seol Young-Woo,477549,1159,a,74.8,100.0,95.6,89.1,Successful,23.48297255459794,-27.656267402340603,Forward,ThrowIn,"[{""type"": ""Longball""}, {""type"": ""Zone"", ""value"": ""Left""}, {""type"": ""ThrowIn""}, {""type"": ""PassEndX"", ""value"": ""95.6""}, {""type"": ""PassEndY"", ""value"": ""89.1""}, {""type"": ""Length"", ""value"": ""23.4""}, {""type"": ""Angle"", ""value"": ""5.91""}]"
2944936435.0,25,48.0,FirstHalf,Son Heung-Min,91909,1159,a,92.5,96.3,84.8,93.9,Successful,8.065358020571685,-162.6883538911535,Backward,Short,"[{""type"": ""Zone"", ""value"": ""Left""}, {""type"": ""PassEndX"", ""value"": ""84.8""}, {""type"": ""PassEndY"", ""value"": ""93.9""}, {""type"": ""Length"", ""value"": ""8.2""}, {""type"": ""Angle"", ""value"": ""3.34""}]"
2944936439.0,25,52.0,FirstHalf,Seol Young-Woo,477549,1159,a,80.5,95.6,81.3,93.9,Unsuccessful,1.8788294228055822,-64.79887635452486,Lateral,Cross,"[{""type"": ""Cross""}, {""type"": ""RightFoot""}, {""type"": ""Zone"", ""value"": ""Left""}, {""type"": ""PassEndX"", ""value"": ""81.3""}, {""type"": ""PassEndY"", ""value"": ""93.9""}, {""type"": ""Chipped""}, {""type"": ""Length"", ""value"": ""1.4""}, {""type"": ""Angle"", ""value"": ""5.34""}, {""type"": ""OppositeRelatedEvent"", ""value"": ""251""}, {""type"": ""Offensive""}]"
2944936473.0,26,6.0,FirstHalf,Seol Young-Woo,477549,1159,a,60.2,100.0,67.0,86.1,Successful,15.474172029546528,-63.931720589846705,Forward,ThrowIn,"[{""type"": ""Zone"", ""value"": ""Left""}, {""type"": ""ThrowIn""}, {""type"": ""PassEndX"", ""value"": ""67.0""}, {""type"": ""PassEndY"", ""value"": ""86.1""}, {""type"": ""Length"", ""value"": ""12.8""}, {""type"": ""Angle"", ""value"": ""5.30""}]"
2944936475.0,26,9.0,FirstHalf,Lee Jae-Sung,142959,1159,a,67.0,86.1,71.1,83.4,Unsuccessful,4.90917508345342,-33.36636600105949,Lateral,Short,"[{""type"": ""HeadPass""}, {""type"": ""Zone"", ""value"": ""Left""}, {""type"": ""PassEndX"", ""value"": ""71.1""}, {""type"": ""PassEndY"", ""value"": ""83.4""}, {""type"": ""Length"", ""value"": ""4.7""}, {""type"": ""Angle"", ""value"": ""5.88""}]"
2944936477.0,26,9.0,FirstHalf,Érik Lira,447638,972,h,28.1,13.5,33.2,9.5,Successful,6.481512169239522,-38.10757687751485,Forward,Short,"[{""type"": ""HeadPass""}, {""type"": ""Zone"", ""value"": ""Back""}, {""type"": ""PassEndX"", ""value"": ""33.2""}, {""type"": ""PassEndY"", ""value"": ""9.5""}, {""type"": ""Length"", ""value"": ""6.0""}, {""type"": ""Angle"", ""value"": ""5.81""}]"
2944936479.0,26,11.0,FirstHalf,Roberto Alvarado,447636,972,h,32.7,9.5,56.3,25.2,Unsuccessful,28.345193596093143,33.634005137302786,Forward,Short,"[{""type"": ""Longball""}, {""type"": ""Zone"", ""value"": ""Center""}, {""type"": ""PassEndX"", ""value"": ""56.3""}, {""type"": ""PassEndY"", ""value"": ""25.2""}, {""type"": ""Length"", ""value"": ""27.0""}, {""type"": ""Angle"", ""value"": ""0.41""}]"
2944936489.0,26,14.0,FirstHalf,Kim Min-Jae,370912,1159,a,46.1,77.6,68.3,72.8,Unsuccessful,22.712991876897235,-12.20046872738078,Forward,Short,"[{""type"": ""HeadPass""}, {""type"": ""Zone"", ""value"": ""Center""}, {""type"": ""PassEndX"", ""value"": ""68.3""}, {""type"": ""PassEndY"", ""value"": ""72.8""}, {""type"": ""Length"", ""value"": ""23.5""}, {""type"": ""Angle"", ""value"": ""6.14""}]"
2944936491.0,26,14.0,FirstHalf,Érik Lira,447638,972,h,36.5,24.4,49.2,50.3,Unsuccessful,28.846143589741768,63.87909325603394,Forward,Short,"[{""type"": ""Longball""}, {""type"": ""Zone"", ""value"": ""Back""}, {""type"": ""PassEndX"", ""value"": ""49.2""}, {""type"": ""PassEndY"", ""value"": ""50.3""}, {""type"": ""Length"", ""value"": ""22.1""}, {""type"": ""Angle"", ""value"": ""0.92""}]"
2944936501.0,26,17.0,FirstHalf,Lee Han-Beom,531031,1159,a,50.8,49.7,67.5,46.6,Unsuccessful,16.985287751463034,-10.516046384544794,Forward,Short,"[{""type"": ""HeadPass""}, {""type"": ""Zone"", ""value"": ""Center""}, {""type"": ""PassEndX"", ""value"": ""67.5""}, {""type"": ""PassEndY"", ""value"": ""46.6""}, {""type"": ""Length"", ""value"": ""17.7""}, {""type"": ""Angle"", ""value"": ""6.16""}]"
2944936503.0,26,17.0,FirstHalf,Érik Lira,447638,972,h,36.8,51.9,35.0,73.0,Successful,21.17663807123312,94.87598621246218,Lateral,Short,"[{""type"": ""HeadPass""}, {""type"": ""Zone"", ""value"": ""Back""}, {""type"": ""PassEndX"", ""value"": ""35.0""}, {""type"": ""PassEndY"", ""value"": ""73.0""}, {""type"": ""Length"", ""value"": ""14.5""}, {""type"": ""Angle"", ""value"": ""1.70""}]"
2944936513.0,26,21.0,FirstHalf,Jesús Gallardo,252248,972,h,34.9,83.2,21.7,70.3,Successful,18.456706098326432,-135.6585431775636,Backward,Short,"[{""type"": ""Zone"", ""value"": ""Back""}, {""type"": ""PassEndX"", ""value"": ""21.7""}, {""type"": ""PassEndY"", ""value"": ""70.3""}, {""type"": ""Length"", ""value"": ""16.4""}, {""type"": ""Angle"", ""value"": ""3.71""}]"
2944936517.0,26,24.0,FirstHalf,Johan Vásquez,425115,972,h,21.7,70.3,29.3,64.2,Successful,9.74525525576421,-38.75162833496174,Forward,Short,"[{""type"": ""Zone"", ""value"": ""Back""}, {""type"": ""PassEndX"", ""value"": ""29.3""}, {""type"": ""PassEndY"", ""value"": ""64.2""}, {""type"": ""Length"", ""value"": ""9.0""}, {""type"": ""Angle"", ""value"": ""5.80""}]"
2944936537.0,26,26.0,FirstHalf,Érik Lira,447638,972,h,29.3,64.2,26.7,34.2,Successful,30.11245589452976,-94.95325747784207,Lateral,Short,"[{""type"": ""Zone"", ""value"": ""Back""}, {""type"": ""PassEndX"", ""value"": ""26.7""}, {""type"": ""PassEndY"", ""value"": ""34.2""}, {""type"": ""Length"", ""value"": ""20.6""}, {""type"": ""Angle"", ""value"": ""4.58""}]"
2944936541.0,26,32.0,FirstHalf,Edson Álvarez,322696,972,h,38.6,30.7,47.1,7.0,Successful,25.17816514363189,-70.26963874526896,Forward,Short,"[{""type"": ""Zone"", ""value"": ""Back""}, {""type"": ""PassEndX"", ""value"": ""47.1""}, {""type"": ""PassEndY"", ""value"": ""7.0""}, {""type"": ""Length"", ""value"": ""18.4""}, {""type"": ""Angle"", ""value"": ""5.22""}]"
2944936551.0,26,34.0,FirstHalf,Jorge Sánchez,447643,972,h,47.1,7.0,38.2,16.4,Successful,12.944883158993747,133.43493091440774,Backward,Short,"[{""type"": ""Zone"", ""value"": ""Back""}, {""type"": ""PassEndX"", ""value"": ""38.2""}, {""type"": ""PassEndY"", ""value"": ""16.4""}, {""type"": ""Length"", ""value"": ""11.3""}, {""type"": ""Angle"", ""value"": ""2.54""}]"
2944936555.0,26,36.0,FirstHalf,Edson Álvarez,322696,972,h,41.1,11.7,55.9,5.2,Successful,16.164467204334322,-23.71056191934819,Forward,Short,"[{""type"": ""Zone"", ""value"": ""Right""}, {""type"": ""PassEndX"", ""value"": ""55.9""}, {""type"": ""PassEndY"", ""value"": ""5.2""}, {""type"": ""Length"", ""value"": ""16.2""}, {""type"": ""Angle"", ""value"": ""6.01""}]"
2944936557.0,26,37.0,FirstHalf,Roberto Alvarado,447636,972,h,54.3,4.7,56.3,4.0,Unsuccessful,2.118962010041709,-19.29004621918874,Lateral,Short,"[{""type"": ""Zone"", ""value"": ""Right""}, {""type"": ""PassEndX"", ""value"": ""56.3""}, {""type"": ""PassEndY"", ""value"": ""4.0""}, {""type"": ""Length"", ""value"": ""2.2""}, {""type"": ""Angle"", ""value"": ""6.06""}, {""type"": ""OppositeRelatedEvent"", ""value"": ""240""}, {""type"": ""Offensive""}]"
2944936567.0,26,40.0,FirstHalf,Seol Young-Woo,477549,1159,a,47.0,96.5,55.4,88.8,Successful,11.395174417269795,-42.51044707800086,Forward,Short,"[{""type"": ""Zone"", ""value"": ""Left""}, {""type"": ""PassEndX"", ""value"": ""55.4""}, {""type"": ""PassEndY"", ""value"": ""88.8""}, {""type"": ""Length"", ""value"": ""10.3""}, {""type"": ""Angle"", ""value"": ""5.75""}]"
2944936569.0,26,42.0,FirstHalf,Son Heung-Min,91909,1159,a,47.4,78.6,47.1,66.8,Successful,11.803812943282349,-91.45635863433967,Lateral,Short,"[{""type"": ""Zone"", ""value"": ""Back""}, {""type"": ""PassEndX"", ""value"": ""47.1""}, {""type"": ""PassEndY"", ""value"": ""66.8""}, {""type"": ""Length"", ""value"": ""8.0""}, {""type"": ""Angle"", ""value"": ""4.67""}]"
2944936571.0,26,43.0,FirstHalf,Hwang In-Beom,371030,1159,a,47.1,66.8,36.2,83.3,Successful,19.775237040298656,123.44899273747473,Backward,Short,"[{""type"": ""Zone"", ""value"": ""Back""}, {""type"": ""PassEndX"", ""value"": ""36.2""}, {""type"": ""PassEndY"", ""value"": ""83.3""}, {""type"": ""Length"", ""value"": ""16.0""}, {""type"": ""Angle"", ""value"": ""2.37""}]"
2944936585.0,26,51.0,FirstHalf,Lee Gi-Hyuk,447593,1159,a,42.3,65.1,79.2,27.7,Unsuccessful,52.53922344306204,-45.38556470148613,Forward,Chipped,"[{""type"": ""Longball""}, {""type"": ""Zone"", ""value"": ""Center""}, {""type"": ""PassEndX"", ""value"": ""79.2""}, {""type"": ""PassEndY"", ""value"": ""27.7""}, {""type"": ""Chipped""}, {""type"": ""Length"", ""value"": ""46.3""}, {""type"": ""Angle"", ""value"": ""5.70""}]"
2944936587.0,26,53.0,FirstHalf,Jesús Gallardo,252248,972,h,22.9,70.0,8.7,50.4,Successful,24.203305559365234,-125.92294619907057,Backward,Short,"[{""type"": ""HeadPass""}, {""type"": ""Zone"", ""value"": ""Back""}, {""type"": ""PassEndX"", ""value"": ""8.7""}, {""type"": ""PassEndY"", ""value"": ""50.4""}, {""type"": ""Length"", ""value"": ""20.0""}, {""type"": ""Angle"", ""value"": ""3.87""}]"
2944936595.0,26,58.0,FirstHalf,Raúl Rangel,527319,972,h,9.5,50.0,32.6,66.3,Successful,28.271894170713075,35.20785375708252,Forward,Short,"[{""type"": ""Zone"", ""value"": ""Back""}, {""type"": ""PassEndX"", ""value"": ""32.6""}, {""type"": ""PassEndY"", ""value"": ""66.3""}, {""type"": ""Length"", ""value"": ""26.7""}, {""type"": ""Angle"", ""value"": ""0.43""}]"
2944936599.0,27,2.0,FirstHalf,Luis Romo,447635,972,h,36.0,64.3,53.0,85.4,Successful,27.096309711840842,51.14205151152347,Forward,Short,"[{""type"": ""Zone"", ""value"": ""Left""}, {""type"": ""PassEndX"", ""value"": ""53.0""}, {""type"": ""PassEndY"", ""value"": ""85.4""}, {""type"": ""Length"", ""value"": ""22.9""}, {""type"": ""Angle"", ""value"": ""0.68""}]"
2944936609.0,27,8.0,FirstHalf,Lee Han-Beom,531031,1159,a,44.4,7.6,42.9,23.0,Successful,15.472879499304582,95.56320882074401,Lateral,Short,"[{""type"": ""Zone"", ""value"": ""Back""}, {""type"": ""PassEndX"", ""value"": ""42.9""}, {""type"": ""PassEndY"", ""value"": ""23.0""}, {""type"": ""Length"", ""value"": ""10.6""}, {""type"": ""Angle"", ""value"": ""1.72""}]"
2944936613.0,27,10.0,FirstHalf,Kim Moon-Hwan,414214,1159,a,42.9,23.0,42.0,28.4,Successful,5.474486277268396,99.46232220802561,Lateral,Short,"[{""type"": ""Zone"", ""value"": ""Back""}, {""type"": ""PassEndX"", ""value"": ""42.0""}, {""type"": ""PassEndY"", ""value"": ""28.4""}, {""type"": ""Length"", ""value"": ""3.8""}, {""type"": ""Angle"", ""value"": ""1.82""}]"
2944936625.0,27,12.0,FirstHalf,Hwang In-Beom,371030,1159,a,42.2,28.4,48.8,31.4,Successful,7.249827584156738,24.443954780416554,Forward,Short,"[{""type"": ""Zone"", ""value"": ""Back""}, {""type"": ""PassEndX"", ""value"": ""48.8""}, {""type"": ""PassEndY"", ""value"": ""31.4""}, {""type"": ""Length"", ""value"": ""7.2""}, {""type"": ""Angle"", ""value"": ""0.29""}]"
2944936639.0,27,18.0,FirstHalf,Raúl Rangel,527319,972,h,24.0,65.2,34.3,75.3,Successful,14.425671561490642,44.438294667433446,Forward,Short,"[{""type"": ""Zone"", ""value"": ""Back""}, {""type"": ""PassEndX"", ""value"": ""34.3""}, {""type"": ""PassEndY"", ""value"": ""75.3""}, {""type"": ""Length"", ""value"": ""12.8""}, {""type"": ""Angle"", ""value"": ""0.57""}]"
2944936645.0,27,24.0,FirstHalf,Johan Vásquez,425115,972,h,36.1,76.4,36.9,88.7,Successful,12.325988804148734,86.27868673525026,Lateral,Short,"[{""type"": ""Zone"", ""value"": ""Back""}, {""type"": ""PassEndX"", ""value"": ""36.9""}, {""type"": ""PassEndY"", ""value"": ""88.7""}, {""type"": ""Length"", ""value"": ""8.4""}, {""type"": ""Angle"", ""value"": ""1.47""}]"
2944936651.0,27,27.0,FirstHalf,Jesús Gallardo,252248,972,h,34.4,87.1,12.1,60.5,Successful,34.71094928117062,-129.97464704417206,Backward,Short,"[{""type"": ""Zone"", ""value"": ""Back""}, {""type"": ""PassEndX"", ""value"": ""12.1""}, {""type"": ""PassEndY"", ""value"": ""60.5""}, {""type"": ""Length"", ""value"": ""29.6""}, {""type"": ""Angle"", ""value"": ""3.80""}]"
2944936657.0,27,31.0,FirstHalf,Raúl Rangel,527319,972,h,12.1,60.5,52.2,100.0,Unsuccessful,56.28729874492113,44.56813044399396,Forward,Short,"[{""type"": ""Longball""}, {""type"": ""Zone"", ""value"": ""Left""}, {""type"": ""PassEndX"", ""value"": ""52.2""}, {""type"": ""PassEndY"", ""value"": ""100.0""}, {""type"": ""Length"", ""value"": ""50.7""}, {""type"": ""Angle"", ""value"": ""0.59""}]"
2944936693.0,27,54.0,FirstHalf,Kim Moon-Hwan,414214,1159,a,52.6,0.0,47.3,12.1,Successful,13.209844813622908,113.65421335091027,Backward,ThrowIn,"[{""type"": ""Zone"", ""value"": ""Back""}, {""type"": ""ThrowIn""}, {""type"": ""PassEndX"", ""value"": ""47.3""}, {""type"": ""PassEndY"", ""value"": ""12.1""}, {""type"": ""Length"", ""value"": ""11.0""}, {""type"": ""Angle"", ""value"": ""2.10""}]"
2944936695.0,27,56.0,FirstHalf,Paik Seung-Ho,362786,1159,a,47.4,12.1,98.1,24.8,Unsuccessful,52.266432822606134,14.062830834701689,Forward,Short,"[{""type"": ""Longball""}, {""type"": ""Zone"", ""value"": ""Center""}, {""type"": ""PassEndX"", ""value"": ""98.1""}, {""type"": ""PassEndY"", ""value"": ""24.8""}, {""type"": ""Length"", ""value"": ""53.9""}, {""type"": ""Angle"", ""value"": ""0.16""}]"
2944936701.0,28,1.0,FirstHalf,Raúl Rangel,527319,972,h,4.1,69.3,19.4,48.1,Successful,26.14440666758379,-54.18208719292104,Forward,Short,"[{""type"": ""Zone"", ""value"": ""Back""}, {""type"": ""KeeperThrow""}, {""type"": ""PassEndX"", ""value"": ""19.4""}, {""type"": ""PassEndY"", ""value"": ""48.1""}, {""type"": ""Length"", ""value"": ""21.6""}, {""type"": ""Angle"", ""value"": ""5.55""}]"
2944936707.0,28,10.0,FirstHalf,Edson Álvarez,322696,972,h,27.9,42.1,31.8,9.8,Successful,32.53459696999488,-83.11526191261237,Lateral,Short,"[{""type"": ""Zone"", ""value"": ""Back""}, {""type"": ""PassEndX"", ""value"": ""31.8""}, {""type"": ""PassEndY"", ""value"": ""9.8""}, {""type"": ""Length"", ""value"": ""22.3""}, {""type"": ""Angle"", ""value"": ""4.90""}]"
2944936711.0,28,13.0,FirstHalf,Roberto Alvarado,447636,972,h,30.5,8.9,19.3,19.5,Successful,15.420765220960988,136.57655005518373,Backward,Short,"[{""type"": ""Zone"", ""value"": ""Back""}, {""type"": ""PassEndX"", ""value"": ""19.3""}, {""type"": ""PassEndY"", ""value"": ""19.5""}, {""type"": ""Length"", ""value"": ""13.8""}, {""type"": ""Angle"", ""value"": ""2.59""}]"
2944936713.0,28,16.0,FirstHalf,Edson Álvarez,322696,972,h,17.8,23.1,24.4,36.9,Successful,15.29705854077835,64.4400348281762,Forward,Short,"[{""type"": ""Zone"", ""value"": ""Back""}, {""type"": ""PassEndX"", ""value"": ""24.4""}, {""type"": ""PassEndY"", ""value"": ""36.9""}, {""type"": ""Length"", ""value"": ""11.7""}, {""type"": ""Angle"", ""value"": ""0.93""}]"
2944936715.0,28,18.0,FirstHalf,Luis Romo,447635,972,h,22.8,32.2,26.0,4.4,Successful,27.983566606135113,-83.43370137925369,Lateral,Short,"[{""type"": ""Zone"", ""value"": ""Back""}, {""type"": ""PassEndX"", ""value"": ""26.0""}, {""type"": ""PassEndY"", ""value"": ""4.4""}, {""type"": ""Length"", ""value"": ""19.2""}, {""type"": ""Angle"", ""value"": ""4.89""}]"
2944936719.0,28,19.0,FirstHalf,Roberto Alvarado,447636,972,h,26.0,4.4,35.9,13.8,Successful,13.6517398158623,43.515985324337905,Forward,Short,"[{""type"": ""Zone"", ""value"": ""Back""}, {""type"": ""PassEndX"", ""value"": ""35.9""}, {""type"": ""PassEndY"", ""value"": ""13.8""}, {""type"": ""Length"", ""value"": ""12.2""}, {""type"": ""Angle"", ""value"": ""0.55""}]"
2944936723.0,28,21.0,FirstHalf,Érik Lira,447638,972,h,35.9,13.8,25.5,10.0,Successful,11.072488428533125,-159.92847413546127,Backward,Short,"[{""type"": ""Zone"", ""value"": ""Back""}, {""type"": ""PassEndX"", ""value"": ""25.5""}, {""type"": ""PassEndY"", ""value"": ""10.0""}, {""type"": ""Length"", ""value"": ""11.2""}, {""type"": ""Angle"", ""value"": ""3.37""}]"
2944936725.0,28,23.0,FirstHalf,Roberto Alvarado,447636,972,h,26.1,11.1,52.5,30.0,Unsuccessful,32.467984230623244,35.599219958976164,Forward,Chipped,"[{""type"": ""Zone"", ""value"": ""Center""}, {""type"": ""PassEndX"", ""value"": ""52.5""}, {""type"": ""PassEndY"", ""value"": ""30.0""}, {""type"": ""Chipped""}, {""type"": ""Length"", ""value"": ""30.6""}, {""type"": ""Angle"", ""value"": ""0.43""}]"
2944936731.0,28,26.0,FirstHalf,Kim Min-Jae,370912,1159,a,41.8,62.7,75.6,52.5,Successful,35.305523647157536,-16.792509120984707,Forward,Short,"[{""type"": ""Longball""}, {""type"": ""HeadPass""}, {""type"": ""Zone"", ""value"": ""Center""}, {""type"": ""PassEndX"", ""value"": ""75.6""}, {""type"": ""PassEndY"", ""value"": ""52.5""}, {""type"": ""Length"", ""value"": ""36.2""}, {""type"": ""Angle"", ""value"": ""6.09""}]"
2944936741.0,28,28.0,FirstHalf,Son Heung-Min,91909,1159,a,75.7,52.8,67.7,38.8,Successful,16.1245154965971,-119.74488129694222,Backward,Short,"[{""type"": ""Zone"", ""value"": ""Center""}, {""type"": ""PassEndX"", ""value"": ""67.7""}, {""type"": ""PassEndY"", ""value"": ""38.8""}, {""type"": ""Length"", ""value"": ""12.7""}, {""type"": ""Angle"", ""value"": ""3.99""}]"
2944936743.0,28,31.0,FirstHalf,Lee Kang-In,367780,1159,a,64.9,45.4,62.7,47.2,Successful,2.842534080710384,140.71059313749961,Lateral,Short,"[{""type"": ""Zone"", ""value"": ""Center""}, {""type"": ""PassEndX"", ""value"": ""62.7""}, {""type"": ""PassEndY"", ""value"": ""47.2""}, {""type"": ""Length"", ""value"": ""2.6""}, {""type"": ""Angle"", ""value"": ""2.65""}]"
2944936745.0,28,32.0,FirstHalf,Hwang In-Beom,371030,1159,a,63.2,46.7,63.8,41.6,Successful,5.135172830587107,-83.29016319224314,Lateral,Short,"[{""type"": ""Zone"", ""value"": ""Center""}, {""type"": ""PassEndX"", ""value"": ""63.8""}, {""type"": ""PassEndY"", ""value"": ""41.6""}, {""type"": ""Length"", ""value"": ""3.5""}, {""type"": ""Angle"", ""value"": ""4.89""}]"
2944936755.0,29,6.0,FirstHalf,Edson Álvarez,322696,972,h,23.6,34.0,45.2,33.1,Successful,21.618741869035766,-2.385944030388809,Forward,Short,"[{""type"": ""FreekickTaken""}, {""type"": ""Zone"", ""value"": ""Back""}, {""type"": ""PassEndX"", ""value"": ""45.2""}, {""type"": ""PassEndY"", ""value"": ""33.1""}, {""type"": ""Length"", ""value"": ""22.7""}, {""type"": ""Angle"", ""value"": ""6.26""}, {""type"": ""IndirectFreekickTaken""}]"
2944936765.0,29,13.0,FirstHalf,Lee Jae-Sung,142959,1159,a,56.3,53.8,55.7,53.4,Unsuccessful,0.7211102550927924,-146.30993247402006,Lateral,Short,"[{""type"": ""Zone"", ""value"": ""Center""}, {""type"": ""PassEndX"", ""value"": ""55.7""}, {""type"": ""PassEndY"", ""value"": ""53.4""}, {""type"": ""Length"", ""value"": ""0.7""}, {""type"": ""Angle"", ""value"": ""3.55""}, {""type"": ""OppositeRelatedEvent"", ""value"": ""292""}, {""type"": ""Offensive""}]"
2944936767.0,29,16.0,FirstHalf,Érik Lira,447638,972,h,43.4,47.0,45.3,65.8,Successful,18.895766721676047,84.22906377842567,Lateral,Short,"[{""type"": ""Zone"", ""value"": ""Back""}, {""type"": ""PassEndX"", ""value"": ""45.3""}, {""type"": ""PassEndY"", ""value"": ""65.8""}, {""type"": ""Length"", ""value"": ""12.9""}, {""type"": ""Angle"", ""value"": ""1.42""}]"
2944936777.0,29,20.0,FirstHalf,Brian Gutiérrez,396565,972,h,44.4,61.3,31.2,64.6,Successful,13.606248564538278,165.96375653207355,Backward,Short,"[{""type"": ""Zone"", ""value"": ""Back""}, {""type"": ""PassEndX"", ""value"": ""31.2""}, {""type"": ""PassEndY"", ""value"": ""64.6""}, {""type"": ""Length"", ""value"": ""14.0""}, {""type"": ""Angle"", ""value"": ""2.98""}]"
2944936779.0,29,24.0,FirstHalf,Johan Vásquez,425115,972,h,29.8,65.8,26.8,39.7,Successful,26.271848050717704,-96.5569464981634,Lateral,Short,"[{""type"": ""Zone"", ""value"": ""Back""}, {""type"": ""PassEndX"", ""value"": ""26.8""}, {""type"": ""PassEndY"", ""value"": ""39.7""}, {""type"": ""Length"", ""value"": ""18.0""}, {""type"": ""Angle"", ""value"": ""4.54""}]"
2944936783.0,29,31.0,FirstHalf,Edson Álvarez,322696,972,h,31.3,21.3,71.7,15.6,Unsuccessful,40.80012254883557,-8.03080300901244,Forward,Chipped,"[{""type"": ""Longball""}, {""type"": ""Zone"", ""value"": ""Right""}, {""type"": ""PassEndX"", ""value"": ""71.7""}, {""type"": ""PassEndY"", ""value"": ""15.6""}, {""type"": ""Chipped""}, {""type"": ""Length"", ""value"": ""42.6""}, {""type"": ""Angle"", ""value"": ""6.19""}]"
2944936785.0,29,34.0,FirstHalf,Lee Gi-Hyuk,447593,1159,a,24.0,72.3,35.8,83.0,Unsuccessful,15.92890454488318,42.20110148642367,Forward,Short,"[{""type"": ""HeadPass""}, {""type"": ""Zone"", ""value"": ""Back""}, {""type"": ""PassEndX"", ""value"": ""35.8""}, {""type"": ""PassEndY"", ""value"": ""83.0""}, {""type"": ""Length"", ""value"": ""14.4""}, {""type"": ""Angle"", ""value"": ""0.53""}]"
2944936793.0,29,35.0,FirstHalf,Raúl Jiménez,108186,972,h,67.3,11.4,64.1,6.5,Successful,5.852349955359815,-123.14699583225602,Lateral,Short,"[{""type"": ""Zone"", ""value"": ""Right""}, {""type"": ""PassEndX"", ""value"": ""64.1""}, {""type"": ""PassEndY"", ""value"": ""6.5""}, {""type"": ""Length"", ""value"": ""4.7""}, {""type"": ""Angle"", ""value"": ""3.92""}]"
2944936797.0,29,39.0,FirstHalf,Roberto Alvarado,447636,972,h,61.4,21.3,68.7,55.5,Successful,34.970416068442766,77.95101545530197,Forward,Short,"[{""type"": ""Zone"", ""value"": ""Center""}, {""type"": ""PassEndX"", ""value"": ""68.7""}, {""type"": ""PassEndY"", ""value"": ""55.5""}, {""type"": ""Length"", ""value"": ""24.5""}, {""type"": ""Angle"", ""value"": ""1.25""}]"
2944936799.0,29,41.0,FirstHalf,Julián Quiñones,509557,972,h,68.7,55.5,65.8,48.1,Successful,7.947955712005447,-111.39981013208227,Lateral,Short,"[{""type"": ""Zone"", ""value"": ""Center""}, {""type"": ""PassEndX"", ""value"": ""65.8""}, {""type"": ""PassEndY"", ""value"": ""48.1""}, {""type"": ""Length"", ""value"": ""5.9""}, {""type"": ""Angle"", ""value"": ""4.17""}]"
2944936803.0,29,42.0,FirstHalf,Luis Romo,447635,972,h,65.8,48.1,70.7,86.9,Successful,39.10818328687744,82.80229637069824,Lateral,Short,"[{""type"": ""Zone"", ""value"": ""Left""}, {""type"": ""PassEndX"", ""value"": ""70.7""}, {""type"": ""PassEndY"", ""value"": ""86.9""}, {""type"": ""Length"", ""value"": ""26.9""}, {""type"": ""Angle"", ""value"": ""1.38""}]"
2944936815.0,29,46.0,FirstHalf,Jesús Gallardo,252248,972,h,75.9,88.1,89.4,6.5,Successful,82.70918933226223,-80.60600904104894,Forward,Cross,"[{""type"": ""Longball""}, {""type"": ""Cross""}, {""type"": ""Zone"", ""value"": ""Right""}, {""type"": ""LeftFoot""}, {""type"": ""PassEndX"", ""value"": ""89.4""}, {""type"": ""PassEndY"", ""value"": ""6.5""}, {""type"": ""Chipped""}, {""type"": ""Length"", ""value"": ""57.3""}, {""type"": ""Angle"", ""value"": ""4.96""}]"
2944936823.0,29,52.0,FirstHalf,Raúl Jiménez,108186,972,h,89.0,5.6,73.6,6.7,Successful,15.439235732380025,175.91438322002512,Backward,Short,"[{""type"": ""Zone"", ""value"": ""Right""}, {""type"": ""PassEndX"", ""value"": ""73.6""}, {""type"": ""PassEndY"", ""value"": ""6.7""}, {""type"": ""Length"", ""value"": ""16.2""}, {""type"": ""Angle"", ""value"": ""3.10""}]"
2944936835.0,29,56.0,FirstHalf,Érik Lira,447638,972,h,71.6,6.7,65.0,10.7,Successful,7.7175125526298896,148.7815972356536,Backward,Short,"[{""type"": ""Zone"", ""value"": ""Right""}, {""type"": ""PassEndX"", ""value"": ""65.0""}, {""type"": ""PassEndY"", ""value"": ""10.7""}, {""type"": ""Length"", ""value"": ""7.4""}, {""type"": ""Angle"", ""value"": ""2.77""}]"
2944936843.0,29,59.0,FirstHalf,Roberto Alvarado,447636,972,h,62.6,16.2,55.8,35.8,Successful,20.746083967823903,109.13364320590549,Backward,Short,"[{""type"": ""Zone"", ""value"": ""Center""}, {""type"": ""PassEndX"", ""value"": ""55.8""}, {""type"": ""PassEndY"", ""value"": ""35.8""}, {""type"": ""Length"", ""value"": ""15.1""}, {""type"": ""Angle"", ""value"": ""2.06""}]"
2944936847.0,30,1.0,FirstHalf,Brian Gutiérrez,396565,972,h,55.4,41.9,42.4,49.7,Successful,15.160474926597784,149.03624346792648,Backward,Short,"[{""type"": ""Zone"", ""value"": ""Back""}, {""type"": ""PassEndX"", ""value"": ""42.4""}, {""type"": ""PassEndY"", ""value"": ""49.7""}, {""type"": ""Length"", ""value"": ""14.6""}, {""type"": ""Angle"", ""value"": ""2.77""}]"
2944936851.0,30,4.0,FirstHalf,Johan Vásquez,425115,972,h,40.9,49.3,37.6,33.6,Successful,16.043067038443734,-101.8702645315879,Lateral,Short,"[{""type"": ""Zone"", ""value"": ""Back""}, {""type"": ""PassEndX"", ""value"": ""37.6""}, {""type"": ""PassEndY"", ""value"": ""33.6""}, {""type"": ""Length"", ""value"": ""11.2""}, {""type"": ""Angle"", ""value"": ""4.40""}]"
2944936855.0,30,6.0,FirstHalf,Edson Álvarez,322696,972,h,37.1,32.8,44.1,10.7,Successful,23.18210516756405,-72.42481416345802,Forward,Short,"[{""type"": ""Zone"", ""value"": ""Back""}, {""type"": ""PassEndX"", ""value"": ""44.1""}, {""type"": ""PassEndY"", ""value"": ""10.7""}, {""type"": ""Length"", ""value"": ""16.7""}, {""type"": ""Angle"", ""value"": ""5.17""}]"
2944936863.0,30,9.0,FirstHalf,Jorge Sánchez,447643,972,h,39.3,13.2,26.8,30.9,Successful,21.668871682669586,125.23029994946876,Backward,Short,"[{""type"": ""Zone"", ""value"": ""Back""}, {""type"": ""PassEndX"", ""value"": ""26.8""}, {""type"": ""PassEndY"", ""value"": ""30.9""}, {""type"": ""Length"", ""value"": ""17.8""}, {""type"": ""Angle"", ""value"": ""2.40""}]"
2944936867.0,30,11.0,FirstHalf,Edson Álvarez,322696,972,h,26.8,30.9,23.2,59.7,Successful,29.024127893874784,97.1250163489018,Lateral,Short,"[{""type"": ""Zone"", ""value"": ""Back""}, {""type"": ""PassEndX"", ""value"": ""23.2""}, {""type"": ""PassEndY"", ""value"": ""59.7""}, {""type"": ""Length"", ""value"": ""19.9""}, {""type"": ""Angle"", ""value"": ""1.76""}]"
2944936869.0,30,15.0,FirstHalf,Johan Vásquez,425115,972,h,23.2,59.7,6.2,46.6,Successful,21.46182657650555,-142.38257635272893,Backward,Short,"[{""type"": ""Zone"", ""value"": ""Back""}, {""type"": ""PassEndX"", ""value"": ""6.2""}, {""type"": ""PassEndY"", ""value"": ""46.6""}, {""type"": ""Length"", ""value"": ""19.9""}, {""type"": ""Angle"", ""value"": ""3.60""}]"
2944936907.0,30,36.0,FirstHalf,Lee Gi-Hyuk,447593,1159,a,46.1,90.8,32.7,80.7,Successful,16.780047675736796,-142.9935214936398,Backward,Short,"[{""type"": ""FreekickTaken""}, {""type"": ""Zone"", ""value"": ""Back""}, {""type"": ""PassEndX"", ""value"": ""32.7""}, {""type"": ""PassEndY"", ""value"": ""80.7""}, {""type"": ""Length"", ""value"": ""15.7""}, {""type"": ""Angle"", ""value"": ""3.60""}, {""type"": ""IndirectFreekickTaken""}]"
2944936913.0,30,40.0,FirstHalf,Hwang In-Beom,371030,1159,a,34.7,69.5,36.4,40.9,Successful,28.650479926172267,-86.59830930646629,Lateral,Short,"[{""type"": ""Zone"", ""value"": ""Back""}, {""type"": ""PassEndX"", ""value"": ""36.4""}, {""type"": ""PassEndY"", ""value"": ""40.9""}, {""type"": ""Length"", ""value"": ""19.5""}, {""type"": ""Angle"", ""value"": ""4.80""}]"
2944936919.0,30,48.0,FirstHalf,Kim Min-Jae,370912,1159,a,47.6,34.6,46.0,57.0,Successful,22.45707015618912,94.08561677997488,Lateral,Short,"[{""type"": ""Zone"", ""value"": ""Back""}, {""type"": ""PassEndX"", ""value"": ""46.0""}, {""type"": ""PassEndY"", ""value"": ""57.0""}, {""type"": ""Length"", ""value"": ""15.3""}, {""type"": ""Angle"", ""value"": ""1.68""}]"
2944936921.0,30,55.0,FirstHalf,Hwang In-Beom,371030,1159,a,55.8,61.8,48.2,44.6,Successful,18.80425483766905,-113.83874018317172,Backward,Short,"[{""type"": ""Zone"", ""value"": ""Back""}, {""type"": ""PassEndX"", ""value"": ""48.2""}, {""type"": ""PassEndY"", ""value"": ""44.6""}, {""type"": ""Length"", ""value"": ""14.2""}, {""type"": ""Angle"", ""value"": ""4.11""}]"
2944936925.0,30,57.0,FirstHalf,Kim Min-Jae,370912,1159,a,47.5,49.1,43.2,72.5,Successful,23.791805311913595,100.41254517559452,Lateral,Short,"[{""type"": ""Zone"", ""value"": ""Back""}, {""type"": ""PassEndX"", ""value"": ""43.2""}, {""type"": ""PassEndY"", ""value"": ""72.5""}, {""type"": ""Length"", ""value"": ""16.5""}, {""type"": ""Angle"", ""value"": ""1.85""}]"
2944936929.0,30,59.0,FirstHalf,Lee Gi-Hyuk,447593,1159,a,43.3,72.6,46.0,64.1,Successful,8.91852005660132,-72.37770277133171,Lateral,Short,"[{""type"": ""Zone"", ""value"": ""Back""}, {""type"": ""PassEndX"", ""value"": ""46.0""}, {""type"": ""PassEndY"", ""value"": ""64.1""}, {""type"": ""Length"", ""value"": ""6.4""}, {""type"": ""Angle"", ""value"": ""5.17""}]"
2944936983.0,31,37.0,FirstHalf,Edson Álvarez,322696,972,h,31.2,33.3,36.2,30.1,Successful,5.936328831862332,-32.61924307119277,Forward,Short,"[{""type"": ""FreekickTaken""}, {""type"": ""Zone"", ""value"": ""Back""}, {""type"": ""PassEndX"", ""value"": ""36.2""}, {""type"": ""PassEndY"", ""value"": ""30.1""}, {""type"": ""Length"", ""value"": ""5.7""}, {""type"": ""Angle"", ""value"": ""5.89""}, {""type"": ""IndirectFreekickTaken""}]"
2944936989.0,31,38.0,FirstHalf,Érik Lira,447638,972,h,36.2,30.1,24.5,35.8,Successful,13.014607178090317,154.0256060375687,Backward,Short,"[{""type"": ""Zone"", ""value"": ""Back""}, {""type"": ""PassEndX"", ""value"": ""24.5""}, {""type"": ""PassEndY"", ""value"": ""35.8""}, {""type"": ""Length"", ""value"": ""12.9""}, {""type"": ""Angle"", ""value"": ""2.84""}]"
2944936991.0,31,47.0,FirstHalf,Edson Álvarez,322696,972,h,33.4,24.9,40.9,21.3,Successful,8.319254774317228,-25.64100582430527,Forward,Short,"[{""type"": ""Zone"", ""value"": ""Back""}, {""type"": ""PassEndX"", ""value"": ""40.9""}, {""type"": ""PassEndY"", ""value"": ""21.3""}, {""type"": ""Length"", ""value"": ""8.2""}, {""type"": ""Angle"", ""value"": ""5.98""}]"
2944936999.0,31,50.0,FirstHalf,Érik Lira,447638,972,h,40.3,18.8,42.9,14.6,Unsuccessful,4.939635614091389,-58.2405199151872,Lateral,Short,"[{""type"": ""Zone"", ""value"": ""Back""}, {""type"": ""PassEndX"", ""value"": ""42.9""}, {""type"": ""PassEndY"", ""value"": ""14.6""}, {""type"": ""Length"", ""value"": ""4.0""}, {""type"": ""Angle"", ""value"": ""5.48""}]"
2944937001.0,31,53.0,FirstHalf,Roberto Alvarado,447636,972,h,51.5,9.7,46.8,26.5,Successful,17.445056606385663,105.62959558978062,Lateral,Short,"[{""type"": ""Zone"", ""value"": ""Back""}, {""type"": ""PassEndX"", ""value"": ""46.8""}, {""type"": ""PassEndY"", ""value"": ""26.5""}, {""type"": ""Length"", ""value"": ""12.4""}, {""type"": ""Angle"", ""value"": ""1.98""}]"
2944937003.0,31,54.0,FirstHalf,Luis Romo,447635,972,h,46.8,26.5,95.0,24.1,Unsuccessful,48.25971404805462,-2.8505476560175627,Forward,Short,"[{""type"": ""Longball""}, {""type"": ""Zone"", ""value"": ""Center""}, {""type"": ""PassEndX"", ""value"": ""95.0""}, {""type"": ""PassEndY"", ""value"": ""24.1""}, {""type"": ""Length"", ""value"": ""50.6""}, {""type"": ""Angle"", ""value"": ""6.25""}]"
2944937039.0,32,18.0,FirstHalf,Kim Seung-Gyu,71968,1159,a,17.9,36.4,87.8,58.5,Unsuccessful,73.3104358191929,17.545180812031656,Forward,Short,"[{""type"": ""Longball""}, {""type"": ""Zone"", ""value"": ""Center""}, {""type"": ""PassEndX"", ""value"": ""87.8""}, {""type"": ""PassEndY"", ""value"": ""58.5""}, {""type"": ""Length"", ""value"": ""74.9""}, {""type"": ""Angle"", ""value"": ""0.20""}]"
2944937045.0,32,25.0,FirstHalf,Raúl Rangel,527319,972,h,12.1,30.3,23.7,39.5,Successful,14.805404418657398,38.41805534482199,Forward,Short,"[{""type"": ""Zone"", ""value"": ""Back""}, {""type"": ""KeeperThrow""}, {""type"": ""PassEndX"", ""value"": ""23.7""}, {""type"": ""PassEndY"", ""value"": ""39.5""}, {""type"": ""Length"", ""value"": ""13.7""}, {""type"": ""Angle"", ""value"": ""0.47""}]"
2944937047.0,32,26.0,FirstHalf,Edson Álvarez,322696,972,h,23.2,41.0,29.6,62.1,Successful,22.049263026232875,73.12652934532458,Forward,Short,"[{""type"": ""Zone"", ""value"": ""Back""}, {""type"": ""PassEndX"", ""value"": ""29.6""}, {""type"": ""PassEndY"", ""value"": ""62.1""}, {""type"": ""Length"", ""value"": ""15.8""}, {""type"": ""Angle"", ""value"": ""1.13""}]"
2944937051.0,32,29.0,FirstHalf,Johan Vásquez,425115,972,h,29.6,62.1,27.9,89.0,Successful,26.953663943887108,93.61611389615473,Lateral,Short,"[{""type"": ""Zone"", ""value"": ""Back""}, {""type"": ""PassEndX"", ""value"": ""27.9""}, {""type"": ""PassEndY"", ""value"": ""89.0""}, {""type"": ""Length"", ""value"": ""18.4""}, {""type"": ""Angle"", ""value"": ""1.67""}]"
2944937057.0,32,31.0,FirstHalf,Jesús Gallardo,252248,972,h,29.4,88.6,68.9,86.0,Unsuccessful,39.58547713492917,-3.7659352224344675,Forward,Chipped,"[{""type"": ""Longball""}, {""type"": ""Zone"", ""value"": ""Left""}, {""type"": ""PassEndX"", ""value"": ""68.9""}, {""type"": ""PassEndY"", ""value"": ""86.0""}, {""type"": ""Chipped""}, {""type"": ""Length"", ""value"": ""41.5""}, {""type"": ""Angle"", ""value"": ""6.24""}]"
2944937071.0,32,37.0,FirstHalf,Luis Romo,447635,972,h,57.8,65.4,63.7,53.1,Unsuccessful,13.641847382227972,-64.37413976865759,Forward,Short,"[{""type"": ""Zone"", ""value"": ""Center""}, {""type"": ""PassEndX"", ""value"": ""63.7""}, {""type"": ""PassEndY"", ""value"": ""53.1""}, {""type"": ""Length"", ""value"": ""10.4""}, {""type"": ""Angle"", ""value"": ""5.35""}]"
2944937093.0,32,43.0,FirstHalf,Edson Álvarez,322696,972,h,45.1,42.7,55.8,14.3,Successful,30.348805577814755,-69.35556953696883,Forward,Short,"[{""type"": ""Zone"", ""value"": ""Right""}, {""type"": ""PassEndX"", ""value"": ""55.8""}, {""type"": ""PassEndY"", ""value"": ""14.3""}, {""type"": ""Length"", ""value"": ""22.3""}, {""type"": ""Angle"", ""value"": ""5.24""}]"
2944937095.0,32,48.0,FirstHalf,Roberto Alvarado,447636,972,h,60.7,12.9,69.1,24.9,Unsuccessful,14.647866738880438,55.007979801441365,Forward,Chipped,"[{""type"": ""Zone"", ""value"": ""Center""}, {""type"": ""PassEndX"", ""value"": ""69.1""}, {""type"": ""PassEndY"", ""value"": ""24.9""}, {""type"": ""Chipped""}, {""type"": ""Length"", ""value"": ""12.0""}, {""type"": ""Angle"", ""value"": ""0.75""}]"
2944937101.0,32,49.0,FirstHalf,Lee Gi-Hyuk,447593,1159,a,25.1,73.1,32.4,86.9,Successful,15.611854470241525,62.12180848200454,Forward,Short,"[{""type"": ""HeadPass""}, {""type"": ""Zone"", ""value"": ""Back""}, {""type"": ""PassEndX"", ""value"": ""32.4""}, {""type"": ""PassEndY"", ""value"": ""86.9""}, {""type"": ""Length"", ""value"": ""12.1""}, {""type"": ""Angle"", ""value"": ""0.89""}]"
2944937107.0,32,54.0,FirstHalf,Lee Jae-Sung,142959,1159,a,30.9,78.6,25.3,84.5,Successful,8.134494452638101,133.50566640873342,Backward,Short,"[{""type"": ""Zone"", ""value"": ""Back""}, {""type"": ""PassEndX"", ""value"": ""25.3""}, {""type"": ""PassEndY"", ""value"": ""84.5""}, {""type"": ""Length"", ""value"": ""7.1""}, {""type"": ""Angle"", ""value"": ""2.54""}]"
2944937113.0,32,56.0,FirstHalf,Paik Seung-Ho,362786,1159,a,25.3,84.5,18.6,80.0,Successful,8.070935509592427,-146.1130405359483,Backward,Short,"[{""type"": ""Zone"", ""value"": ""Back""}, {""type"": ""PassEndX"", ""value"": ""18.6""}, {""type"": ""PassEndY"", ""value"": ""80.0""}, {""type"": ""Length"", ""value"": ""7.7""}, {""type"": ""Angle"", ""value"": ""3.55""}]"
2944937153.0,33,26.0,FirstHalf,Seol Young-Woo,477549,1159,a,27.0,100.0,34.4,91.4,Successful,11.345483682946263,-49.28915332881901,Forward,ThrowIn,"[{""type"": ""Zone"", ""value"": ""Back""}, {""type"": ""ThrowIn""}, {""type"": ""PassEndX"", ""value"": ""34.4""}, {""type"": ""PassEndY"", ""value"": ""91.4""}, {""type"": ""Length"", ""value"": ""10.3""}, {""type"": ""Angle"", ""value"": ""5.57""}]"
2944937157.0,33,27.0,FirstHalf,Paik Seung-Ho,362786,1159,a,34.4,91.4,28.5,97.2,Successful,8.273451516749219,135.48969559312923,Backward,Short,"[{""type"": ""Zone"", ""value"": ""Back""}, {""type"": ""PassEndX"", ""value"": ""28.5""}, {""type"": ""PassEndY"", ""value"": ""97.2""}, {""type"": ""LayOff""}, {""type"": ""Length"", ""value"": ""7.3""}, {""type"": ""Angle"", ""value"": ""2.57""}]"
2944937163.0,33,30.0,FirstHalf,Seol Young-Woo,477549,1159,a,28.5,97.2,62.7,81.0,Unsuccessful,37.84283287493155,-25.346175941946694,Forward,Short,"[{""type"": ""Longball""}, {""type"": ""Zone"", ""value"": ""Left""}, {""type"": ""PassEndX"", ""value"": ""62.7""}, {""type"": ""PassEndY"", ""value"": ""81.0""}, {""type"": ""Length"", ""value"": ""37.6""}, {""type"": ""Angle"", ""value"": ""5.99""}]"
2944937165.0,33,34.0,FirstHalf,Johan Vásquez,425115,972,h,39.0,17.0,44.1,27.1,Successful,11.314592347937245,63.20848447058082,Forward,Short,"[{""type"": ""Zone"", ""value"": ""Back""}, {""type"": ""PassEndX"", ""value"": ""44.1""}, {""type"": ""PassEndY"", ""value"": ""27.1""}, {""type"": ""Length"", ""value"": ""8.7""}, {""type"": ""Angle"", ""value"": ""0.91""}]"
2944937173.0,33,37.0,FirstHalf,Érik Lira,447638,972,h,43.6,30.1,40.6,65.2,Successful,35.2279718405701,94.88520256811731,Lateral,Short,"[{""type"": ""Zone"", ""value"": ""Back""}, {""type"": ""PassEndX"", ""value"": ""40.6""}, {""type"": ""PassEndY"", ""value"": ""65.2""}, {""type"": ""Length"", ""value"": ""24.1""}, {""type"": ""Angle"", ""value"": ""1.70""}]"
2944937179.0,33,42.0,FirstHalf,Jesús Gallardo,252248,972,h,43.1,68.1,34.3,54.8,Successful,15.947727110782903,-123.49077866179101,Backward,Short,"[{""type"": ""Zone"", ""value"": ""Back""}, {""type"": ""PassEndX"", ""value"": ""34.3""}, {""type"": ""PassEndY"", ""value"": ""54.8""}, {""type"": ""Length"", ""value"": ""12.9""}, {""type"": ""Angle"", ""value"": ""3.92""}]"
2944937189.0,33,45.0,FirstHalf,Johan Vásquez,425115,972,h,34.3,54.8,28.9,39.1,Successful,16.602710622064095,-108.98060641633774,Backward,Short,"[{""type"": ""Zone"", ""value"": ""Back""}, {""type"": ""PassEndX"", ""value"": ""28.9""}, {""type"": ""PassEndY"", ""value"": ""39.1""}, {""type"": ""Length"", ""value"": ""12.1""}, {""type"": ""Angle"", ""value"": ""4.22""}]"
2944937191.0,33,50.0,FirstHalf,Edson Álvarez,322696,972,h,36.6,32.2,41.5,41.6,Successful,10.600471687618432,62.468023251277714,Lateral,Short,"[{""type"": ""Zone"", ""value"": ""Back""}, {""type"": ""PassEndX"", ""value"": ""41.5""}, {""type"": ""PassEndY"", ""value"": ""41.6""}, {""type"": ""Length"", ""value"": ""8.2""}, {""type"": ""Angle"", ""value"": ""0.89""}]"
2944937195.0,33,51.0,FirstHalf,Luis Romo,447635,972,h,41.5,41.6,31.4,30.0,Successful,15.380832227158583,-131.0457522844789,Backward,Short,"[{""type"": ""Zone"", ""value"": ""Back""}, {""type"": ""PassEndX"", ""value"": ""31.4""}, {""type"": ""PassEndY"", ""value"": ""30.0""}, {""type"": ""LayOff""}, {""type"": ""Length"", ""value"": ""13.2""}, {""type"": ""Angle"", ""value"": ""3.78""}]"
2944937201.0,33,56.0,FirstHalf,Edson Álvarez,322696,972,h,29.6,12.8,57.6,20.0,Successful,28.910897599348242,14.420773127510985,Forward,Chipped,"[{""type"": ""Zone"", ""value"": ""Right""}, {""type"": ""PassEndX"", ""value"": ""57.6""}, {""type"": ""PassEndY"", ""value"": ""20.0""}, {""type"": ""Chipped""}, {""type"": ""Length"", ""value"": ""29.8""}, {""type"": ""Angle"", ""value"": ""0.17""}]"
2944937203.0,33,57.0,FirstHalf,Raúl Jiménez,108186,972,h,57.6,20.0,48.9,10.1,Successful,13.179529581893279,-131.30861401354875,Backward,Short,"[{""type"": ""Zone"", ""value"": ""Back""}, {""type"": ""PassEndX"", ""value"": ""48.9""}, {""type"": ""PassEndY"", ""value"": ""10.1""}, {""type"": ""Length"", ""value"": ""11.3""}, {""type"": ""Angle"", ""value"": ""3.78""}]"
2944937207.0,33,58.0,FirstHalf,Roberto Alvarado,447636,972,h,48.0,11.9,36.1,42.8,Successful,33.11223338888514,111.062357415674,Backward,Short,"[{""type"": ""Zone"", ""value"": ""Back""}, {""type"": ""PassEndX"", ""value"": ""36.1""}, {""type"": ""PassEndY"", ""value"": ""42.8""}, {""type"": ""Length"", ""value"": ""24.4""}, {""type"": ""Angle"", ""value"": ""2.11""}]"
2944937209.0,34,2.0,FirstHalf,Luis Romo,447635,972,h,39.1,44.5,53.9,93.5,Successful,51.18632629912016,73.19354073487334,Forward,Short,"[{""type"": ""Longball""}, {""type"": ""Zone"", ""value"": ""Left""}, {""type"": ""PassEndX"", ""value"": ""53.9""}, {""type"": ""PassEndY"", ""value"": ""93.5""}, {""type"": ""Length"", ""value"": ""36.8""}, {""type"": ""Angle"", ""value"": ""1.13""}]"
2944937215.0,34,4.0,FirstHalf,Jesús Gallardo,252248,972,h,53.9,93.5,54.7,86.3,Successful,7.2443081105099365,-83.65980825409007,Lateral,Short,"[{""type"": ""Zone"", ""value"": ""Left""}, {""type"": ""PassEndX"", ""value"": ""54.7""}, {""type"": ""PassEndY"", ""value"": ""86.3""}, {""type"": ""Length"", ""value"": ""5.0""}, {""type"": ""Angle"", ""value"": ""4.88""}]"
2944937223.0,34,6.0,FirstHalf,Julián Quiñones,509557,972,h,53.4,86.5,44.7,70.3,Successful,18.388311504866348,-118.23744553816725,Backward,Short,"[{""type"": ""Zone"", ""value"": ""Back""}, {""type"": ""PassEndX"", ""value"": ""44.7""}, {""type"": ""PassEndY"", ""value"": ""70.3""}, {""type"": ""Length"", ""value"": ""14.3""}, {""type"": ""Angle"", ""value"": ""4.02""}]"
2944937227.0,34,10.0,FirstHalf,Luis Romo,447635,972,h,45.0,69.4,35.0,69.1,Successful,10.004498987955369,-178.2816419983445,Backward,Short,"[{""type"": ""Zone"", ""value"": ""Back""}, {""type"": ""PassEndX"", ""value"": ""35.0""}, {""type"": ""PassEndY"", ""value"": ""69.1""}, {""type"": ""Length"", ""value"": ""10.5""}, {""type"": ""Angle"", ""value"": ""3.16""}]"
2944937235.0,34,11.0,FirstHalf,Johan Vásquez,425115,972,h,35.0,69.1,30.6,41.3,Successful,28.146047679914133,-98.99379239875556,Lateral,Short,"[{""type"": ""Zone"", ""value"": ""Back""}, {""type"": ""PassEndX"", ""value"": ""30.6""}, {""type"": ""PassEndY"", ""value"": ""41.3""}, {""type"": ""Length"", ""value"": ""19.5""}, {""type"": ""Angle"", ""value"": ""4.47""}]"
2944937245.0,34,14.0,FirstHalf,Edson Álvarez,322696,972,h,33.2,39.1,96.2,71.2,Unsuccessful,70.70650606556656,26.999925403104086,Forward,Chipped,"[{""type"": ""Longball""}, {""type"": ""Zone"", ""value"": ""Center""}, {""type"": ""PassEndX"", ""value"": ""96.2""}, {""type"": ""PassEndY"", ""value"": ""71.2""}, {""type"": ""Chipped""}, {""type"": ""Length"", ""value"": ""69.7""}, {""type"": ""Angle"", ""value"": ""0.32""}]"
2944937265.0,34,25.0,FirstHalf,Kim Seung-Gyu,71968,1159,a,9.2,31.6,14.2,54.6,Successful,23.53720459187964,77.7352262721076,Lateral,Short,"[{""type"": ""Zone"", ""value"": ""Back""}, {""type"": ""PassEndX"", ""value"": ""14.2""}, {""type"": ""PassEndY"", ""value"": ""54.6""}, {""type"": ""Length"", ""value"": ""16.5""}, {""type"": ""Angle"", ""value"": ""1.25""}]"
2944937267.0,34,32.0,FirstHalf,Kim Min-Jae,370912,1159,a,15.7,54.5,10.2,38.9,Successful,16.541160781517117,-109.42082095246683,Backward,Short,"[{""type"": ""Zone"", ""value"": ""Back""}, {""type"": ""PassEndX"", ""value"": ""10.2""}, {""type"": ""PassEndY"", ""value"": ""38.9""}, {""type"": ""Length"", ""value"": ""12.1""}, {""type"": ""Angle"", ""value"": ""4.21""}]"
2944937271.0,34,35.0,FirstHalf,Kim Seung-Gyu,71968,1159,a,12.9,39.4,72.6,73.1,Unsuccessful,68.55494147032728,29.444254852577053,Forward,Short,"[{""type"": ""Longball""}, {""type"": ""Zone"", ""value"": ""Center""}, {""type"": ""PassEndX"", ""value"": ""72.6""}, {""type"": ""PassEndY"", ""value"": ""73.1""}, {""type"": ""Length"", ""value"": ""66.7""}, {""type"": ""Angle"", ""value"": ""0.35""}]"
2944937281.0,34,40.0,FirstHalf,Roberto Alvarado,447636,972,h,21.2,28.2,28.6,42.2,Successful,15.835403373454058,62.14034930475773,Forward,Short,"[{""type"": ""Zone"", ""value"": ""Back""}, {""type"": ""PassEndX"", ""value"": ""28.6""}, {""type"": ""PassEndY"", ""value"": ""42.2""}, {""type"": ""Length"", ""value"": ""12.3""}, {""type"": ""Angle"", ""value"": ""0.89""}]"
2944937291.0,34,43.0,FirstHalf,Edson Álvarez,322696,972,h,28.6,42.2,30.4,63.4,Successful,21.27627786996588,85.14690361300764,Lateral,Short,"[{""type"": ""Zone"", ""value"": ""Back""}, {""type"": ""PassEndX"", ""value"": ""30.4""}, {""type"": ""PassEndY"", ""value"": ""63.4""}, {""type"": ""Length"", ""value"": ""14.5""}, {""type"": ""Angle"", ""value"": ""1.44""}]"
2944937299.0,34,50.0,FirstHalf,Johan Vásquez,425115,972,h,35.8,66.4,29.2,50.6,Successful,17.123083834403197,-112.67134362198084,Backward,Short,"[{""type"": ""Zone"", ""value"": ""Back""}, {""type"": ""PassEndX"", ""value"": ""29.2""}, {""type"": ""PassEndY"", ""value"": ""50.6""}, {""type"": ""Length"", ""value"": ""12.8""}, {""type"": ""Angle"", ""value"": ""4.14""}]"
2944937301.0,34,56.0,FirstHalf,Edson Álvarez,322696,972,h,35.1,38.9,54.6,44.5,Successful,20.288173895153797,16.02297984742847,Forward,Short,"[{""type"": ""Zone"", ""value"": ""Center""}, {""type"": ""PassEndX"", ""value"": ""54.6""}, {""type"": ""PassEndY"", ""value"": ""44.5""}, {""type"": ""Length"", ""value"": ""20.8""}, {""type"": ""Angle"", ""value"": ""0.18""}]"
2944937303.0,34,58.0,FirstHalf,Raúl Jiménez,108186,972,h,54.0,44.5,49.0,46.4,Successful,5.348831648126533,159.19320898728878,Lateral,Short,"[{""type"": ""Zone"", ""value"": ""Back""}, {""type"": ""PassEndX"", ""value"": ""49.0""}, {""type"": ""PassEndY"", ""value"": ""46.4""}, {""type"": ""LayOff""}, {""type"": ""Length"", ""value"": ""5.4""}, {""type"": ""Angle"", ""value"": ""2.90""}]"
2944937309.0,35,0.0,FirstHalf,Érik Lira,447638,972,h,47.2,46.6,88.1,75.0,Unsuccessful,49.79327263797791,34.77520600989976,Forward,Chipped,"[{""type"": ""Longball""}, {""type"": ""Zone"", ""value"": ""Center""}, {""type"": ""PassEndX"", ""value"": ""88.1""}, {""type"": ""PassEndY"", ""value"": ""75.0""}, {""type"": ""Chipped""}, {""type"": ""Length"", ""value"": ""47.1""}, {""type"": ""Angle"", ""value"": ""0.42""}]"
2944937321.0,35,5.0,FirstHalf,Kim Seung-Gyu,71968,1159,a,14.6,26.3,19.7,49.4,Successful,23.656288804459585,77.5500034921934,Forward,Short,"[{""type"": ""Zone"", ""value"": ""Back""}, {""type"": ""PassEndX"", ""value"": ""19.7""}, {""type"": ""PassEndY"", ""value"": ""49.4""}, {""type"": ""Length"", ""value"": ""16.6""}, {""type"": ""Angle"", ""value"": ""1.24""}]"
2944937325.0,35,8.0,FirstHalf,Kim Min-Jae,370912,1159,a,23.4,42.7,37.5,18.7,Successful,27.835409104232692,-59.56576424655659,Forward,Short,"[{""type"": ""Zone"", ""value"": ""Back""}, {""type"": ""PassEndX"", ""value"": ""37.5""}, {""type"": ""PassEndY"", ""value"": ""18.7""}, {""type"": ""Length"", ""value"": ""22.0""}, {""type"": ""Angle"", ""value"": ""5.45""}]"
2944937329.0,35,17.0,FirstHalf,Lee Kang-In,367780,1159,a,30.1,34.3,21.3,52.7,Successful,20.396078054371145,115.55996517182382,Backward,Short,"[{""type"": ""Zone"", ""value"": ""Back""}, {""type"": ""PassEndX"", ""value"": ""21.3""}, {""type"": ""PassEndY"", ""value"": ""52.7""}, {""type"": ""Length"", ""value"": ""15.6""}, {""type"": ""Angle"", ""value"": ""2.21""}]"
2944937331.0,35,19.0,FirstHalf,Kim Min-Jae,370912,1159,a,21.3,52.7,29.3,10.6,Successful,42.853354594477196,-79.2407193907594,Forward,Short,"[{""type"": ""Zone"", ""value"": ""Back""}, {""type"": ""PassEndX"", ""value"": ""29.3""}, {""type"": ""PassEndY"", ""value"": ""10.6""}, {""type"": ""Length"", ""value"": ""29.8""}, {""type"": ""Angle"", ""value"": ""5.00""}]"
2944937333.0,35,24.0,FirstHalf,Lee Kang-In,367780,1159,a,34.8,20.9,39.5,34.6,Successful,14.48378403594862,71.06466407828576,Lateral,Short,"[{""type"": ""Zone"", ""value"": ""Back""}, {""type"": ""PassEndX"", ""value"": ""39.5""}, {""type"": ""PassEndY"", ""value"": ""34.6""}, {""type"": ""Length"", ""value"": ""10.5""}, {""type"": ""Angle"", ""value"": ""1.08""}]"
2944937335.0,35,25.0,FirstHalf,Paik Seung-Ho,362786,1159,a,39.5,34.6,35.2,30.1,Successful,6.2241465278381725,-133.6980473274211,Lateral,Short,"[{""type"": ""Zone"", ""value"": ""Back""}, {""type"": ""PassEndX"", ""value"": ""35.2""}, {""type"": ""PassEndY"", ""value"": ""30.1""}, {""type"": ""Length"", ""value"": ""5.5""}, {""type"": ""Angle"", ""value"": ""3.74""}]"
2944937337.0,35,29.0,FirstHalf,Lee Kang-In,367780,1159,a,34.7,32.9,35.6,18.2,Successful,14.727525250360292,-86.49646835521554,Lateral,Short,"[{""type"": ""Zone"", ""value"": ""Back""}, {""type"": ""PassEndX"", ""value"": ""35.6""}, {""type"": ""PassEndY"", ""value"": ""18.2""}, {""type"": ""Length"", ""value"": ""10.0""}, {""type"": ""Angle"", ""value"": ""4.81""}]"
2944937339.0,35,31.0,FirstHalf,Paik Seung-Ho,362786,1159,a,35.4,19.4,35.3,30.4,Successful,11.000454536063499,90.52085637450197,Lateral,Short,"[{""type"": ""Zone"", ""value"": ""Back""}, {""type"": ""PassEndX"", ""value"": ""35.3""}, {""type"": ""PassEndY"", ""value"": ""30.4""}, {""type"": ""Length"", ""value"": ""7.5""}, {""type"": ""Angle"", ""value"": ""1.58""}]"
2944937341.0,35,33.0,FirstHalf,Lee Kang-In,367780,1159,a,36.5,33.4,32.8,11.2,Successful,22.506221362103414,-99.46232220802564,Lateral,Short,"[{""type"": ""Zone"", ""value"": ""Back""}, {""type"": ""PassEndX"", ""value"": ""32.8""}, {""type"": ""PassEndY"", ""value"": ""11.2""}, {""type"": ""Length"", ""value"": ""15.6""}, {""type"": ""Angle"", ""value"": ""4.46""}]"
2944937347.0,35,35.0,FirstHalf,Paik Seung-Ho,362786,1159,a,32.8,11.2,24.4,56.1,Successful,45.67898860526578,100.59653971278593,Backward,Chipped,"[{""type"": ""Zone"", ""value"": ""Back""}, {""type"": ""PassEndX"", ""value"": ""24.4""}, {""type"": ""PassEndY"", ""value"": ""56.1""}, {""type"": ""Chipped""}, {""type"": ""Length"", ""value"": ""31.8""}, {""type"": ""Angle"", ""value"": ""1.85""}]"
2944937349.0,35,44.0,FirstHalf,Kim Min-Jae,370912,1159,a,59.4,81.2,55.6,79.7,Successful,4.085339643163096,-158.45902408146156,Lateral,Short,"[{""type"": ""Zone"", ""value"": ""Left""}, {""type"": ""PassEndX"", ""value"": ""55.6""}, {""type"": ""PassEndY"", ""value"": ""79.7""}, {""type"": ""Length"", ""value"": ""4.1""}, {""type"": ""Angle"", ""value"": ""3.39""}]"
2944937351.0,35,49.0,FirstHalf,Lee Kang-In,367780,1159,a,65.2,82.1,78.5,79.4,Successful,13.571293232407879,-11.475526751422997,Forward,Short,"[{""type"": ""Zone"", ""value"": ""Left""}, {""type"": ""PassEndX"", ""value"": ""78.5""}, {""type"": ""PassEndY"", ""value"": ""79.4""}, {""type"": ""Length"", ""value"": ""14.1""}, {""type"": ""Angle"", ""value"": ""6.15""}]"
2944937353.0,35,50.0,FirstHalf,Seol Young-Woo,477549,1159,a,78.5,79.4,74.4,80.7,Successful,4.301162633521307,162.40757543781842,Lateral,Short,"[{""type"": ""Zone"", ""value"": ""Left""}, {""type"": ""PassEndX"", ""value"": ""74.4""}, {""type"": ""PassEndY"", ""value"": ""80.7""}, {""type"": ""LayOff""}, {""type"": ""Length"", ""value"": ""4.4""}, {""type"": ""Angle"", ""value"": ""2.94""}]"
2944937357.0,35,52.0,FirstHalf,Lee Jae-Sung,142959,1159,a,74.7,83.4,67.2,95.0,Successful,13.81339929199181,122.88475819754214,Backward,Short,"[{""type"": ""Zone"", ""value"": ""Left""}, {""type"": ""PassEndX"", ""value"": ""67.2""}, {""type"": ""PassEndY"", ""value"": ""95.0""}, {""type"": ""Length"", ""value"": ""11.1""}, {""type"": ""Angle"", ""value"": ""2.36""}]"
2944937367.0,35,54.0,FirstHalf,Lee Gi-Hyuk,447593,1159,a,67.2,95.0,63.3,87.6,Successful,8.364807230295275,-117.79044247945212,Lateral,Short,"[{""type"": ""Zone"", ""value"": ""Left""}, {""type"": ""PassEndX"", ""value"": ""63.3""}, {""type"": ""PassEndY"", ""value"": ""87.6""}, {""type"": ""Length"", ""value"": ""6.5""}, {""type"": ""Angle"", ""value"": ""4.03""}]"
2944937369.0,35,59.0,FirstHalf,Lee Kang-In,367780,1159,a,66.9,83.4,74.7,88.5,Successful,9.319334740205434,33.17851165939273,Forward,Short,"[{""type"": ""Zone"", ""value"": ""Left""}, {""type"": ""PassEndX"", ""value"": ""74.7""}, {""type"": ""PassEndY"", ""value"": ""88.5""}, {""type"": ""Length"", ""value"": ""8.9""}, {""type"": ""Angle"", ""value"": ""0.40""}]"
2944937371.0,36,1.0,FirstHalf,Lee Jae-Sung,142959,1159,a,71.9,79.3,74.9,94.4,Successful,15.395129099815962,78.76305574065523,Lateral,Short,"[{""type"": ""Zone"", ""value"": ""Left""}, {""type"": ""PassEndX"", ""value"": ""74.9""}, {""type"": ""PassEndY"", ""value"": ""94.4""}, {""type"": ""Length"", ""value"": ""10.7""}, {""type"": ""Angle"", ""value"": ""1.27""}]"
2944937373.0,36,2.0,FirstHalf,Seol Young-Woo,477549,1159,a,79.2,97.1,88.7,90.2,Successful,11.741379816699565,-35.99149625797481,Forward,Short,"[{""type"": ""Zone"", ""value"": ""Left""}, {""type"": ""PassEndX"", ""value"": ""88.7""}, {""type"": ""PassEndY"", ""value"": ""90.2""}, {""type"": ""Length"", ""value"": ""11.0""}, {""type"": ""Angle"", ""value"": ""5.84""}]"
2944937375.0,36,3.0,FirstHalf,Son Heung-Min,91909,1159,a,88.7,90.2,79.0,97.8,Successful,12.322743201089601,141.92111763843502,Backward,Short,"[{""type"": ""Zone"", ""value"": ""Left""}, {""type"": ""PassEndX"", ""value"": ""79.0""}, {""type"": ""PassEndY"", ""value"": ""97.8""}, {""type"": ""Length"", ""value"": ""11.4""}, {""type"": ""Angle"", ""value"": ""2.67""}]"
2944937377.0,36,5.0,FirstHalf,Seol Young-Woo,477549,1159,a,79.0,98.6,73.3,97.7,Successful,5.770615218501405,-171.0273733851037,Backward,Short,"[{""type"": ""Zone"", ""value"": ""Left""}, {""type"": ""PassEndX"", ""value"": ""73.3""}, {""type"": ""PassEndY"", ""value"": ""97.7""}, {""type"": ""Length"", ""value"": ""6.0""}, {""type"": ""Angle"", ""value"": ""3.24""}]"
2944937379.0,36,6.0,FirstHalf,Lee Gi-Hyuk,447593,1159,a,73.3,97.7,71.1,84.6,Successful,13.283448347473641,-99.53323279003003,Lateral,Short,"[{""type"": ""Zone"", ""value"": ""Left""}, {""type"": ""PassEndX"", ""value"": ""71.1""}, {""type"": ""PassEndY"", ""value"": ""84.6""}, {""type"": ""Length"", ""value"": ""9.2""}, {""type"": ""Angle"", ""value"": ""4.46""}]"
2944937383.0,36,8.0,FirstHalf,Lee Kang-In,367780,1159,a,71.1,84.6,68.4,93.3,Successful,9.109335870413386,107.2414593989399,Lateral,Short,"[{""type"": ""Zone"", ""value"": ""Left""}, {""type"": ""PassEndX"", ""value"": ""68.4""}, {""type"": ""PassEndY"", ""value"": ""93.3""}, {""type"": ""Length"", ""value"": ""6.6""}, {""type"": ""Angle"", ""value"": ""2.02""}]"
2944937389.0,36,9.0,FirstHalf,Lee Gi-Hyuk,447593,1159,a,68.4,93.3,54.3,68.3,Successful,28.7020905161976,-119.42299828154351,Backward,Short,"[{""type"": ""Zone"", ""value"": ""Center""}, {""type"": ""PassEndX"", ""value"": ""54.3""}, {""type"": ""PassEndY"", ""value"": ""68.3""}, {""type"": ""Length"", ""value"": ""22.5""}, {""type"": ""Angle"", ""value"": ""4.00""}]"
2944937391.0,36,14.0,FirstHalf,Kim Min-Jae,370912,1159,a,52.7,64.8,57.9,68.7,Successful,6.5,36.869897645844084,Forward,Short,"[{""type"": ""Zone"", ""value"": ""Center""}, {""type"": ""PassEndX"", ""value"": ""57.9""}, {""type"": ""PassEndY"", ""value"": ""68.7""}, {""type"": ""Length"", ""value"": ""6.1""}, {""type"": ""Angle"", ""value"": ""0.45""}]"
2944937393.0,36,17.0,FirstHalf,Lee Kang-In,367780,1159,a,46.9,80.8,46.0,86.7,Successful,5.968249324550714,98.67317404787975,Lateral,Short,"[{""type"": ""Zone"", ""value"": ""Back""}, {""type"": ""PassEndX"", ""value"": ""46.0""}, {""type"": ""PassEndY"", ""value"": ""86.7""}, {""type"": ""Length"", ""value"": ""4.1""}, {""type"": ""Angle"", ""value"": ""1.80""}]"
2944937397.0,36,18.0,FirstHalf,Lee Gi-Hyuk,447593,1159,a,43.9,83.8,61.7,73.1,Successful,20.768485741623056,-31.011069303741586,Forward,Short,"[{""type"": ""Zone"", ""value"": ""Center""}, {""type"": ""PassEndX"", ""value"": ""61.7""}, {""type"": ""PassEndY"", ""value"": ""73.1""}, {""type"": ""Length"", ""value"": ""20.1""}, {""type"": ""Angle"", ""value"": ""5.91""}]"
2944937401.0,36,20.0,FirstHalf,Lee Jae-Sung,142959,1159,a,61.7,79.8,72.9,95.4,Successful,19.204166214652496,54.323591778138024,Forward,Short,"[{""type"": ""Zone"", ""value"": ""Left""}, {""type"": ""PassEndX"", ""value"": ""72.9""}, {""type"": ""PassEndY"", ""value"": ""95.4""}, {""type"": ""Length"", ""value"": ""15.8""}, {""type"": ""Angle"", ""value"": ""0.73""}]"
2944937409.0,36,24.0,FirstHalf,Son Heung-Min,91909,1159,a,75.8,96.0,77.1,87.9,Successful,8.203657720797468,-80.88213724620422,Lateral,Short,"[{""type"": ""Zone"", ""value"": ""Left""}, {""type"": ""PassEndX"", ""value"": ""77.1""}, {""type"": ""PassEndY"", ""value"": ""87.9""}, {""type"": ""Length"", ""value"": ""5.7""}, {""type"": ""Angle"", ""value"": ""4.96""}]"
2944937411.0,36,27.0,FirstHalf,Lee Jae-Sung,142959,1159,a,77.2,87.6,64.5,63.0,Successful,27.684833393033085,-117.30550467968116,Backward,Short,"[{""type"": ""Zone"", ""value"": ""Center""}, {""type"": ""PassEndX"", ""value"": ""64.5""}, {""type"": ""PassEndY"", ""value"": ""63.0""}, {""type"": ""Length"", ""value"": ""21.4""}, {""type"": ""Angle"", ""value"": ""4.04""}]"
2944937427.0,36,28.0,FirstHalf,Hwang In-Beom,371030,1159,a,64.5,62.1,67.9,24.4,Successful,37.85300516471579,-84.84668262276996,Lateral,Short,"[{""type"": ""Zone"", ""value"": ""Center""}, {""type"": ""PassEndX"", ""value"": ""67.9""}, {""type"": ""PassEndY"", ""value"": ""24.4""}, {""type"": ""Length"", ""value"": ""25.9""}, {""type"": ""Angle"", ""value"": ""4.85""}]"
2944937437.0,36,30.0,FirstHalf,Lee Han-Beom,531031,1159,a,66.4,27.8,65.4,42.1,Successful,14.334922392534953,94.0001857605131,Lateral,Short,"[{""type"": ""Zone"", ""value"": ""Center""}, {""type"": ""PassEndX"", ""value"": ""65.4""}, {""type"": ""PassEndY"", ""value"": ""42.1""}, {""type"": ""Length"", ""value"": ""9.8""}, {""type"": ""Angle"", ""value"": ""1.68""}]"
2944937443.0,36,35.0,FirstHalf,Hwang In-Beom,371030,1159,a,66.6,49.1,74.7,62.3,Successful,15.487091398968369,58.46520809481167,Forward,Short,"[{""type"": ""Zone"", ""value"": ""Center""}, {""type"": ""PassEndX"", ""value"": ""74.7""}, {""type"": ""PassEndY"", ""value"": ""62.3""}, {""type"": ""Length"", ""value"": ""12.4""}, {""type"": ""Angle"", ""value"": ""0.81""}]"
2944937449.0,36,38.0,FirstHalf,Lee Jae-Sung,142959,1159,a,74.2,63.5,67.4,87.3,Successful,24.75237362355376,105.94539590092286,Backward,Short,"[{""type"": ""Zone"", ""value"": ""Left""}, {""type"": ""PassEndX"", ""value"": ""67.4""}, {""type"": ""PassEndY"", ""value"": ""87.3""}, {""type"": ""Length"", ""value"": ""17.7""}, {""type"": ""Angle"", ""value"": ""1.99""}]"
2944937451.0,36,42.0,FirstHalf,Lee Kang-In,367780,1159,a,73.8,90.6,69.3,87.3,Successful,5.580322571321481,-143.74616226255523,Lateral,Short,"[{""type"": ""Zone"", ""value"": ""Left""}, {""type"": ""PassEndX"", ""value"": ""69.3""}, {""type"": ""PassEndY"", ""value"": ""87.3""}, {""type"": ""Length"", ""value"": ""5.2""}, {""type"": ""Angle"", ""value"": ""3.58""}]"
2944937469.0,36,43.0,FirstHalf,Hwang In-Beom,371030,1159,a,69.3,87.3,71.5,94.1,Successful,7.147027354082253,72.07208023799274,Lateral,Short,"[{""type"": ""Zone"", ""value"": ""Left""}, {""type"": ""PassEndX"", ""value"": ""71.5""}, {""type"": ""PassEndY"", ""value"": ""94.1""}, {""type"": ""Length"", ""value"": ""5.2""}, {""type"": ""Angle"", ""value"": ""1.11""}]"
2944937479.0,36,49.0,FirstHalf,Lee Kang-In,367780,1159,a,69.0,90.0,59.4,95.0,Successful,10.824047302187848,152.48799737614854,Backward,Short,"[{""type"": ""Zone"", ""value"": ""Left""}, {""type"": ""PassEndX"", ""value"": ""59.4""}, {""type"": ""PassEndY"", ""value"": ""95.0""}, {""type"": ""Length"", ""value"": ""10.6""}, {""type"": ""Angle"", ""value"": ""2.82""}]"
2944937489.0,36,51.0,FirstHalf,Lee Gi-Hyuk,447593,1159,a,56.1,93.0,44.0,54.2,Successful,40.64295756954703,-107.32038555043731,Backward,Short,"[{""type"": ""Zone"", ""value"": ""Back""}, {""type"": ""PassEndX"", ""value"": ""44.0""}, {""type"": ""PassEndY"", ""value"": ""54.2""}, {""type"": ""Length"", ""value"": ""29.3""}, {""type"": ""Angle"", ""value"": ""4.26""}]"
2944937491.0,36,55.0,FirstHalf,Kim Min-Jae,370912,1159,a,43.0,51.5,45.8,82.5,Successful,31.126194756185665,84.83890196663975,Lateral,Short,"[{""type"": ""Zone"", ""value"": ""Back""}, {""type"": ""PassEndX"", ""value"": ""45.8""}, {""type"": ""PassEndY"", ""value"": ""82.5""}, {""type"": ""Length"", ""value"": ""21.3""}, {""type"": ""Angle"", ""value"": ""1.43""}]"
2944937495.0,36,58.0,FirstHalf,Lee Gi-Hyuk,447593,1159,a,48.4,85.1,58.4,65.3,Successful,22.181974664127626,-63.203918706026535,Forward,Short,"[{""type"": ""Zone"", ""value"": ""Center""}, {""type"": ""PassEndX"", ""value"": ""58.4""}, {""type"": ""PassEndY"", ""value"": ""65.3""}, {""type"": ""Length"", ""value"": ""17.1""}, {""type"": ""Angle"", ""value"": ""5.37""}]"
2944937499.0,37,0.0,FirstHalf,Paik Seung-Ho,362786,1159,a,59.3,70.5,67.8,96.8,Successful,27.639464538952268,72.08948302560574,Forward,Short,"[{""type"": ""Zone"", ""value"": ""Left""}, {""type"": ""PassEndX"", ""value"": ""67.8""}, {""type"": ""PassEndY"", ""value"": ""96.8""}, {""type"": ""Length"", ""value"": ""20.0""}, {""type"": ""Angle"", ""value"": ""1.11""}]"
2944937505.0,37,4.0,FirstHalf,Lee Jae-Sung,142959,1159,a,68.6,95.9,64.2,85.4,Successful,11.384638773364745,-112.73600488258141,Lateral,Short,"[{""type"": ""Zone"", ""value"": ""Left""}, {""type"": ""PassEndX"", ""value"": ""64.2""}, {""type"": ""PassEndY"", ""value"": ""85.4""}, {""type"": ""Length"", ""value"": ""8.5""}, {""type"": ""Angle"", ""value"": ""4.14""}]"
2944937511.0,37,5.0,FirstHalf,Paik Seung-Ho,362786,1159,a,64.3,85.1,57.2,89.6,Successful,8.405950273466999,147.633361935275,Backward,Short,"[{""type"": ""Zone"", ""value"": ""Left""}, {""type"": ""PassEndX"", ""value"": ""57.2""}, {""type"": ""PassEndY"", ""value"": ""89.6""}, {""type"": ""Length"", ""value"": ""8.1""}, {""type"": ""Angle"", ""value"": ""2.75""}]"
2944937523.0,37,9.0,FirstHalf,Lee Gi-Hyuk,447593,1159,a,59.6,69.0,48.2,55.1,Successful,17.976929659983654,-129.35668171946602,Backward,Short,"[{""type"": ""Zone"", ""value"": ""Back""}, {""type"": ""PassEndX"", ""value"": ""48.2""}, {""type"": ""PassEndY"", ""value"": ""55.1""}, {""type"": ""Length"", ""value"": ""15.3""}, {""type"": ""Angle"", ""value"": ""3.81""}]"
2944937529.0,37,13.0,FirstHalf,Kim Min-Jae,370912,1159,a,47.8,56.9,48.2,38.3,Successful,18.604300578092154,-88.76802259736026,Lateral,Short,"[{""type"": ""Zone"", ""value"": ""Back""}, {""type"": ""PassEndX"", ""value"": ""48.2""}, {""type"": ""PassEndY"", ""value"": ""38.3""}, {""type"": ""Length"", ""value"": ""12.7""}, {""type"": ""Angle"", ""value"": ""4.75""}]"
2944937545.0,37,15.0,FirstHalf,Hwang In-Beom,371030,1159,a,55.9,27.2,58.5,15.1,Successful,12.376186811776881,-77.8729089650699,Lateral,Short,"[{""type"": ""Zone"", ""value"": ""Right""}, {""type"": ""PassEndX"", ""value"": ""58.5""}, {""type"": ""PassEndY"", ""value"": ""15.1""}, {""type"": ""Length"", ""value"": ""8.7""}, {""type"": ""Angle"", ""value"": ""5.03""}]"
2944937549.0,37,19.0,FirstHalf,Kim Moon-Hwan,414214,1159,a,43.0,22.1,14.1,55.4,Successful,44.09194937854301,130.95366277021043,Backward,Short,"[{""type"": ""Longball""}, {""type"": ""Zone"", ""value"": ""Back""}, {""type"": ""PassEndX"", ""value"": ""14.1""}, {""type"": ""PassEndY"", ""value"": ""55.4""}, {""type"": ""Length"", ""value"": ""37.9""}, {""type"": ""Angle"", ""value"": ""2.50""}]"
2944937559.0,37,30.0,FirstHalf,Kim Seung-Gyu,71968,1159,a,21.0,33.7,40.1,5.3,Successful,34.22528305215313,-56.07777904629293,Forward,Short,"[{""type"": ""Zone"", ""value"": ""Back""}, {""type"": ""PassEndX"", ""value"": ""40.1""}, {""type"": ""PassEndY"", ""value"": ""5.3""}, {""type"": ""Length"", ""value"": ""27.8""}, {""type"": ""Angle"", ""value"": ""5.52""}]"
2944937567.0,37,32.0,FirstHalf,Hwang In-Beom,371030,1159,a,37.7,9.7,40.9,1.1,Successful,9.176055797563567,-69.59011716619604,Lateral,Short,"[{""type"": ""Zone"", ""value"": ""Back""}, {""type"": ""PassEndX"", ""value"": ""40.9""}, {""type"": ""PassEndY"", ""value"": ""1.1""}, {""type"": ""Length"", ""value"": ""6.7""}, {""type"": ""Angle"", ""value"": ""5.23""}]"
2944937607.0,38,11.0,FirstHalf,Lee Han-Beom,531031,1159,a,41.9,8.2,10.8,31.6,Successful,38.92004624868783,143.04177388428442,Backward,Short,"[{""type"": ""Longball""}, {""type"": ""FreekickTaken""}, {""type"": ""Zone"", ""value"": ""Back""}, {""type"": ""PassEndX"", ""value"": ""10.8""}, {""type"": ""PassEndY"", ""value"": ""31.6""}, {""type"": ""Length"", ""value"": ""36.3""}, {""type"": ""Angle"", ""value"": ""2.69""}]"
2944937609.0,38,15.0,FirstHalf,Kim Seung-Gyu,71968,1159,a,12.5,32.5,23.6,71.9,Successful,40.93372692536071,74.26609762664695,Forward,Short,"[{""type"": ""Zone"", ""value"": ""Back""}, {""type"": ""PassEndX"", ""value"": ""23.6""}, {""type"": ""PassEndY"", ""value"": ""71.9""}, {""type"": ""Length"", ""value"": ""29.2""}, {""type"": ""Angle"", ""value"": ""1.16""}]"
2944937611.0,38,18.0,FirstHalf,Kim Min-Jae,370912,1159,a,26.0,70.2,36.0,67.7,Successful,10.307764064044152,-14.036243467926479,Forward,Short,"[{""type"": ""Zone"", ""value"": ""Back""}, {""type"": ""PassEndX"", ""value"": ""36.0""}, {""type"": ""PassEndY"", ""value"": ""67.7""}, {""type"": ""Length"", ""value"": ""10.6""}, {""type"": ""Angle"", ""value"": ""6.12""}]"
2944937613.0,38,20.0,FirstHalf,Lee Kang-In,367780,1159,a,36.0,67.7,23.3,73.5,Successful,13.961733416735902,155.4541559739704,Backward,Short,"[{""type"": ""Zone"", ""value"": ""Back""}, {""type"": ""PassEndX"", ""value"": ""23.3""}, {""type"": ""PassEndY"", ""value"": ""73.5""}, {""type"": ""LayOff""}, {""type"": ""Length"", ""value"": ""13.9""}, {""type"": ""Angle"", ""value"": ""2.85""}]"
2944937615.0,38,24.0,FirstHalf,Kim Min-Jae,370912,1159,a,23.5,75.5,19.1,92.7,Successful,17.75387281693772,104.34933204294714,Lateral,Short,"[{""type"": ""Zone"", ""value"": ""Back""}, {""type"": ""PassEndX"", ""value"": ""19.1""}, {""type"": ""PassEndY"", ""value"": ""92.7""}, {""type"": ""Length"", ""value"": ""12.6""}, {""type"": ""Angle"", ""value"": ""1.95""}]"
2944937617.0,38,26.0,FirstHalf,Lee Gi-Hyuk,447593,1159,a,20.5,68.6,17.0,45.8,Successful,23.067076104266008,-98.72727769517279,Lateral,Short,"[{""type"": ""Zone"", ""value"": ""Back""}, {""type"": ""PassEndX"", ""value"": ""17.0""}, {""type"": ""PassEndY"", ""value"": ""45.8""}, {""type"": ""Length"", ""value"": ""15.9""}, {""type"": ""Angle"", ""value"": ""4.48""}]"
2944937619.0,38,28.0,FirstHalf,Lee Kang-In,367780,1159,a,17.0,45.8,38.6,16.7,Successful,36.24044701711059,-53.414681700306595,Forward,Short,"[{""type"": ""Zone"", ""value"": ""Back""}, {""type"": ""PassEndX"", ""value"": ""38.6""}, {""type"": ""PassEndY"", ""value"": ""16.7""}, {""type"": ""Length"", ""value"": ""30.1""}, {""type"": ""Angle"", ""value"": ""5.57""}]"
2944937621.0,38,33.0,FirstHalf,Lee Han-Beom,531031,1159,a,56.4,15.5,41.9,26.6,Successful,18.2608871635526,142.5653210684323,Backward,Short,"[{""type"": ""Zone"", ""value"": ""Back""}, {""type"": ""PassEndX"", ""value"": ""41.9""}, {""type"": ""PassEndY"", ""value"": ""26.6""}, {""type"": ""Length"", ""value"": ""17.0""}, {""type"": ""Angle"", ""value"": ""2.68""}]"
2944937625.0,38,42.0,FirstHalf,Lee Kang-In,367780,1159,a,38.1,34.7,33.4,45.5,Successful,11.778370006074693,113.51796167369227,Lateral,Short,"[{""type"": ""Zone"", ""value"": ""Back""}, {""type"": ""PassEndX"", ""value"": ""33.4""}, {""type"": ""PassEndY"", ""value"": ""45.5""}, {""type"": ""Length"", ""value"": ""8.8""}, {""type"": ""Angle"", ""value"": ""2.16""}]"
2944937633.0,38,46.0,FirstHalf,Lee Gi-Hyuk,447593,1159,a,32.6,44.9,37.0,32.6,Successful,13.063307391315567,-70.31667245355897,Lateral,Short,"[{""type"": ""Zone"", ""value"": ""Back""}, {""type"": ""PassEndX"", ""value"": ""37.0""}, {""type"": ""PassEndY"", ""value"": ""32.6""}, {""type"": ""Length"", ""value"": ""9.6""}, {""type"": ""Angle"", ""value"": ""5.22""}]"
2944937639.0,38,50.0,FirstHalf,Lee Kang-In,367780,1159,a,37.4,34.0,32.0,51.0,Successful,17.837040113202637,107.62229722866827,Backward,Short,"[{""type"": ""Zone"", ""value"": ""Back""}, {""type"": ""PassEndX"", ""value"": ""32.0""}, {""type"": ""PassEndY"", ""value"": ""51.0""}, {""type"": ""Length"", ""value"": ""12.9""}, {""type"": ""Angle"", ""value"": ""2.03""}]"
2944937641.0,38,52.0,FirstHalf,Lee Gi-Hyuk,447593,1159,a,30.9,53.9,31.4,86.6,Successful,32.70382240656281,89.12398601088202,Lateral,Short,"[{""type"": ""Zone"", ""value"": ""Back""}, {""type"": ""PassEndX"", ""value"": ""31.4""}, {""type"": ""PassEndY"", ""value"": ""86.6""}, {""type"": ""Length"", ""value"": ""22.2""}, {""type"": ""Angle"", ""value"": ""1.55""}]"
2944937657.0,38,55.0,FirstHalf,Kim Min-Jae,370912,1159,a,31.3,88.5,39.5,93.5,Successful,9.604165762834375,31.373005140108464,Forward,Short,"[{""type"": ""Zone"", ""value"": ""Back""}, {""type"": ""PassEndX"", ""value"": ""39.5""}, {""type"": ""PassEndY"", ""value"": ""93.5""}, {""type"": ""Length"", ""value"": ""9.3""}, {""type"": ""Angle"", ""value"": ""0.38""}]"
2944937669.0,38,57.0,FirstHalf,Lee Jae-Sung,142959,1159,a,37.3,85.1,34.5,72.2,Successful,13.200378782444076,-102.24633285968041,Lateral,Short,"[{""type"": ""Zone"", ""value"": ""Back""}, {""type"": ""PassEndX"", ""value"": ""34.5""}, {""type"": ""PassEndY"", ""value"": ""72.2""}, {""type"": ""Length"", ""value"": ""9.3""}, {""type"": ""Angle"", ""value"": ""4.39""}]"
2944937675.0,39,0.0,FirstHalf,Hwang In-Beom,371030,1159,a,34.5,72.5,79.9,95.3,Successful,50.80354318352215,26.66592392411233,Forward,Chipped,"[{""type"": ""Longball""}, {""type"": ""Zone"", ""value"": ""Left""}, {""type"": ""PassEndX"", ""value"": ""79.9""}, {""type"": ""PassEndY"", ""value"": ""95.3""}, {""type"": ""Chipped""}, {""type"": ""Length"", ""value"": ""50.1""}, {""type"": ""Angle"", ""value"": ""0.31""}]"
2944937677.0,39,2.0,FirstHalf,Seol Young-Woo,477549,1159,a,79.9,95.3,82.1,84.3,Unsuccessful,11.217842929904124,-78.69006752597984,Lateral,Short,"[{""type"": ""Zone"", ""value"": ""Left""}, {""type"": ""PassEndX"", ""value"": ""82.1""}, {""type"": ""PassEndY"", ""value"": ""84.3""}, {""type"": ""Length"", ""value"": ""7.8""}, {""type"": ""Angle"", ""value"": ""5.01""}]"
2944937685.0,39,14.0,FirstHalf,Seol Young-Woo,477549,1159,a,71.1,100.0,74.0,88.1,Successful,12.248265183282086,-76.30412349559096,Lateral,ThrowIn,"[{""type"": ""Zone"", ""value"": ""Left""}, {""type"": ""ThrowIn""}, {""type"": ""PassEndX"", ""value"": ""74.0""}, {""type"": ""PassEndY"", ""value"": ""88.1""}, {""type"": ""Length"", ""value"": ""9.3""}, {""type"": ""Angle"", ""value"": ""5.04""}]"
2944937687.0,39,17.0,FirstHalf,Lee Jae-Sung,142959,1159,a,64.3,88.5,51.6,77.9,Successful,16.542369842317022,-140.15008233801984,Backward,Short,"[{""type"": ""Zone"", ""value"": ""Center""}, {""type"": ""PassEndX"", ""value"": ""51.6""}, {""type"": ""PassEndY"", ""value"": ""77.9""}, {""type"": ""Length"", ""value"": ""15.2""}, {""type"": ""Angle"", ""value"": ""3.64""}]"
2944937697.0,39,20.0,FirstHalf,Kim Min-Jae,370912,1159,a,57.0,60.2,57.4,31.7,Successful,28.50280687932331,-89.19590150391075,Lateral,Short,"[{""type"": ""Zone"", ""value"": ""Center""}, {""type"": ""PassEndX"", ""value"": ""57.4""}, {""type"": ""PassEndY"", ""value"": ""31.7""}, {""type"": ""Length"", ""value"": ""19.4""}, {""type"": ""Angle"", ""value"": ""4.73""}]"
2944937701.0,39,22.0,FirstHalf,Lee Han-Beom,531031,1159,a,58.4,28.6,65.3,14.6,Successful,15.608010763707208,-63.76328780469275,Forward,Short,"[{""type"": ""Zone"", ""value"": ""Right""}, {""type"": ""PassEndX"", ""value"": ""65.3""}, {""type"": ""PassEndY"", ""value"": ""14.6""}, {""type"": ""Length"", ""value"": ""12.0""}, {""type"": ""Angle"", ""value"": ""5.36""}]"
2944937707.0,39,27.0,FirstHalf,Lee Kang-In,367780,1159,a,64.6,6.1,61.7,20.9,Successful,15.081445554057472,101.0864130116596,Lateral,Short,"[{""type"": ""Zone"", ""value"": ""Right""}, {""type"": ""PassEndX"", ""value"": ""61.7""}, {""type"": ""PassEndY"", ""value"": ""20.9""}, {""type"": ""Length"", ""value"": ""10.5""}, {""type"": ""Angle"", ""value"": ""1.86""}]"
2944937711.0,39,28.0,FirstHalf,Paik Seung-Ho,362786,1159,a,60.6,20.2,41.4,15.7,Successful,19.720294115453758,-166.80938928779315,Backward,Short,"[{""type"": ""Zone"", ""value"": ""Back""}, {""type"": ""PassEndX"", ""value"": ""41.4""}, {""type"": ""PassEndY"", ""value"": ""15.7""}, {""type"": ""Length"", ""value"": ""20.4""}, {""type"": ""Angle"", ""value"": ""3.29""}]"
2944937715.0,39,32.0,FirstHalf,Lee Han-Beom,531031,1159,a,38.5,18.2,19.1,48.1,Successful,35.64225020954766,122.97669390654171,Backward,Short,"[{""type"": ""Zone"", ""value"": ""Back""}, {""type"": ""PassEndX"", ""value"": ""19.1""}, {""type"": ""PassEndY"", ""value"": ""48.1""}, {""type"": ""Length"", ""value"": ""28.8""}, {""type"": ""Angle"", ""value"": ""2.36""}]"
2944937729.0,39,37.0,FirstHalf,Kim Seung-Gyu,71968,1159,a,19.8,51.6,27.7,61.4,Successful,12.58769240170731,51.12693300549408,Forward,Short,"[{""type"": ""Zone"", ""value"": ""Back""}, {""type"": ""PassEndX"", ""value"": ""27.7""}, {""type"": ""PassEndY"", ""value"": ""61.4""}, {""type"": ""Length"", ""value"": ""10.6""}, {""type"": ""Angle"", ""value"": ""0.68""}]"
2944937735.0,39,50.0,FirstHalf,Kim Min-Jae,370912,1159,a,29.7,53.3,37.3,35.6,Successful,19.26265817585932,-66.7623530646486,Forward,Short,"[{""type"": ""Zone"", ""value"": ""Back""}, {""type"": ""PassEndX"", ""value"": ""37.3""}, {""type"": ""PassEndY"", ""value"": ""35.6""}, {""type"": ""Length"", ""value"": ""14.4""}, {""type"": ""Angle"", ""value"": ""5.30""}]"
2944937737.0,39,53.0,FirstHalf,Paik Seung-Ho,362786,1159,a,37.3,35.6,30.4,18.8,Successful,18.161773041198373,-112.32865637801915,Backward,Short,"[{""type"": ""Zone"", ""value"": ""Back""}, {""type"": ""PassEndX"", ""value"": ""30.4""}, {""type"": ""PassEndY"", ""value"": ""18.8""}, {""type"": ""LayOff""}, {""type"": ""Length"", ""value"": ""13.5""}, {""type"": ""Angle"", ""value"": ""4.15""}]"
2944937743.0,39,54.0,FirstHalf,Lee Han-Beom,531031,1159,a,30.4,18.8,48.7,22.7,Successful,18.710959355415213,12.030596096537863,Forward,Short,"[{""type"": ""Zone"", ""value"": ""Back""}, {""type"": ""PassEndX"", ""value"": ""48.7""}, {""type"": ""PassEndY"", ""value"": ""22.7""}, {""type"": ""Length"", ""value"": ""19.4""}, {""type"": ""Angle"", ""value"": ""0.14""}]"
2944937745.0,39,56.0,FirstHalf,Kim Moon-Hwan,414214,1159,a,48.7,22.7,43.0,17.3,Successful,7.851751396981442,-136.548157698978,Backward,Short,"[{""type"": ""Zone"", ""value"": ""Back""}, {""type"": ""PassEndX"", ""value"": ""43.0""}, {""type"": ""PassEndY"", ""value"": ""17.3""}, {""type"": ""LayOff""}, {""type"": ""Length"", ""value"": ""7.0""}, {""type"": ""Angle"", ""value"": ""3.69""}]"
2944937747.0,39,58.0,FirstHalf,Lee Kang-In,367780,1159,a,39.3,14.9,45.1,4.0,Successful,12.347064428438042,-61.9821064535454,Forward,Short,"[{""type"": ""Zone"", ""value"": ""Back""}, {""type"": ""PassEndX"", ""value"": ""45.1""}, {""type"": ""PassEndY"", ""value"": ""4.0""}, {""type"": ""Length"", ""value"": ""9.6""}, {""type"": ""Angle"", ""value"": ""5.40""}]"
2944937751.0,39,59.0,FirstHalf,Kim Moon-Hwan,414214,1159,a,41.9,4.4,34.3,13.9,Successful,12.165936051122413,128.6598082540901,Backward,Short,"[{""type"": ""Zone"", ""value"": ""Back""}, {""type"": ""PassEndX"", ""value"": ""34.3""}, {""type"": ""PassEndY"", ""value"": ""13.9""}, {""type"": ""Length"", ""value"": ""10.3""}, {""type"": ""Angle"", ""value"": ""2.46""}]"
2944937753.0,40,1.0,FirstHalf,Lee Kang-In,367780,1159,a,35.0,12.4,34.3,22.6,Successful,10.22399139279763,93.925907703684,Lateral,Short,"[{""type"": ""Zone"", ""value"": ""Back""}, {""type"": ""PassEndX"", ""value"": ""34.3""}, {""type"": ""PassEndY"", ""value"": ""22.6""}, {""type"": ""Length"", ""value"": ""7.0""}, {""type"": ""Angle"", ""value"": ""1.68""}]"
2944937759.0,40,2.0,FirstHalf,Paik Seung-Ho,362786,1159,a,34.6,23.9,39.5,37.3,Successful,14.267795905464865,69.91396703879367,Lateral,Short,"[{""type"": ""Zone"", ""value"": ""Back""}, {""type"": ""PassEndX"", ""value"": ""39.5""}, {""type"": ""PassEndY"", ""value"": ""37.3""}, {""type"": ""Length"", ""value"": ""10.5""}, {""type"": ""Angle"", ""value"": ""1.06""}]"
2944937761.0,40,4.0,FirstHalf,Hwang In-Beom,371030,1159,a,39.2,39.1,72.6,0.0,Unsuccessful,51.423438235886174,-49.4953866039015,Forward,Chipped,"[{""type"": ""Longball""}, {""type"": ""Zone"", ""value"": ""Right""}, {""type"": ""PassEndX"", ""value"": ""72.6""}, {""type"": ""PassEndY"", ""value"": ""0.0""}, {""type"": ""Chipped""}, {""type"": ""Length"", ""value"": ""44.3""}, {""type"": ""Angle"", ""value"": ""5.62""}]"
2944937773.0,40,25.0,FirstHalf,Jesús Gallardo,252248,972,h,34.4,100.0,44.1,93.9,Successful,11.458621208504974,-32.164390513598526,Forward,ThrowIn,"[{""type"": ""Zone"", ""value"": ""Back""}, {""type"": ""ThrowIn""}, {""type"": ""PassEndX"", ""value"": ""44.1""}, {""type"": ""PassEndY"", ""value"": ""93.9""}, {""type"": ""Length"", ""value"": ""11.5""}, {""type"": ""Angle"", ""value"": ""5.81""}]"
2944937779.0,40,27.0,FirstHalf,Raúl Jiménez,108186,972,h,42.9,95.1,40.6,89.6,Successful,5.9615434243155505,-112.69379494509234,Lateral,Short,"[{""type"": ""Zone"", ""value"": ""Back""}, {""type"": ""PassEndX"", ""value"": ""40.6""}, {""type"": ""PassEndY"", ""value"": ""89.6""}, {""type"": ""Length"", ""value"": ""4.5""}, {""type"": ""Angle"", ""value"": ""4.14""}]"
2944937789.0,40,31.0,FirstHalf,Paik Seung-Ho,362786,1159,a,61.3,19.5,58.7,35.8,Successful,16.506059493410287,99.0628561143429,Lateral,Short,"[{""type"": ""Zone"", ""value"": ""Center""}, {""type"": ""PassEndX"", ""value"": ""58.7""}, {""type"": ""PassEndY"", ""value"": ""35.8""}, {""type"": ""Length"", ""value"": ""11.4""}, {""type"": ""Angle"", ""value"": ""1.81""}]"
2944937791.0,40,34.0,FirstHalf,Hwang In-Beom,371030,1159,a,60.7,36.1,73.5,48.5,Successful,17.821335527956368,44.09061955080086,Forward,Short,"[{""type"": ""Zone"", ""value"": ""Center""}, {""type"": ""PassEndX"", ""value"": ""73.5""}, {""type"": ""PassEndY"", ""value"": ""48.5""}, {""type"": ""Length"", ""value"": ""15.9""}, {""type"": ""Angle"", ""value"": ""0.56""}]"
2944937793.0,40,36.0,FirstHalf,Lee Jae-Sung,142959,1159,a,70.8,61.3,81.1,65.6,Unsuccessful,11.161541112229974,22.659352040005853,Forward,Short,"[{""type"": ""Throughball""}, {""type"": ""Zone"", ""value"": ""Center""}, {""type"": ""PassEndX"", ""value"": ""81.1""}, {""type"": ""PassEndY"", ""value"": ""65.6""}, {""type"": ""Length"", ""value"": ""11.2""}, {""type"": ""Angle"", ""value"": ""0.26""}]"
2944937821.0,41,8.0,FirstHalf,Raúl Rangel,527319,972,h,4.1,40.7,64.7,22.8,Successful,63.18836918294379,-16.45606215228893,Forward,GoalKick,"[{""type"": ""Longball""}, {""type"": ""Zone"", ""value"": ""Center""}, {""type"": ""MissHigh""}, {""type"": ""GoalKick""}, {""type"": ""PassEndX"", ""value"": ""64.7""}, {""type"": ""PassEndY"", ""value"": ""22.8""}, {""type"": ""Length"", ""value"": ""64.8""}, {""type"": ""Angle"", ""value"": ""6.09""}]"
2944937831.0,41,12.0,FirstHalf,Raúl Jiménez,108186,972,h,64.7,22.8,73.1,19.8,Unsuccessful,8.919641248391095,-19.653824058053328,Forward,Short,"[{""type"": ""HeadPass""}, {""type"": ""Zone"", ""value"": ""Right""}, {""type"": ""PassEndX"", ""value"": ""73.1""}, {""type"": ""PassEndY"", ""value"": ""19.8""}, {""type"": ""Length"", ""value"": ""9.1""}, {""type"": ""Angle"", ""value"": ""6.06""}]"
2944937833.0,41,15.0,FirstHalf,Seol Young-Woo,477549,1159,a,24.1,77.3,33.0,70.4,Successful,11.261438629233828,-37.785737960793206,Forward,Short,"[{""type"": ""Zone"", ""value"": ""Back""}, {""type"": ""PassEndX"", ""value"": ""33.0""}, {""type"": ""PassEndY"", ""value"": ""70.4""}, {""type"": ""Length"", ""value"": ""10.5""}, {""type"": ""Angle"", ""value"": ""5.82""}]"
2944937835.0,41,16.0,FirstHalf,Paik Seung-Ho,362786,1159,a,33.0,70.2,18.5,62.6,Successful,16.37101096450674,-152.33926148804048,Backward,Short,"[{""type"": ""Zone"", ""value"": ""Back""}, {""type"": ""PassEndX"", ""value"": ""18.5""}, {""type"": ""PassEndY"", ""value"": ""62.6""}, {""type"": ""LayOff""}, {""type"": ""Length"", ""value"": ""16.1""}, {""type"": ""Angle"", ""value"": ""3.47""}]"
2944937841.0,41,19.0,FirstHalf,Kim Min-Jae,370912,1159,a,21.5,57.9,46.3,53.8,Successful,25.13662666309861,-9.387376823021308,Forward,Chipped,"[{""type"": ""Zone"", ""value"": ""Back""}, {""type"": ""PassEndX"", ""value"": ""46.3""}, {""type"": ""PassEndY"", ""value"": ""53.8""}, {""type"": ""Chipped""}, {""type"": ""Length"", ""value"": ""26.2""}, {""type"": ""Angle"", ""value"": ""6.18""}]"
2944937845.0,41,25.0,FirstHalf,Son Heung-Min,91909,1159,a,71.2,24.7,71.6,10.0,Successful,14.705441169852742,-88.44131579378922,Lateral,Short,"[{""type"": ""Zone"", ""value"": ""Right""}, {""type"": ""PassEndX"", ""value"": ""71.6""}, {""type"": ""PassEndY"", ""value"": ""10.0""}, {""type"": ""Length"", ""value"": ""10.0""}, {""type"": ""Angle"", ""value"": ""4.75""}]"
2944937853.0,41,27.0,FirstHalf,Kim Moon-Hwan,414214,1159,a,71.6,10.0,64.8,19.3,Successful,11.520850663036995,126.17362904577206,Backward,Short,"[{""type"": ""Zone"", ""value"": ""Right""}, {""type"": ""PassEndX"", ""value"": ""64.8""}, {""type"": ""PassEndY"", ""value"": ""19.3""}, {""type"": ""Length"", ""value"": ""9.5""}, {""type"": ""Angle"", ""value"": ""2.42""}]"
2944937861.0,41,30.0,FirstHalf,Lee Kang-In,367780,1159,a,70.6,19.4,92.8,19.3,Successful,22.200225224082754,-0.2580873513361816,Forward,Short,"[{""type"": ""Zone"", ""value"": ""Right""}, {""type"": ""PassEndX"", ""value"": ""92.8""}, {""type"": ""PassEndY"", ""value"": ""19.3""}, {""type"": ""Length"", ""value"": ""23.3""}, {""type"": ""Angle"", ""value"": ""6.28""}]"
2944937863.0,41,33.0,FirstHalf,Hwang In-Beom,371030,1159,a,88.9,12.1,85.0,11.9,Unsuccessful,3.9051248379533328,-177.06432655357887,Lateral,Short,"[{""type"": ""Zone"", ""value"": ""Right""}, {""type"": ""PassEndX"", ""value"": ""85.0""}, {""type"": ""PassEndY"", ""value"": ""11.9""}, {""type"": ""Length"", ""value"": ""4.1""}, {""type"": ""Angle"", ""value"": ""3.17""}, {""type"": ""OppositeRelatedEvent"", ""value"": ""368""}, {""type"": ""Offensive""}]"
2944937895.0,41,41.0,FirstHalf,Kim Moon-Hwan,414214,1159,a,86.9,0.0,59.0,10.7,Successful,29.88143236192001,159.0175545794531,Backward,ThrowIn,"[{""type"": ""Longball""}, {""type"": ""Zone"", ""value"": ""Right""}, {""type"": ""ThrowIn""}, {""type"": ""PassEndX"", ""value"": ""59.0""}, {""type"": ""PassEndY"", ""value"": ""10.7""}, {""type"": ""Length"", ""value"": ""30.3""}, {""type"": ""Angle"", ""value"": ""2.89""}]"
2944937903.0,41,43.0,FirstHalf,Lee Han-Beom,531031,1159,a,63.1,8.0,46.1,12.7,Successful,17.63774361986249,164.5454437848755,Backward,Short,"[{""type"": ""Zone"", ""value"": ""Back""}, {""type"": ""PassEndX"", ""value"": ""46.1""}, {""type"": ""PassEndY"", ""value"": ""12.7""}, {""type"": ""Length"", ""value"": ""18.1""}, {""type"": ""Angle"", ""value"": ""2.96""}]"
2944937909.0,41,46.0,FirstHalf,Kim Min-Jae,370912,1159,a,47.3,15.7,45.9,58.4,Successful,42.72294465506796,91.87787744728536,Lateral,Short,"[{""type"": ""Zone"", ""value"": ""Back""}, {""type"": ""PassEndX"", ""value"": ""45.9""}, {""type"": ""PassEndY"", ""value"": ""58.4""}, {""type"": ""Length"", ""value"": ""29.1""}, {""type"": ""Angle"", ""value"": ""1.62""}]"
2944937911.0,41,50.0,FirstHalf,Lee Gi-Hyuk,447593,1159,a,52.4,65.1,60.6,58.1,Successful,10.781465577554842,-40.4860115419987,Forward,Short,"[{""type"": ""Zone"", ""value"": ""Center""}, {""type"": ""PassEndX"", ""value"": ""60.6""}, {""type"": ""PassEndY"", ""value"": ""58.1""}, {""type"": ""Length"", ""value"": ""9.8""}, {""type"": ""Angle"", ""value"": ""5.78""}]"
2944937915.0,41,51.0,FirstHalf,Paik Seung-Ho,362786,1159,a,60.6,58.1,47.6,67.4,Successful,15.984054554461457,144.42065255754463,Backward,Short,"[{""type"": ""Zone"", ""value"": ""Back""}, {""type"": ""PassEndX"", ""value"": ""47.6""}, {""type"": ""PassEndY"", ""value"": ""67.4""}, {""type"": ""Length"", ""value"": ""15.0""}, {""type"": ""Angle"", ""value"": ""2.71""}]"
2944937919.0,41,54.0,FirstHalf,Lee Gi-Hyuk,447593,1159,a,48.9,61.1,41.9,48.2,Successful,14.676852523616907,-118.48583608976696,Backward,Short,"[{""type"": ""Zone"", ""value"": ""Back""}, {""type"": ""PassEndX"", ""value"": ""41.9""}, {""type"": ""PassEndY"", ""value"": ""48.2""}, {""type"": ""Length"", ""value"": ""11.4""}, {""type"": ""Angle"", ""value"": ""4.01""}]"
2944937923.0,41,56.0,FirstHalf,Kim Min-Jae,370912,1159,a,42.3,46.0,48.0,26.3,Successful,20.508047201037936,-73.86272343828215,Forward,Short,"[{""type"": ""Zone"", ""value"": ""Back""}, {""type"": ""PassEndX"", ""value"": ""48.0""}, {""type"": ""PassEndY"", ""value"": ""26.3""}, {""type"": ""Length"", ""value"": ""14.7""}, {""type"": ""Angle"", ""value"": ""5.13""}]"
2944937925.0,42,0.0,FirstHalf,Lee Kang-In,367780,1159,a,56.5,32.2,70.5,2.8,Successful,32.56316937891642,-64.5366549381284,Forward,Short,"[{""type"": ""Zone"", ""value"": ""Right""}, {""type"": ""PassEndX"", ""value"": ""70.5""}, {""type"": ""PassEndY"", ""value"": ""2.8""}, {""type"": ""Length"", ""value"": ""24.8""}, {""type"": ""Angle"", ""value"": ""5.35""}]"
2944937927.0,42,2.0,FirstHalf,Lee Han-Beom,531031,1159,a,72.0,5.5,59.8,16.0,Successful,16.096272860510286,139.28287846524614,Backward,Short,"[{""type"": ""Zone"", ""value"": ""Right""}, {""type"": ""PassEndX"", ""value"": ""59.8""}, {""type"": ""PassEndY"", ""value"": ""16.0""}, {""type"": ""Length"", ""value"": ""14.7""}, {""type"": ""Angle"", ""value"": ""2.63""}]"
2944937931.0,42,6.0,FirstHalf,Lee Kang-In,367780,1159,a,66.5,36.7,96.1,89.6,Successful,60.6182315809361,60.77096609038632,Forward,Chipped,"[{""type"": ""Longball""}, {""type"": ""Zone"", ""value"": ""Left""}, {""type"": ""PassEndX"", ""value"": ""96.1""}, {""type"": ""PassEndY"", ""value"": ""89.6""}, {""type"": ""Chipped""}, {""type"": ""Length"", ""value"": ""47.5""}, {""type"": ""Angle"", ""value"": ""0.86""}]"
2944937933.0,42,11.0,FirstHalf,Seol Young-Woo,477549,1159,a,93.7,92.6,93.2,90.6,Unsuccessful,2.0615528128088303,-104.03624346792648,Lateral,Cross,"[{""type"": ""Cross""}, {""type"": ""RightFoot""}, {""type"": ""Zone"", ""value"": ""Left""}, {""type"": ""PassEndX"", ""value"": ""93.2""}, {""type"": ""PassEndY"", ""value"": ""90.6""}, {""type"": ""Chipped""}, {""type"": ""Length"", ""value"": ""1.5""}, {""type"": ""Angle"", ""value"": ""4.34""}, {""type"": ""OppositeRelatedEvent"", ""value"": ""370""}, {""type"": ""Offensive""}]"
2944937941.0,42,13.0,FirstHalf,Seol Young-Woo,477549,1159,a,92.5,96.6,72.6,81.0,Successful,25.285766747322494,-141.9064070820618,Backward,Short,"[{""type"": ""Zone"", ""value"": ""Left""}, {""type"": ""PassEndX"", ""value"": ""72.6""}, {""type"": ""PassEndY"", ""value"": ""81.0""}, {""type"": ""Length"", ""value"": ""23.4""}, {""type"": ""Angle"", ""value"": ""3.61""}]"
2944937943.0,42,17.0,FirstHalf,Lee Gi-Hyuk,447593,1159,a,67.9,79.2,67.1,72.0,Successful,7.244308110509937,-96.34019174591,Lateral,Short,"[{""type"": ""Zone"", ""value"": ""Center""}, {""type"": ""PassEndX"", ""value"": ""67.1""}, {""type"": ""PassEndY"", ""value"": ""72.0""}, {""type"": ""Length"", ""value"": ""5.0""}, {""type"": ""Angle"", ""value"": ""4.54""}]"
2944937947.0,42,19.0,FirstHalf,Paik Seung-Ho,362786,1159,a,66.0,76.7,73.6,97.4,Successful,22.05107707119995,69.83930154930617,Forward,Short,"[{""type"": ""Zone"", ""value"": ""Left""}, {""type"": ""PassEndX"", ""value"": ""73.6""}, {""type"": ""PassEndY"", ""value"": ""97.4""}, {""type"": ""Length"", ""value"": ""16.2""}, {""type"": ""Angle"", ""value"": ""1.06""}]"
2944937949.0,42,21.0,FirstHalf,Seol Young-Woo,477549,1159,a,73.8,96.2,72.4,85.7,Successful,10.592922165295088,-97.5946433685914,Lateral,Short,"[{""type"": ""Zone"", ""value"": ""Left""}, {""type"": ""PassEndX"", ""value"": ""72.4""}, {""type"": ""PassEndY"", ""value"": ""85.7""}, {""type"": ""Length"", ""value"": ""7.3""}, {""type"": ""Angle"", ""value"": ""4.51""}]"
2944937951.0,42,24.0,FirstHalf,Son Heung-Min,91909,1159,a,73.6,73.4,69.4,60.2,Successful,13.852075656738233,-107.65012421993008,Lateral,Short,"[{""type"": ""Zone"", ""value"": ""Center""}, {""type"": ""PassEndX"", ""value"": ""69.4""}, {""type"": ""PassEndY"", ""value"": ""60.2""}, {""type"": ""Length"", ""value"": ""10.0""}, {""type"": ""Angle"", ""value"": ""4.26""}]"
2944937953.0,42,27.0,FirstHalf,Hwang In-Beom,371030,1159,a,70.9,73.1,65.8,84.9,Successful,12.854960132182454,113.37416436504823,Backward,Short,"[{""type"": ""Zone"", ""value"": ""Left""}, {""type"": ""PassEndX"", ""value"": ""65.8""}, {""type"": ""PassEndY"", ""value"": ""84.9""}, {""type"": ""Length"", ""value"": ""9.6""}, {""type"": ""Angle"", ""value"": ""2.16""}]"
2944937955.0,42,28.0,FirstHalf,Lee Gi-Hyuk,447593,1159,a,65.8,84.8,60.1,57.0,Successful,28.378336808206356,-101.58710408975969,Backward,Short,"[{""type"": ""Zone"", ""value"": ""Center""}, {""type"": ""PassEndX"", ""value"": ""60.1""}, {""type"": ""PassEndY"", ""value"": ""57.0""}, {""type"": ""Length"", ""value"": ""19.8""}, {""type"": ""Angle"", ""value"": ""4.41""}]"
2944937963.0,42,35.0,FirstHalf,Kim Min-Jae,370912,1159,a,63.8,35.8,67.8,55.1,Successful,19.7101496696499,78.290998898136,Lateral,Short,"[{""type"": ""Zone"", ""value"": ""Center""}, {""type"": ""PassEndX"", ""value"": ""67.8""}, {""type"": ""PassEndY"", ""value"": ""55.1""}, {""type"": ""Length"", ""value"": ""13.8""}, {""type"": ""Angle"", ""value"": ""1.26""}]"
2944937971.0,42,43.0,FirstHalf,Hwang In-Beom,371030,1159,a,62.5,70.7,52.6,68.7,Successful,10.1,-168.5788137250007,Backward,Short,"[{""type"": ""Zone"", ""value"": ""Center""}, {""type"": ""PassEndX"", ""value"": ""52.6""}, {""type"": ""PassEndY"", ""value"": ""68.7""}, {""type"": ""Length"", ""value"": ""10.5""}, {""type"": ""Angle"", ""value"": ""3.27""}]"
2944937977.0,42,45.0,FirstHalf,Lee Gi-Hyuk,447593,1159,a,53.3,72.3,64.2,90.0,Successful,20.78701517774979,58.37444046487113,Forward,Short,"[{""type"": ""Zone"", ""value"": ""Left""}, {""type"": ""PassEndX"", ""value"": ""64.2""}, {""type"": ""PassEndY"", ""value"": ""90.0""}, {""type"": ""Length"", ""value"": ""16.6""}, {""type"": ""Angle"", ""value"": ""0.81""}]"
2944937981.0,42,47.0,FirstHalf,Paik Seung-Ho,362786,1159,a,65.2,97.4,77.6,94.5,Successful,12.734598540982743,-13.163232489699524,Forward,Short,"[{""type"": ""Zone"", ""value"": ""Left""}, {""type"": ""PassEndX"", ""value"": ""77.6""}, {""type"": ""PassEndY"", ""value"": ""94.5""}, {""type"": ""Length"", ""value"": ""13.2""}, {""type"": ""Angle"", ""value"": ""6.13""}]"
2944937993.0,42,49.0,FirstHalf,Seol Young-Woo,477549,1159,a,74.5,94.4,60.7,93.0,Successful,13.870832707519758,-174.20720350496782,Backward,Short,"[{""type"": ""Zone"", ""value"": ""Left""}, {""type"": ""PassEndX"", ""value"": ""60.7""}, {""type"": ""PassEndY"", ""value"": ""93.0""}, {""type"": ""Length"", ""value"": ""14.5""}, {""type"": ""Angle"", ""value"": ""3.21""}]"
2944938001.0,42,51.0,FirstHalf,Paik Seung-Ho,362786,1159,a,60.4,90.9,58.2,73.5,Successful,17.538529014715007,-97.20605700138327,Lateral,Short,"[{""type"": ""Zone"", ""value"": ""Center""}, {""type"": ""PassEndX"", ""value"": ""58.2""}, {""type"": ""PassEndY"", ""value"": ""73.5""}, {""type"": ""Length"", ""value"": ""12.1""}, {""type"": ""Angle"", ""value"": ""4.52""}]"
2944938005.0,42,57.0,FirstHalf,Lee Kang-In,367780,1159,a,64.0,77.0,65.5,95.7,Successful,18.760063965775814,85.41390110382915,Lateral,Short,"[{""type"": ""Zone"", ""value"": ""Left""}, {""type"": ""PassEndX"", ""value"": ""65.5""}, {""type"": ""PassEndY"", ""value"": ""95.7""}, {""type"": ""Length"", ""value"": ""12.8""}, {""type"": ""Angle"", ""value"": ""1.45""}]"
2944938009.0,42,58.0,FirstHalf,Paik Seung-Ho,362786,1159,a,65.5,95.7,56.6,85.4,Successful,13.612494260788504,-130.8295634751579,Backward,Short,"[{""type"": ""Zone"", ""value"": ""Left""}, {""type"": ""PassEndX"", ""value"": ""56.6""}, {""type"": ""PassEndY"", ""value"": ""85.4""}, {""type"": ""Length"", ""value"": ""11.7""}, {""type"": ""Angle"", ""value"": ""3.78""}]"
2944938011.0,43,0.0,FirstHalf,Lee Kang-In,367780,1159,a,54.4,82.4,54.9,63.6,Successful,18.80664776083181,-88.47653520834818,Lateral,Short,"[{""type"": ""Zone"", ""value"": ""Center""}, {""type"": ""PassEndX"", ""value"": ""54.9""}, {""type"": ""PassEndY"", ""value"": ""63.6""}, {""type"": ""Length"", ""value"": ""12.8""}, {""type"": ""Angle"", ""value"": ""4.75""}]"
2944938019.0,43,2.0,FirstHalf,Hwang In-Beom,371030,1159,a,54.9,63.6,41.9,73.7,Successful,16.462381358722073,142.1555415348859,Backward,Short,"[{""type"": ""Zone"", ""value"": ""Back""}, {""type"": ""PassEndX"", ""value"": ""41.9""}, {""type"": ""PassEndY"", ""value"": ""73.7""}, {""type"": ""Length"", ""value"": ""15.3""}, {""type"": ""Angle"", ""value"": ""2.68""}]"
2944938025.0,43,5.0,FirstHalf,Lee Gi-Hyuk,447593,1159,a,44.7,68.7,43.2,61.4,Successful,7.452516353554688,-101.6114864238885,Lateral,Short,"[{""type"": ""Zone"", ""value"": ""Back""}, {""type"": ""PassEndX"", ""value"": ""43.2""}, {""type"": ""PassEndY"", ""value"": ""61.4""}, {""type"": ""Length"", ""value"": ""5.2""}, {""type"": ""Angle"", ""value"": ""4.41""}]"
2944938029.0,43,13.0,FirstHalf,Hwang In-Beom,371030,1159,a,55.2,34.0,57.6,23.0,Successful,11.258774356030056,-77.69198418257209,Lateral,Short,"[{""type"": ""Zone"", ""value"": ""Center""}, {""type"": ""PassEndX"", ""value"": ""57.6""}, {""type"": ""PassEndY"", ""value"": ""23.0""}, {""type"": ""Length"", ""value"": ""7.9""}, {""type"": ""Angle"", ""value"": ""5.04""}]"
2944938031.0,43,16.0,FirstHalf,Kim Moon-Hwan,414214,1159,a,48.0,31.6,44.0,52.8,Successful,21.57405849625888,100.68491240000272,Lateral,Short,"[{""type"": ""Zone"", ""value"": ""Back""}, {""type"": ""PassEndX"", ""value"": ""44.0""}, {""type"": ""PassEndY"", ""value"": ""52.8""}, {""type"": ""Length"", ""value"": ""15.0""}, {""type"": ""Angle"", ""value"": ""1.85""}]"
2944938033.0,43,19.0,FirstHalf,Kim Min-Jae,370912,1159,a,44.4,48.9,48.0,69.7,Successful,21.109239683134025,80.1806993612421,Lateral,Short,"[{""type"": ""Zone"", ""value"": ""Back""}, {""type"": ""PassEndX"", ""value"": ""48.0""}, {""type"": ""PassEndY"", ""value"": ""69.7""}, {""type"": ""Length"", ""value"": ""14.6""}, {""type"": ""Angle"", ""value"": ""1.31""}]"
2944938037.0,43,20.0,FirstHalf,Lee Gi-Hyuk,447593,1159,a,59.1,78.2,88.3,66.5,Unsuccessful,31.45679576816431,-21.8352322566338,Forward,Chipped,"[{""type"": ""Zone"", ""value"": ""Center""}, {""type"": ""PassEndX"", ""value"": ""88.3""}, {""type"": ""PassEndY"", ""value"": ""66.5""}, {""type"": ""Chipped""}, {""type"": ""Length"", ""value"": ""31.7""}, {""type"": ""Angle"", ""value"": ""6.03""}]"
2944938081.0,43,35.0,FirstHalf,Raúl Rangel,527319,972,h,10.5,35.8,14.0,26.5,Successful,9.93680028983173,-69.37646861667477,Lateral,Short,"[{""type"": ""Zone"", ""value"": ""Back""}, {""type"": ""PassEndX"", ""value"": ""14.0""}, {""type"": ""PassEndY"", ""value"": ""26.5""}, {""type"": ""Length"", ""value"": ""7.3""}, {""type"": ""Angle"", ""value"": ""5.24""}]"
2944938091.0,43,41.0,FirstHalf,Edson Álvarez,322696,972,h,24.2,35.4,23.3,14.1,Successful,21.319005605327842,-92.41950921665634,Lateral,Short,"[{""type"": ""Zone"", ""value"": ""Back""}, {""type"": ""PassEndX"", ""value"": ""23.3""}, {""type"": ""PassEndY"", ""value"": ""14.1""}, {""type"": ""Length"", ""value"": ""14.5""}, {""type"": ""Angle"", ""value"": ""4.65""}]"
2944938093.0,43,43.0,FirstHalf,Jorge Sánchez,447643,972,h,23.3,14.1,31.5,6.1,Successful,11.456002793295749,-44.292680631455745,Forward,Short,"[{""type"": ""Zone"", ""value"": ""Back""}, {""type"": ""PassEndX"", ""value"": ""31.5""}, {""type"": ""PassEndY"", ""value"": ""6.1""}, {""type"": ""Length"", ""value"": ""10.2""}, {""type"": ""Angle"", ""value"": ""5.72""}]"
2944938095.0,43,45.0,FirstHalf,Roberto Alvarado,447636,972,h,30.2,6.5,48.6,41.9,Unsuccessful,39.89636574927596,62.53576153844598,Forward,Short,"[{""type"": ""Longball""}, {""type"": ""Zone"", ""value"": ""Back""}, {""type"": ""PassEndX"", ""value"": ""48.6""}, {""type"": ""PassEndY"", ""value"": ""41.9""}, {""type"": ""Length"", ""value"": ""30.9""}, {""type"": ""Angle"", ""value"": ""0.89""}]"
2944938103.0,43,48.0,FirstHalf,Lee Han-Beom,531031,1159,a,51.9,51.9,63.6,48.5,Successful,12.184005909387933,-16.20377421489075,Forward,Short,"[{""type"": ""HeadPass""}, {""type"": ""Zone"", ""value"": ""Center""}, {""type"": ""PassEndX"", ""value"": ""63.6""}, {""type"": ""PassEndY"", ""value"": ""48.5""}, {""type"": ""Length"", ""value"": ""12.5""}, {""type"": ""Angle"", ""value"": ""6.10""}]"
2944938107.0,43,50.0,FirstHalf,Hwang In-Beom,371030,1159,a,63.1,50.5,72.5,50.1,Successful,9.408506789071259,-2.4366482468101225,Forward,Short,"[{""type"": ""Zone"", ""value"": ""Center""}, {""type"": ""PassEndX"", ""value"": ""72.5""}, {""type"": ""PassEndY"", ""value"": ""50.1""}, {""type"": ""Length"", ""value"": ""9.9""}, {""type"": ""Angle"", ""value"": ""6.26""}]"
2944938111.0,43,51.0,FirstHalf,Son Heung-Min,91909,1159,a,73.1,48.9,72.2,40.1,Successful,8.845903006477062,-95.8394923115174,Lateral,Short,"[{""type"": ""Zone"", ""value"": ""Center""}, {""type"": ""PassEndX"", ""value"": ""72.2""}, {""type"": ""PassEndY"", ""value"": ""40.1""}, {""type"": ""ShotAssist"", ""value"": ""15""}, {""type"": ""Length"", ""value"": ""6.1""}, {""type"": ""Angle"", ""value"": ""4.56""}, {""type"": ""KeyPass""}]"
2944938123.0,43,57.0,FirstHalf,Lee Kang-In,367780,1159,a,69.2,34.7,69.5,46.4,Successful,11.703845521878693,88.53119928561419,Lateral,Chipped,"[{""type"": ""Zone"", ""value"": ""Center""}, {""type"": ""PassEndX"", ""value"": ""69.5""}, {""type"": ""PassEndY"", ""value"": ""46.4""}, {""type"": ""Chipped""}, {""type"": ""Length"", ""value"": ""8.0""}, {""type"": ""Angle"", ""value"": ""1.53""}]"
2944938125.0,43,59.0,FirstHalf,Paik Seung-Ho,362786,1159,a,70.1,47.2,85.2,20.8,Unsuccessful,30.413319450530228,-60.23175174696622,Forward,Chipped,"[{""type"": ""Zone"", ""value"": ""Right""}, {""type"": ""PassEndX"", ""value"": ""85.2""}, {""type"": ""PassEndY"", ""value"": ""20.8""}, {""type"": ""Chipped""}, {""type"": ""Length"", ""value"": ""24.0""}, {""type"": ""Angle"", ""value"": ""5.44""}]"
2944938131.0,44,4.0,FirstHalf,Julián Quiñones,509557,972,h,23.1,95.0,14.8,93.8,Successful,8.386298349093003,-171.77327753589182,Backward,Short,"[{""type"": ""HeadPass""}, {""type"": ""Zone"", ""value"": ""Back""}, {""type"": ""PassEndX"", ""value"": ""14.8""}, {""type"": ""PassEndY"", ""value"": ""93.8""}, {""type"": ""Length"", ""value"": ""8.8""}, {""type"": ""Angle"", ""value"": ""3.23""}]"
2944938135.0,44,5.0,FirstHalf,Jesús Gallardo,252248,972,h,14.9,94.1,43.2,58.2,Successful,45.71323659510448,-51.75125793158232,Forward,Short,"[{""type"": ""Longball""}, {""type"": ""Zone"", ""value"": ""Back""}, {""type"": ""PassEndX"", ""value"": ""43.2""}, {""type"": ""PassEndY"", ""value"": ""58.2""}, {""type"": ""Length"", ""value"": ""38.5""}, {""type"": ""Angle"", ""value"": ""5.60""}]"
2944938141.0,44,12.0,FirstHalf,Paik Seung-Ho,362786,1159,a,57.0,60.3,56.6,87.1,Successful,26.802984908401523,90.85509739626671,Lateral,Short,"[{""type"": ""HeadPass""}, {""type"": ""Zone"", ""value"": ""Left""}, {""type"": ""PassEndX"", ""value"": ""56.6""}, {""type"": ""PassEndY"", ""value"": ""87.1""}, {""type"": ""Length"", ""value"": ""18.2""}, {""type"": ""Angle"", ""value"": ""1.59""}]"
2944938147.0,44,14.0,FirstHalf,Seol Young-Woo,477549,1159,a,56.7,84.0,44.1,73.4,Successful,16.465721970202218,-139.92710994764903,Backward,Short,"[{""type"": ""Zone"", ""value"": ""Back""}, {""type"": ""PassEndX"", ""value"": ""44.1""}, {""type"": ""PassEndY"", ""value"": ""73.4""}, {""type"": ""Length"", ""value"": ""15.1""}, {""type"": ""Angle"", ""value"": ""3.64""}]"
2944938149.0,44,16.0,FirstHalf,Lee Gi-Hyuk,447593,1159,a,44.1,73.4,53.9,53.3,Successful,22.3617977810372,-64.00788752060551,Forward,Short,"[{""type"": ""Zone"", ""value"": ""Center""}, {""type"": ""PassEndX"", ""value"": ""53.9""}, {""type"": ""PassEndY"", ""value"": ""53.3""}, {""type"": ""Length"", ""value"": ""17.1""}, {""type"": ""Angle"", ""value"": ""5.36""}]"
2944938151.0,44,17.0,FirstHalf,Hwang In-Beom,371030,1159,a,53.9,53.3,39.9,41.8,Successful,18.117670931993437,-140.5993393365206,Backward,Short,"[{""type"": ""Zone"", ""value"": ""Back""}, {""type"": ""PassEndX"", ""value"": ""39.9""}, {""type"": ""PassEndY"", ""value"": ""41.8""}, {""type"": ""LayOff""}, {""type"": ""Length"", ""value"": ""16.7""}, {""type"": ""Angle"", ""value"": ""3.63""}]"
2944938157.0,44,19.0,FirstHalf,Kim Min-Jae,370912,1159,a,40.0,40.7,45.8,51.9,Successful,12.612692020342044,62.62229722866828,Forward,Short,"[{""type"": ""Zone"", ""value"": ""Back""}, {""type"": ""PassEndX"", ""value"": ""45.8""}, {""type"": ""PassEndY"", ""value"": ""51.9""}, {""type"": ""Length"", ""value"": ""9.8""}, {""type"": ""Angle"", ""value"": ""0.90""}]"
2944938161.0,44,22.0,FirstHalf,Hwang In-Beom,371030,1159,a,47.0,52.8,53.4,83.4,Successful,31.262117650600707,78.18685529986284,Forward,Short,"[{""type"": ""Zone"", ""value"": ""Left""}, {""type"": ""PassEndX"", ""value"": ""53.4""}, {""type"": ""PassEndY"", ""value"": ""83.4""}, {""type"": ""Length"", ""value"": ""21.9""}, {""type"": ""Angle"", ""value"": ""1.26""}]"
2944938211.0,44,44.0,FirstHalf,Lee Gi-Hyuk,447593,1159,a,41.9,68.1,52.1,59.7,Successful,13.21362932732714,-39.472459848343796,Forward,Short,"[{""type"": ""FreekickTaken""}, {""type"": ""Zone"", ""value"": ""Center""}, {""type"": ""PassEndX"", ""value"": ""52.1""}, {""type"": ""PassEndY"", ""value"": ""59.7""}, {""type"": ""Length"", ""value"": ""12.1""}, {""type"": ""Angle"", ""value"": ""5.79""}]"
2944938213.0,44,47.0,FirstHalf,Hwang In-Beom,371030,1159,a,54.1,69.3,63.3,84.8,Successful,18.024705268048073,59.30881885930615,Forward,Short,"[{""type"": ""Zone"", ""value"": ""Left""}, {""type"": ""PassEndX"", ""value"": ""63.3""}, {""type"": ""PassEndY"", ""value"": ""84.8""}, {""type"": ""Length"", ""value"": ""14.3""}, {""type"": ""Angle"", ""value"": ""0.83""}]"
2944938215.0,44,49.0,FirstHalf,Lee Jae-Sung,142959,1159,a,64.2,81.9,56.2,65.9,Successful,17.88854381999832,-116.56505117707799,Backward,Short,"[{""type"": ""Zone"", ""value"": ""Center""}, {""type"": ""PassEndX"", ""value"": ""56.2""}, {""type"": ""PassEndY"", ""value"": ""65.9""}, {""type"": ""Length"", ""value"": ""13.7""}, {""type"": ""Angle"", ""value"": ""4.05""}]"
2944938217.0,44,53.0,FirstHalf,Hwang In-Beom,371030,1159,a,56.4,62.7,63.7,6.7,Successful,56.47379923468935,-82.57296608634347,Forward,Short,"[{""type"": ""Longball""}, {""type"": ""Zone"", ""value"": ""Right""}, {""type"": ""PassEndX"", ""value"": ""63.7""}, {""type"": ""PassEndY"", ""value"": ""6.7""}, {""type"": ""Length"", ""value"": ""38.8""}, {""type"": ""Angle"", ""value"": ""4.91""}]"
2944938219.0,44,55.0,FirstHalf,Lee Han-Beom,531031,1159,a,64.4,7.9,65.9,3.1,Successful,5.028916384272064,-72.64597536373869,Lateral,Short,"[{""type"": ""Zone"", ""value"": ""Right""}, {""type"": ""PassEndX"", ""value"": ""65.9""}, {""type"": ""PassEndY"", ""value"": ""3.1""}, {""type"": ""Length"", ""value"": ""3.6""}, {""type"": ""Angle"", ""value"": ""5.16""}]"
2944938221.0,44,57.0,FirstHalf,Lee Kang-In,367780,1159,a,66.5,3.4,81.9,1.7,Successful,15.493547043850228,-6.299353706130483,Forward,Short,"[{""type"": ""Zone"", ""value"": ""Right""}, {""type"": ""PassEndX"", ""value"": ""81.9""}, {""type"": ""PassEndY"", ""value"": ""1.7""}, {""type"": ""Length"", ""value"": ""16.2""}, {""type"": ""Angle"", ""value"": ""6.21""}]"
2944938225.0,45,0.0,FirstHalf,Lee Han-Beom,531031,1159,a,82.0,1.6,94.9,76.4,Unsuccessful,75.90421595669112,80.21502790665917,Forward,Cross,"[{""type"": ""Longball""}, {""type"": ""Cross""}, {""type"": ""RightFoot""}, {""type"": ""Zone"", ""value"": ""Center""}, {""type"": ""PassEndX"", ""value"": ""94.9""}, {""type"": ""PassEndY"", ""value"": ""76.4""}, {""type"": ""Chipped""}, {""type"": ""Length"", ""value"": ""52.6""}, {""type"": ""Angle"", ""value"": ""1.31""}]"
2944938265.0,45,17.0,FirstHalf,Seol Young-Woo,477549,1159,a,90.5,100.0,98.1,84.6,Successful,17.17323498936645,-63.73336164291692,Forward,ThrowIn,"[{""type"": ""Zone"", ""value"": ""Left""}, {""type"": ""ThrowIn""}, {""type"": ""PassEndX"", ""value"": ""98.1""}, {""type"": ""PassEndY"", ""value"": ""84.6""}, {""type"": ""Length"", ""value"": ""13.7""}, {""type"": ""Angle"", ""value"": ""5.33""}]"
2944938313.0,45,47.0,FirstHalf,Raúl Rangel,527319,972,h,3.0,42.2,68.6,19.4,Unsuccessful,69.44926205511474,-19.165456517190883,Forward,GoalKick,"[{""type"": ""Longball""}, {""type"": ""Zone"", ""value"": ""Right""}, {""type"": ""MissHigh""}, {""type"": ""GoalKick""}, {""type"": ""PassEndX"", ""value"": ""68.6""}, {""type"": ""PassEndY"", ""value"": ""19.4""}, {""type"": ""Length"", ""value"": ""70.6""}, {""type"": ""Angle"", ""value"": ""6.06""}]"
2944938317.0,45,53.0,FirstHalf,Seol Young-Woo,477549,1159,a,29.8,85.2,44.3,93.5,Successful,16.707483353276157,29.787417131379502,Forward,Chipped,"[{""type"": ""Zone"", ""value"": ""Back""}, {""type"": ""PassEndX"", ""value"": ""44.3""}, {""type"": ""PassEndY"", ""value"": ""93.5""}, {""type"": ""Chipped""}, {""type"": ""Length"", ""value"": ""16.2""}, {""type"": ""Angle"", ""value"": ""0.36""}]"
2944938321.0,45,56.0,FirstHalf,Lee Jae-Sung,142959,1159,a,44.3,93.5,62.5,100.0,Unsuccessful,19.32588937151406,19.653824058053306,Forward,Short,"[{""type"": ""HeadPass""}, {""type"": ""Zone"", ""value"": ""Left""}, {""type"": ""PassEndX"", ""value"": ""62.5""}, {""type"": ""PassEndY"", ""value"": ""100.0""}, {""type"": ""Length"", ""value"": ""19.7""}, {""type"": ""Angle"", ""value"": ""0.24""}]"
2944938345.0,46,10.0,FirstHalf,Jorge Sánchez,447643,972,h,44.8,0.0,67.7,11.3,Successful,25.536248745655662,26.264025332981614,Forward,ThrowIn,"[{""type"": ""Longball""}, {""type"": ""Zone"", ""value"": ""Right""}, {""type"": ""ThrowIn""}, {""type"": ""PassEndX"", ""value"": ""67.7""}, {""type"": ""PassEndY"", ""value"": ""11.3""}, {""type"": ""Length"", ""value"": ""25.5""}, {""type"": ""Angle"", ""value"": ""0.34""}]"
2944938347.0,46,13.0,FirstHalf,Raúl Jiménez,108186,972,h,67.7,11.3,65.4,14.1,Unsuccessful,3.623534186398685,129.4006606634794,Lateral,Short,"[{""type"": ""HeadPass""}, {""type"": ""Zone"", ""value"": ""Right""}, {""type"": ""PassEndX"", ""value"": ""65.4""}, {""type"": ""PassEndY"", ""value"": ""14.1""}, {""type"": ""Length"", ""value"": ""3.1""}, {""type"": ""Angle"", ""value"": ""2.47""}]"
2944938351.0,46,16.0,FirstHalf,Paik Seung-Ho,362786,1159,a,41.8,84.8,77.0,62.1,Unsuccessful,41.884722751857865,-32.81741783746614,Forward,Short,"[{""type"": ""Longball""}, {""type"": ""Zone"", ""value"": ""Center""}, {""type"": ""PassEndX"", ""value"": ""77.0""}, {""type"": ""PassEndY"", ""value"": ""62.1""}, {""type"": ""Length"", ""value"": ""40.1""}, {""type"": ""Angle"", ""value"": ""5.89""}]"
2944938353.0,46,25.0,FirstHalf,Johan Vásquez,425115,972,h,19.4,46.8,20.5,28.4,Successful,18.432851108821986,-86.57878072357069,Lateral,Short,"[{""type"": ""Zone"", ""value"": ""Back""}, {""type"": ""PassEndX"", ""value"": ""20.5""}, {""type"": ""PassEndY"", ""value"": ""28.4""}, {""type"": ""Length"", ""value"": ""12.6""}, {""type"": ""Angle"", ""value"": ""4.80""}]"
2944938357.0,46,28.0,FirstHalf,Edson Álvarez,322696,972,h,21.5,29.7,24.7,9.2,Successful,20.74825293850063,-81.12786700708246,Lateral,Short,"[{""type"": ""Zone"", ""value"": ""Back""}, {""type"": ""PassEndX"", ""value"": ""24.7""}, {""type"": ""PassEndY"", ""value"": ""9.2""}, {""type"": ""Length"", ""value"": ""14.3""}, {""type"": ""Angle"", ""value"": ""4.95""}]"
2944938361.0,46,30.0,FirstHalf,Jorge Sánchez,447643,972,h,24.7,9.2,20.7,36.0,Successful,27.096863287103915,98.48894388050472,Lateral,Short,"[{""type"": ""Zone"", ""value"": ""Back""}, {""type"": ""PassEndX"", ""value"": ""20.7""}, {""type"": ""PassEndY"", ""value"": ""36.0""}, {""type"": ""Length"", ""value"": ""18.7""}, {""type"": ""Angle"", ""value"": ""1.80""}]"
2944938363.0,46,32.0,FirstHalf,Edson Álvarez,322696,972,h,20.7,36.0,27.8,36.6,Successful,7.125307010929425,4.830419958289951,Forward,Short,"[{""type"": ""Zone"", ""value"": ""Back""}, {""type"": ""PassEndX"", ""value"": ""27.8""}, {""type"": ""PassEndY"", ""value"": ""36.6""}, {""type"": ""Length"", ""value"": ""7.5""}, {""type"": ""Angle"", ""value"": ""0.05""}]"
2944938365.0,46,33.0,FirstHalf,Luis Romo,447635,972,h,27.8,36.6,21.8,11.0,Successful,26.293725487271676,-103.19061071220685,Backward,Short,"[{""type"": ""Zone"", ""value"": ""Back""}, {""type"": ""PassEndX"", ""value"": ""21.8""}, {""type"": ""PassEndY"", ""value"": ""11.0""}, {""type"": ""LayOff""}, {""type"": ""Length"", ""value"": ""18.5""}, {""type"": ""Angle"", ""value"": ""4.37""}]"
2944938371.0,46,35.0,FirstHalf,Jorge Sánchez,447643,972,h,23.0,7.4,46.4,6.4,Successful,23.42135777447584,-2.4470486423236153,Forward,Short,"[{""type"": ""Zone"", ""value"": ""Back""}, {""type"": ""PassEndX"", ""value"": ""46.4""}, {""type"": ""PassEndY"", ""value"": ""6.4""}, {""type"": ""Length"", ""value"": ""24.6""}, {""type"": ""Angle"", ""value"": ""6.26""}]"
2944938375.0,46,38.0,FirstHalf,Raúl Jiménez,108186,972,h,46.4,6.4,53.6,11.4,Unsuccessful,8.765842800324451,34.77783136636387,Forward,Short,"[{""type"": ""Zone"", ""value"": ""Right""}, {""type"": ""PassEndX"", ""value"": ""53.6""}, {""type"": ""PassEndY"", ""value"": ""11.4""}, {""type"": ""Length"", ""value"": ""8.3""}, {""type"": ""Angle"", ""value"": ""0.42""}]"
2944938387.0,46,40.0,FirstHalf,Seol Young-Woo,477549,1159,a,45.3,86.3,11.4,59.1,Successful,43.463202827219256,-141.25784070019122,Backward,Short,"[{""type"": ""Longball""}, {""type"": ""Zone"", ""value"": ""Back""}, {""type"": ""PassEndX"", ""value"": ""11.4""}, {""type"": ""PassEndY"", ""value"": ""59.1""}, {""type"": ""Length"", ""value"": ""40.1""}, {""type"": ""Angle"", ""value"": ""3.62""}]"
2944938395.0,46,42.0,FirstHalf,Kim Seung-Gyu,71968,1159,a,11.4,59.1,26.4,61.5,Successful,15.190786681406593,9.090276920822317,Forward,Short,"[{""type"": ""Zone"", ""value"": ""Back""}, {""type"": ""PassEndX"", ""value"": ""26.4""}, {""type"": ""PassEndY"", ""value"": ""61.5""}, {""type"": ""Length"", ""value"": ""15.8""}, {""type"": ""Angle"", ""value"": ""0.10""}]"
2944938403.0,46,47.0,FirstHalf,Kim Min-Jae,370912,1159,a,34.1,54.5,37.6,51.6,Successful,4.545327270945403,-39.6441749571448,Lateral,Short,"[{""type"": ""Zone"", ""value"": ""Back""}, {""type"": ""PassEndX"", ""value"": ""37.6""}, {""type"": ""PassEndY"", ""value"": ""51.6""}, {""type"": ""Length"", ""value"": ""4.2""}, {""type"": ""Angle"", ""value"": ""5.79""}]"
2944938409.0,46,51.0,FirstHalf,Lee Kang-In,367780,1159,a,38.8,57.5,33.7,94.7,Successful,37.5479693192588,97.80640082923576,Backward,Short,"[{""type"": ""Zone"", ""value"": ""Back""}, {""type"": ""PassEndX"", ""value"": ""33.7""}, {""type"": ""PassEndY"", ""value"": ""94.7""}, {""type"": ""Length"", ""value"": ""25.9""}, {""type"": ""Angle"", ""value"": ""1.78""}]"
2944938413.0,46,53.0,FirstHalf,Lee Gi-Hyuk,447593,1159,a,34.2,89.3,40.7,95.4,Successful,8.914033879226627,43.18169703554821,Forward,Short,"[{""type"": ""Zone"", ""value"": ""Back""}, {""type"": ""PassEndX"", ""value"": ""40.7""}, {""type"": ""PassEndY"", ""value"": ""95.4""}, {""type"": ""Length"", ""value"": ""8.0""}, {""type"": ""Angle"", ""value"": ""0.55""}]"
2944938419.0,46,55.0,FirstHalf,Seol Young-Woo,477549,1159,a,40.7,95.4,31.0,56.1,Successful,40.47937746556882,-103.86459694873253,Backward,Short,"[{""type"": ""Zone"", ""value"": ""Back""}, {""type"": ""PassEndX"", ""value"": ""31.0""}, {""type"": ""PassEndY"", ""value"": ""56.1""}, {""type"": ""Length"", ""value"": ""28.6""}, {""type"": ""Angle"", ""value"": ""4.35""}]"
2944938431.0,47,14.0,FirstHalf,Lee Gi-Hyuk,447593,1159,a,37.4,66.2,20.1,51.5,Successful,22.70198229230214,-139.6450784258916,Backward,Short,"[{""type"": ""FreekickTaken""}, {""type"": ""Zone"", ""value"": ""Back""}, {""type"": ""PassEndX"", ""value"": ""20.1""}, {""type"": ""PassEndY"", ""value"": ""51.5""}, {""type"": ""Length"", ""value"": ""20.7""}, {""type"": ""Angle"", ""value"": ""3.64""}]"
2944938455.0,47,16.0,FirstHalf,Kim Seung-Gyu,71968,1159,a,20.1,51.5,36.0,28.4,Successful,28.043180989324302,-55.45990909292914,Forward,Short,"[{""type"": ""Zone"", ""value"": ""Back""}, {""type"": ""PassEndX"", ""value"": ""36.0""}, {""type"": ""PassEndY"", ""value"": ""28.4""}, {""type"": ""Length"", ""value"": ""22.9""}, {""type"": ""Angle"", ""value"": ""5.53""}]"
2944938473.0,47,24.0,FirstHalf,Kim Min-Jae,370912,1159,a,39.7,32.8,36.2,74.1,Successful,41.44803976064489,94.84400037508068,Lateral,Short,"[{""type"": ""Zone"", ""value"": ""Back""}, {""type"": ""PassEndX"", ""value"": ""36.2""}, {""type"": ""PassEndY"", ""value"": ""74.1""}, {""type"": ""Length"", ""value"": ""28.3""}, {""type"": ""Angle"", ""value"": ""1.70""}]"
2944938477.0,47,30.0,FirstHalf,Paik Seung-Ho,362786,1159,a,41.4,73.4,38.0,78.9,Successful,6.466065264130883,121.72360295768402,Lateral,Short,"[{""type"": ""Zone"", ""value"": ""Back""}, {""type"": ""PassEndX"", ""value"": ""38.0""}, {""type"": ""PassEndY"", ""value"": ""78.9""}, {""type"": ""Length"", ""value"": ""5.2""}, {""type"": ""Angle"", ""value"": ""2.33""}]"
2944938481.0,47,33.0,FirstHalf,Lee Kang-In,367780,1159,a,38.6,79.7,32.2,44.5,Successful,35.77708763999664,-100.30484646876603,Backward,Short,"[{""type"": ""Zone"", ""value"": ""Back""}, {""type"": ""PassEndX"", ""value"": ""32.2""}, {""type"": ""PassEndY"", ""value"": ""44.5""}, {""type"": ""Length"", ""value"": ""24.9""}, {""type"": ""Angle"", ""value"": ""4.44""}]"
2944938489.0,47,36.0,FirstHalf,Kim Min-Jae,370912,1159,a,32.2,44.5,36.8,48.2,Successful,5.903388857258173,38.811384036758454,Lateral,Short,"[{""type"": ""Zone"", ""value"": ""Back""}, {""type"": ""PassEndX"", ""value"": ""36.8""}, {""type"": ""PassEndY"", ""value"": ""48.2""}, {""type"": ""Length"", ""value"": ""5.4""}, {""type"": ""Angle"", ""value"": ""0.48""}]"
2944938491.0,47,38.0,FirstHalf,Paik Seung-Ho,362786,1159,a,41.2,37.3,51.2,6.7,Successful,32.19254572102057,-71.90274341328656,Forward,Short,"[{""type"": ""Zone"", ""value"": ""Right""}, {""type"": ""PassEndX"", ""value"": ""51.2""}, {""type"": ""PassEndY"", ""value"": ""6.7""}, {""type"": ""Length"", ""value"": ""23.3""}, {""type"": ""Angle"", ""value"": ""5.18""}]"
2944938493.0,47,39.0,FirstHalf,Lee Han-Beom,531031,1159,a,51.2,6.7,43.4,23.5,Unsuccessful,18.52241884851976,114.90476880809521,Backward,Short,"[{""type"": ""Zone"", ""value"": ""Back""}, {""type"": ""PassEndX"", ""value"": ""43.4""}, {""type"": ""PassEndY"", ""value"": ""23.5""}, {""type"": ""Length"", ""value"": ""14.1""}, {""type"": ""Angle"", ""value"": ""2.19""}]"
2944938499.0,47,45.0,FirstHalf,Paik Seung-Ho,362786,1159,a,41.0,31.0,25.9,43.7,Successful,19.730686759461772,139.93416434056005,Backward,Short,"[{""type"": ""Zone"", ""value"": ""Back""}, {""type"": ""PassEndX"", ""value"": ""25.9""}, {""type"": ""PassEndY"", ""value"": ""43.7""}, {""type"": ""Length"", ""value"": ""18.1""}, {""type"": ""Angle"", ""value"": ""2.64""}]"
2944938501.0,47,47.0,FirstHalf,Kim Min-Jae,370912,1159,a,25.9,43.7,25.8,72.3,Successful,28.60017482464049,90.20033407700784,Lateral,Short,"[{""type"": ""Zone"", ""value"": ""Back""}, {""type"": ""PassEndX"", ""value"": ""25.8""}, {""type"": ""PassEndY"", ""value"": ""72.3""}, {""type"": ""Length"", ""value"": ""19.4""}, {""type"": ""Angle"", ""value"": ""1.58""}]"
2944938507.0,47,51.0,FirstHalf,Lee Gi-Hyuk,447593,1159,a,32.3,74.0,34.0,61.4,Successful,12.714165328483032,-82.31601817026603,Lateral,Short,"[{""type"": ""Zone"", ""value"": ""Back""}, {""type"": ""PassEndX"", ""value"": ""34.0""}, {""type"": ""PassEndY"", ""value"": ""61.4""}, {""type"": ""Length"", ""value"": ""8.8""}, {""type"": ""Angle"", ""value"": ""4.92""}]"
2944938509.0,47,54.0,FirstHalf,Lee Kang-In,367780,1159,a,41.3,65.9,71.4,14.6,Successful,59.478567568494796,-59.597948800493015,Forward,Chipped,"[{""type"": ""Longball""}, {""type"": ""Zone"", ""value"": ""Right""}, {""type"": ""PassEndX"", ""value"": ""71.4""}, {""type"": ""PassEndY"", ""value"": ""14.6""}, {""type"": ""Chipped""}, {""type"": ""Length"", ""value"": ""47.1""}, {""type"": ""Angle"", ""value"": ""5.45""}]"
2944938523.0,48,8.0,FirstHalf,Jesús Gallardo,252248,972,h,29.3,100.0,22.1,87.1,Successful,14.773286702694161,-119.1676133795778,Backward,ThrowIn,"[{""type"": ""Zone"", ""value"": ""Back""}, {""type"": ""ThrowIn""}, {""type"": ""PassEndX"", ""value"": ""22.1""}, {""type"": ""PassEndY"", ""value"": ""87.1""}, {""type"": ""Length"", ""value"": ""12.6""}, {""type"": ""Angle"", ""value"": ""4.07""}]"
2944938541.0,48,11.0,FirstHalf,Johan Vásquez,425115,972,h,22.2,82.0,17.7,53.6,Successful,28.754304025658488,-99.00370369348673,Lateral,Short,"[{""type"": ""Zone"", ""value"": ""Back""}, {""type"": ""PassEndX"", ""value"": ""17.7""}, {""type"": ""PassEndY"", ""value"": ""53.6""}, {""type"": ""Length"", ""value"": ""19.9""}, {""type"": ""Angle"", ""value"": ""4.47""}]"
2944938543.0,48,21.0,FirstHalf,Edson Álvarez,322696,972,h,26.7,41.8,31.3,47.5,Successful,7.324616030891998,51.09586154459582,Lateral,Short,"[{""type"": ""Zone"", ""value"": ""Back""}, {""type"": ""PassEndX"", ""value"": ""31.3""}, {""type"": ""PassEndY"", ""value"": ""47.5""}, {""type"": ""Length"", ""value"": ""6.2""}, {""type"": ""Angle"", ""value"": ""0.68""}]"
2944938545.0,48,22.0,FirstHalf,Luis Romo,447635,972,h,31.3,47.5,6.7,46.7,Successful,24.613004692641653,-178.13737905069334,Backward,Short,"[{""type"": ""Zone"", ""value"": ""Back""}, {""type"": ""PassEndX"", ""value"": ""6.7""}, {""type"": ""PassEndY"", ""value"": ""46.7""}, {""type"": ""LayOff""}, {""type"": ""Length"", ""value"": ""25.8""}, {""type"": ""Angle"", ""value"": ""3.16""}]"
2944938555.0,48,27.0,FirstHalf,Raúl Rangel,527319,972,h,8.5,50.6,47.3,83.2,Unsuccessful,50.677411141454336,40.037184906995954,Forward,Chipped,"[{""type"": ""Longball""}, {""type"": ""Zone"", ""value"": ""Back""}, {""type"": ""PassEndX"", ""value"": ""47.3""}, {""type"": ""PassEndY"", ""value"": ""83.2""}, {""type"": ""Chipped""}, {""type"": ""Length"", ""value"": ""46.4""}, {""type"": ""Angle"", ""value"": ""0.50""}]"
2944938575.0,48,33.0,FirstHalf,Kim Min-Jae,370912,1159,a,52.7,16.8,69.1,0.0,Unsuccessful,23.477648945326695,-45.69027719786509,Forward,Short,"[{""type"": ""HeadPass""}, {""type"": ""Zone"", ""value"": ""Right""}, {""type"": ""PassEndX"", ""value"": ""69.1""}, {""type"": ""PassEndY"", ""value"": ""0.0""}, {""type"": ""Length"", ""value"": ""21.2""}, {""type"": ""Angle"", ""value"": ""5.66""}]"
2944938623.0,48,56.0,FirstHalf,Jesús Gallardo,252248,972,h,32.0,100.0,38.7,92.1,Successful,10.358571330062855,-49.69868051729945,Forward,ThrowIn,"[{""type"": ""Zone"", ""value"": ""Back""}, {""type"": ""ThrowIn""}, {""type"": ""PassEndX"", ""value"": ""38.7""}, {""type"": ""PassEndY"", ""value"": ""92.1""}, {""type"": ""Length"", ""value"": ""9.6""}, {""type"": ""Angle"", ""value"": ""5.54""}]"
2944938633.0,48,59.0,FirstHalf,Raúl Jiménez,108186,972,h,35.4,95.4,31.3,95.4,Successful,4.099999999999998,180.0,Lateral,Short,"[{""type"": ""Zone"", ""value"": ""Back""}, {""type"": ""PassEndX"", ""value"": ""31.3""}, {""type"": ""PassEndY"", ""value"": ""95.4""}, {""type"": ""Length"", ""value"": ""4.3""}, {""type"": ""Angle"", ""value"": ""3.14""}]"
2944938639.0,49,1.0,FirstHalf,Jesús Gallardo,252248,972,h,31.6,93.8,34.6,91.2,Unsuccessful,3.9698866482558377,-40.914383220025066,Lateral,Short,"[{""type"": ""Longball""}, {""type"": ""Zone"", ""value"": ""Back""}, {""type"": ""PassEndX"", ""value"": ""34.6""}, {""type"": ""PassEndY"", ""value"": ""91.2""}, {""type"": ""Length"", ""value"": ""3.6""}, {""type"": ""Angle"", ""value"": ""5.77""}, {""type"": ""OppositeRelatedEvent"", ""value"": ""469""}, {""type"": ""Offensive""}]"
2944938653.0,49,4.0,FirstHalf,Lee Kang-In,367780,1159,a,69.8,21.5,66.9,14.0,Successful,8.041144197189848,-111.13982480865761,Lateral,Short,"[{""type"": ""Zone"", ""value"": ""Right""}, {""type"": ""PassEndX"", ""value"": ""66.9""}, {""type"": ""PassEndY"", ""value"": ""14.0""}, {""type"": ""Length"", ""value"": ""5.9""}, {""type"": ""Angle"", ""value"": ""4.17""}]"
2944938661.0,49,7.0,FirstHalf,Lee Han-Beom,531031,1159,a,64.8,10.4,65.8,4.0,Successful,6.47765389628066,-81.11934084947976,Lateral,Short,"[{""type"": ""Zone"", ""value"": ""Right""}, {""type"": ""PassEndX"", ""value"": ""65.8""}, {""type"": ""PassEndY"", ""value"": ""4.0""}, {""type"": ""Length"", ""value"": ""4.5""}, {""type"": ""Angle"", ""value"": ""4.95""}]"
2944939197.0,45,0.0,SecondHalf,Roberto Alvarado,447636,972,h,50.1,50.0,52.6,45.7,Successful,4.973932046178353,-59.82647997035565,Lateral,Short,"[{""type"": ""Zone"", ""value"": ""Center""}, {""type"": ""PassEndX"", ""value"": ""52.6""}, {""type"": ""PassEndY"", ""value"": ""45.7""}, {""type"": ""Length"", ""value"": ""3.9""}, {""type"": ""Angle"", ""value"": ""5.44""}]"
2944939199.0,45,3.0,SecondHalf,Brian Gutiérrez,396565,972,h,52.9,45.5,38.2,53.9,Successful,16.93074127142695,150.25511870305778,Backward,Short,"[{""type"": ""Zone"", ""value"": ""Back""}, {""type"": ""PassEndX"", ""value"": ""38.2""}, {""type"": ""PassEndY"", ""value"": ""53.9""}, {""type"": ""Length"", ""value"": ""16.5""}, {""type"": ""Angle"", ""value"": ""2.79""}]"
2944939201.0,45,4.0,SecondHalf,Érik Lira,447638,972,h,38.2,53.9,35.7,64.6,Successful,10.988175462741752,103.15094868094471,Lateral,Short,"[{""type"": ""Zone"", ""value"": ""Back""}, {""type"": ""PassEndX"", ""value"": ""35.7""}, {""type"": ""PassEndY"", ""value"": ""64.6""}, {""type"": ""Length"", ""value"": ""7.7""}, {""type"": ""Angle"", ""value"": ""1.92""}]"
2944939203.0,45,6.0,SecondHalf,Edson Álvarez,322696,972,h,36.5,64.9,69.7,77.9,Unsuccessful,35.65445273735106,21.383635164761746,Forward,Short,"[{""type"": ""Longball""}, {""type"": ""Zone"", ""value"": ""Center""}, {""type"": ""PassEndX"", ""value"": ""69.7""}, {""type"": ""PassEndY"", ""value"": ""77.9""}, {""type"": ""Length"", ""value"": ""36.0""}, {""type"": ""Angle"", ""value"": ""0.25""}]"
2944939205.0,45,9.0,SecondHalf,Lee Han-Beom,531031,1159,a,26.0,28.0,52.4,23.9,Unsuccessful,26.716474318292825,-8.827687221073086,Forward,Short,"[{""type"": ""HeadPass""}, {""type"": ""Zone"", ""value"": ""Center""}, {""type"": ""PassEndX"", ""value"": ""52.4""}, {""type"": ""PassEndY"", ""value"": ""23.9""}, {""type"": ""Length"", ""value"": ""27.9""}, {""type"": ""Angle"", ""value"": ""6.18""}]"
2944939209.0,45,11.0,SecondHalf,Érik Lira,447638,972,h,43.5,72.3,56.0,64.5,Successful,14.733974345029923,-31.964163229933703,Forward,Short,"[{""type"": ""HeadPass""}, {""type"": ""Zone"", ""value"": ""Center""}, {""type"": ""PassEndX"", ""value"": ""56.0""}, {""type"": ""PassEndY"", ""value"": ""64.5""}, {""type"": ""Length"", ""value"": ""14.2""}, {""type"": ""Angle"", ""value"": ""5.90""}]"
2944939213.0,45,14.0,SecondHalf,Brian Gutiérrez,396565,972,h,56.0,64.5,65.2,85.1,Successful,22.561028345356952,65.93436841944272,Forward,Short,"[{""type"": ""HeadPass""}, {""type"": ""Zone"", ""value"": ""Left""}, {""type"": ""PassEndX"", ""value"": ""65.2""}, {""type"": ""PassEndY"", ""value"": ""85.1""}, {""type"": ""Length"", ""value"": ""17.0""}, {""type"": ""Angle"", ""value"": ""0.97""}]"
2944939215.0,45,19.0,SecondHalf,Roberto Alvarado,447636,972,h,68.3,85.7,75.6,95.4,Successful,12.140016474453402,53.035710710534815,Forward,Short,"[{""type"": ""Zone"", ""value"": ""Left""}, {""type"": ""PassEndX"", ""value"": ""75.6""}, {""type"": ""PassEndY"", ""value"": ""95.4""}, {""type"": ""Length"", ""value"": ""10.1""}, {""type"": ""Angle"", ""value"": ""0.71""}]"
2944939217.0,45,22.0,SecondHalf,Julián Quiñones,509557,972,h,74.1,94.4,75.4,89.6,Successful,4.972926703662556,-74.84593194968731,Lateral,Short,"[{""type"": ""Zone"", ""value"": ""Left""}, {""type"": ""PassEndX"", ""value"": ""75.4""}, {""type"": ""PassEndY"", ""value"": ""89.6""}, {""type"": ""Length"", ""value"": ""3.5""}, {""type"": ""Angle"", ""value"": ""5.11""}]"
2944939219.0,45,24.0,SecondHalf,Roberto Alvarado,447636,972,h,75.4,89.6,71.9,94.4,Successful,5.940538696111667,126.09828396710795,Lateral,Short,"[{""type"": ""Zone"", ""value"": ""Left""}, {""type"": ""PassEndX"", ""value"": ""71.9""}, {""type"": ""PassEndY"", ""value"": ""94.4""}, {""type"": ""LayOff""}, {""type"": ""Length"", ""value"": ""4.9""}, {""type"": ""Angle"", ""value"": ""2.42""}]"
2944939223.0,45,26.0,SecondHalf,Julián Quiñones,509557,972,h,69.9,93.2,64.4,85.1,Successful,9.790812019439457,-124.17698877379289,Backward,Short,"[{""type"": ""Zone"", ""value"": ""Left""}, {""type"": ""PassEndX"", ""value"": ""64.4""}, {""type"": ""PassEndY"", ""value"": ""85.1""}, {""type"": ""Length"", ""value"": ""8.0""}, {""type"": ""Angle"", ""value"": ""3.90""}]"
2944939225.0,45,30.0,SecondHalf,Brian Gutiérrez,396565,972,h,71.5,71.2,74.7,47.5,Successful,23.915058017909974,-82.31036509725473,Lateral,Short,"[{""type"": ""Zone"", ""value"": ""Center""}, {""type"": ""PassEndX"", ""value"": ""74.7""}, {""type"": ""PassEndY"", ""value"": ""47.5""}, {""type"": ""Length"", ""value"": ""16.5""}, {""type"": ""Angle"", ""value"": ""4.92""}]"
2944939235.0,45,39.0,SecondHalf,Kim Min-Jae,370912,1159,a,59.3,89.9,51.4,97.7,Successful,11.101801655587256,135.36493633573065,Backward,Short,"[{""type"": ""Zone"", ""value"": ""Left""}, {""type"": ""PassEndX"", ""value"": ""51.4""}, {""type"": ""PassEndY"", ""value"": ""97.7""}, {""type"": ""Length"", ""value"": ""9.8""}, {""type"": ""Angle"", ""value"": ""2.57""}]"
2944939237.0,45,44.0,SecondHalf,Seol Young-Woo,477549,1159,a,47.4,90.2,33.1,87.3,Successful,14.591093173576816,-168.53604698430743,Backward,Short,"[{""type"": ""Zone"", ""value"": ""Back""}, {""type"": ""PassEndX"", ""value"": ""33.1""}, {""type"": ""PassEndY"", ""value"": ""87.3""}, {""type"": ""Length"", ""value"": ""15.1""}, {""type"": ""Angle"", ""value"": ""3.27""}]"
2944939239.0,45,47.0,SecondHalf,Lee Gi-Hyuk,447593,1159,a,29.1,80.4,31.2,72.2,Successful,8.464632301523796,-75.63541755030282,Lateral,Short,"[{""type"": ""Zone"", ""value"": ""Back""}, {""type"": ""PassEndX"", ""value"": ""31.2""}, {""type"": ""PassEndY"", ""value"": ""72.2""}, {""type"": ""Length"", ""value"": ""6.0""}, {""type"": ""Angle"", ""value"": ""5.09""}]"
2944939243.0,45,49.0,SecondHalf,Hwang In-Beom,371030,1159,a,26.5,64.2,33.0,34.4,Successful,30.500655730656025,-77.69532115283697,Forward,Short,"[{""type"": ""Zone"", ""value"": ""Back""}, {""type"": ""PassEndX"", ""value"": ""33.0""}, {""type"": ""PassEndY"", ""value"": ""34.4""}, {""type"": ""Length"", ""value"": ""21.4""}, {""type"": ""Angle"", ""value"": ""5.04""}]"
2944939245.0,45,53.0,SecondHalf,Lee Han-Beom,531031,1159,a,31.4,34.9,11.2,58.1,Successful,30.761664454317163,131.0457522844789,Backward,Short,"[{""type"": ""Zone"", ""value"": ""Back""}, {""type"": ""PassEndX"", ""value"": ""11.2""}, {""type"": ""PassEndY"", ""value"": ""58.1""}, {""type"": ""Length"", ""value"": ""26.4""}, {""type"": ""Angle"", ""value"": ""2.50""}]"
2944939247.0,45,56.0,SecondHalf,Kim Seung-Gyu,71968,1159,a,11.2,58.1,19.7,73.8,Successful,17.853291013143764,61.56882917959906,Forward,Short,"[{""type"": ""Zone"", ""value"": ""Back""}, {""type"": ""PassEndX"", ""value"": ""19.7""}, {""type"": ""PassEndY"", ""value"": ""73.8""}, {""type"": ""Length"", ""value"": ""13.9""}, {""type"": ""Angle"", ""value"": ""0.87""}]"
2944939249.0,45,59.0,SecondHalf,Lee Gi-Hyuk,447593,1159,a,25.0,76.8,41.4,97.5,Successful,26.409278672466616,51.611251956720785,Forward,Short,"[{""type"": ""Zone"", ""value"": ""Back""}, {""type"": ""PassEndX"", ""value"": ""41.4""}, {""type"": ""PassEndY"", ""value"": ""97.5""}, {""type"": ""Length"", ""value"": ""22.2""}, {""type"": ""Angle"", ""value"": ""0.69""}]"
2944939251.0,46,7.0,SecondHalf,Kim Min-Jae,370912,1159,a,41.9,97.7,37.3,87.3,Successful,11.371895180663605,-113.86017519134235,Lateral,Short,"[{""type"": ""Zone"", ""value"": ""Back""}, {""type"": ""PassEndX"", ""value"": ""37.3""}, {""type"": ""PassEndY"", ""value"": ""87.3""}, {""type"": ""Length"", ""value"": ""8.6""}, {""type"": ""Angle"", ""value"": ""4.11""}]"
2944939253.0,46,9.0,SecondHalf,Lee Gi-Hyuk,447593,1159,a,32.6,73.2,30.8,26.6,Successful,46.6347509910796,-92.21204200204835,Lateral,Short,"[{""type"": ""Zone"", ""value"": ""Back""}, {""type"": ""PassEndX"", ""value"": ""30.8""}, {""type"": ""PassEndY"", ""value"": ""26.6""}, {""type"": ""Length"", ""value"": ""31.7""}, {""type"": ""Angle"", ""value"": ""4.65""}]"
2944939257.0,46,12.0,SecondHalf,Lee Han-Beom,531031,1159,a,30.8,26.6,37.8,20.9,Successful,9.027181176868003,-39.155434122613165,Forward,Short,"[{""type"": ""Zone"", ""value"": ""Back""}, {""type"": ""PassEndX"", ""value"": ""37.8""}, {""type"": ""PassEndY"", ""value"": ""20.9""}, {""type"": ""Length"", ""value"": ""8.3""}, {""type"": ""Angle"", ""value"": ""5.80""}]"
2944939259.0,46,13.0,SecondHalf,Lee Kang-In,367780,1159,a,35.1,31.1,35.6,36.2,Successful,5.124451190127584,84.40066066347944,Lateral,Short,"[{""type"": ""Zone"", ""value"": ""Back""}, {""type"": ""PassEndX"", ""value"": ""35.6""}, {""type"": ""PassEndY"", ""value"": ""36.2""}, {""type"": ""Length"", ""value"": ""3.5""}, {""type"": ""Angle"", ""value"": ""1.42""}]"
2944939261.0,46,14.0,SecondHalf,Hwang In-Beom,371030,1159,a,35.6,36.2,49.3,0.0,Unsuccessful,38.7056843370583,-69.27069924706802,Forward,Short,"[{""type"": ""Zone"", ""value"": ""Back""}, {""type"": ""PassEndX"", ""value"": ""49.3""}, {""type"": ""PassEndY"", ""value"": ""0.0""}, {""type"": ""Length"", ""value"": ""29.3""}, {""type"": ""Angle"", ""value"": ""5.23""}]"
2944939267.0,46,21.0,SecondHalf,Johan Vásquez,425115,972,h,48.4,100.0,38.4,84.1,Successful,18.78323720768069,-122.16705258577583,Backward,ThrowIn,"[{""type"": ""Zone"", ""value"": ""Back""}, {""type"": ""ThrowIn""}, {""type"": ""PassEndX"", ""value"": ""38.4""}, {""type"": ""PassEndY"", ""value"": ""84.1""}, {""type"": ""Length"", ""value"": ""15.6""}, {""type"": ""Angle"", ""value"": ""3.97""}]"
2944939269.0,46,24.0,SecondHalf,Edson Álvarez,322696,972,h,38.4,84.1,42.8,75.9,Successful,9.305912099305463,-61.78264414527069,Lateral,Short,"[{""type"": ""Zone"", ""value"": ""Back""}, {""type"": ""PassEndX"", ""value"": ""42.8""}, {""type"": ""PassEndY"", ""value"": ""75.9""}, {""type"": ""Length"", ""value"": ""7.2""}, {""type"": ""Angle"", ""value"": ""5.40""}]"
2944939273.0,46,27.0,SecondHalf,Érik Lira,447638,972,h,43.7,73.4,45.7,90.4,Successful,17.11724276862369,83.29016319224307,Lateral,Short,"[{""type"": ""Zone"", ""value"": ""Back""}, {""type"": ""PassEndX"", ""value"": ""45.7""}, {""type"": ""PassEndY"", ""value"": ""90.4""}, {""type"": ""Length"", ""value"": ""11.7""}, {""type"": ""Angle"", ""value"": ""1.39""}]"
2944939275.0,46,31.0,SecondHalf,Johan Vásquez,425115,972,h,47.5,93.5,42.4,75.3,Successful,18.901058171435803,-105.6539227927946,Backward,Short,"[{""type"": ""Zone"", ""value"": ""Back""}, {""type"": ""PassEndX"", ""value"": ""42.4""}, {""type"": ""PassEndY"", ""value"": ""75.3""}, {""type"": ""Length"", ""value"": ""13.5""}, {""type"": ""Angle"", ""value"": ""4.30""}]"
2944939277.0,46,35.0,SecondHalf,Érik Lira,447638,972,h,41.9,69.9,35.4,53.1,Successful,18.01360596882257,-111.15169138346481,Backward,Short,"[{""type"": ""Zone"", ""value"": ""Back""}, {""type"": ""PassEndX"", ""value"": ""35.4""}, {""type"": ""PassEndY"", ""value"": ""53.1""}, {""type"": ""Length"", ""value"": ""13.3""}, {""type"": ""Angle"", ""value"": ""4.17""}]"
2944939279.0,46,38.0,SecondHalf,Edson Álvarez,322696,972,h,36.5,44.2,46.9,42.7,Successful,10.50761628534274,-8.207216411918147,Forward,Short,"[{""type"": ""Zone"", ""value"": ""Back""}, {""type"": ""PassEndX"", ""value"": ""46.9""}, {""type"": ""PassEndY"", ""value"": ""42.7""}, {""type"": ""Length"", ""value"": ""11.0""}, {""type"": ""Angle"", ""value"": ""6.19""}]"
2944939291.0,46,46.0,SecondHalf,Son Heung-Min,91909,1159,a,57.3,60.9,57.3,61.4,Unsuccessful,0.5,90.0,Lateral,Short,"[{""type"": ""Zone"", ""value"": ""Center""}, {""type"": ""PassEndX"", ""value"": ""57.3""}, {""type"": ""PassEndY"", ""value"": ""61.4""}, {""type"": ""Length"", ""value"": ""0.3""}, {""type"": ""Angle"", ""value"": ""1.57""}, {""type"": ""OppositeRelatedEvent"", ""value"": ""442""}, {""type"": ""Offensive""}]"
2944939295.0,46,48.0,SecondHalf,Luis Romo,447635,972,h,45.0,49.7,36.8,53.8,Successful,9.167878707749137,153.43494882292205,Backward,Short,"[{""type"": ""Zone"", ""value"": ""Back""}, {""type"": ""PassEndX"", ""value"": ""36.8""}, {""type"": ""PassEndY"", ""value"": ""53.8""}, {""type"": ""Length"", ""value"": ""9.1""}, {""type"": ""Angle"", ""value"": ""2.83""}]"
2944939299.0,46,52.0,SecondHalf,Érik Lira,447638,972,h,47.4,50.6,39.1,30.1,Successful,22.116509670379727,-112.04194451117856,Backward,Short,"[{""type"": ""Zone"", ""value"": ""Back""}, {""type"": ""PassEndX"", ""value"": ""39.1""}, {""type"": ""PassEndY"", ""value"": ""30.1""}, {""type"": ""Length"", ""value"": ""16.4""}, {""type"": ""Angle"", ""value"": ""4.15""}]"
2944939301.0,46,55.0,SecondHalf,Edson Álvarez,322696,972,h,39.1,30.1,52.5,11.3,Successful,23.08679276123039,-54.520021865774154,Forward,Short,"[{""type"": ""Zone"", ""value"": ""Right""}, {""type"": ""PassEndX"", ""value"": ""52.5""}, {""type"": ""PassEndY"", ""value"": ""11.3""}, {""type"": ""Length"", ""value"": ""19.0""}, {""type"": ""Angle"", ""value"": ""5.55""}]"
2944939303.0,46,57.0,SecondHalf,Jorge Sánchez,447643,972,h,52.5,11.3,38.7,21.0,Successful,16.868017073740468,144.89667196766908,Backward,Short,"[{""type"": ""Zone"", ""value"": ""Back""}, {""type"": ""PassEndX"", ""value"": ""38.7""}, {""type"": ""PassEndY"", ""value"": ""21.0""}, {""type"": ""Length"", ""value"": ""15.9""}, {""type"": ""Angle"", ""value"": ""2.71""}]"
2944939305.0,46,59.0,SecondHalf,Edson Álvarez,322696,972,h,38.7,21.0,47.7,23.1,Successful,9.241753080449618,13.134022306396332,Forward,Short,"[{""type"": ""Zone"", ""value"": ""Back""}, {""type"": ""PassEndX"", ""value"": ""47.7""}, {""type"": ""PassEndY"", ""value"": ""23.1""}, {""type"": ""Length"", ""value"": ""9.6""}, {""type"": ""Angle"", ""value"": ""0.15""}]"
2944939307.0,47,1.0,SecondHalf,Luis Romo,447635,972,h,47.7,23.1,37.5,20.1,Successful,10.632027088001614,-163.61045966596524,Backward,Short,"[{""type"": ""Zone"", ""value"": ""Back""}, {""type"": ""PassEndX"", ""value"": ""37.5""}, {""type"": ""PassEndY"", ""value"": ""20.1""}, {""type"": ""Length"", ""value"": ""10.9""}, {""type"": ""Angle"", ""value"": ""3.33""}]"
2944939309.0,47,3.0,SecondHalf,Edson Álvarez,322696,972,h,37.5,20.1,56.4,34.3,Successful,23.640008460235368,36.918371221007426,Forward,Short,"[{""type"": ""Zone"", ""value"": ""Center""}, {""type"": ""PassEndX"", ""value"": ""56.4""}, {""type"": ""PassEndY"", ""value"": ""34.3""}, {""type"": ""Length"", ""value"": ""22.1""}, {""type"": ""Angle"", ""value"": ""0.45""}]"
2944939311.0,47,8.0,SecondHalf,Brian Gutiérrez,396565,972,h,59.4,27.6,72.9,32.2,Unsuccessful,14.262187770464958,18.816068120943143,Forward,Short,"[{""type"": ""Zone"", ""value"": ""Center""}, {""type"": ""PassEndX"", ""value"": ""72.9""}, {""type"": ""PassEndY"", ""value"": ""32.2""}, {""type"": ""Length"", ""value"": ""14.5""}, {""type"": ""Angle"", ""value"": ""0.22""}]"
2944939315.0,47,10.0,SecondHalf,Lee Gi-Hyuk,447593,1159,a,27.1,67.9,43.0,59.9,Successful,17.799157283422158,-26.709010119150015,Forward,Chipped,"[{""type"": ""Zone"", ""value"": ""Back""}, {""type"": ""PassEndX"", ""value"": ""43.0""}, {""type"": ""PassEndY"", ""value"": ""59.9""}, {""type"": ""Chipped""}, {""type"": ""Length"", ""value"": ""17.6""}, {""type"": ""Angle"", ""value"": ""5.97""}]"
2944939325.0,47,13.0,SecondHalf,Son Heung-Min,91909,1159,a,52.8,54.6,59.7,40.3,Successful,15.877657257920648,-64.24187827802437,Forward,Short,"[{""type"": ""Zone"", ""value"": ""Center""}, {""type"": ""PassEndX"", ""value"": ""59.7""}, {""type"": ""PassEndY"", ""value"": ""40.3""}, {""type"": ""Length"", ""value"": ""12.1""}, {""type"": ""Angle"", ""value"": ""5.35""}]"
2944939327.0,47,17.0,SecondHalf,Lee Kang-In,367780,1159,a,58.1,43.1,53.4,35.9,Successful,8.598255637046393,-123.13560954871888,Lateral,Short,"[{""type"": ""Zone"", ""value"": ""Center""}, {""type"": ""PassEndX"", ""value"": ""53.4""}, {""type"": ""PassEndY"", ""value"": ""35.9""}, {""type"": ""Length"", ""value"": ""7.0""}, {""type"": ""Angle"", ""value"": ""3.92""}]"
2944939329.0,47,18.0,SecondHalf,Hwang In-Beom,371030,1159,a,55.9,35.6,66.6,3.7,Successful,33.64669374544845,-71.45735247024952,Forward,Short,"[{""type"": ""Zone"", ""value"": ""Right""}, {""type"": ""PassEndX"", ""value"": ""66.6""}, {""type"": ""PassEndY"", ""value"": ""3.7""}, {""type"": ""Length"", ""value"": ""24.4""}, {""type"": ""Angle"", ""value"": ""5.19""}]"
2944939331.0,47,23.0,SecondHalf,Kim Moon-Hwan,414214,1159,a,61.0,10.1,56.7,16.1,Successful,7.38173421358423,125.62790729142088,Lateral,Short,"[{""type"": ""Zone"", ""value"": ""Right""}, {""type"": ""PassEndX"", ""value"": ""56.7""}, {""type"": ""PassEndY"", ""value"": ""16.1""}, {""type"": ""Length"", ""value"": ""6.1""}, {""type"": ""Angle"", ""value"": ""2.41""}]"
2944939333.0,47,24.0,SecondHalf,Hwang In-Beom,371030,1159,a,56.7,16.1,57.7,28.0,Successful,11.941942890501526,85.19651424093092,Lateral,Short,"[{""type"": ""Zone"", ""value"": ""Center""}, {""type"": ""PassEndX"", ""value"": ""57.7""}, {""type"": ""PassEndY"", ""value"": ""28.0""}, {""type"": ""Length"", ""value"": ""8.2""}, {""type"": ""Angle"", ""value"": ""1.44""}]"
2944939335.0,47,27.0,SecondHalf,Lee Kang-In,367780,1159,a,58.0,28.1,95.5,51.9,Unsuccessful,44.41497495214874,32.40193477724928,Forward,Chipped,"[{""type"": ""Longball""}, {""type"": ""Throughball""}, {""type"": ""Zone"", ""value"": ""Center""}, {""type"": ""PassEndX"", ""value"": ""95.5""}, {""type"": ""PassEndY"", ""value"": ""51.9""}, {""type"": ""Chipped""}, {""type"": ""Length"", ""value"": ""42.6""}, {""type"": ""Angle"", ""value"": ""0.39""}]"
2944939347.0,47,49.0,SecondHalf,Raúl Rangel,527319,972,h,6.6,51.0,14.3,61.5,Successful,13.020752666416794,53.74616226255521,Forward,Short,"[{""type"": ""Zone"", ""value"": ""Back""}, {""type"": ""PassEndX"", ""value"": ""14.3""}, {""type"": ""PassEndY"", ""value"": ""61.5""}, {""type"": ""Length"", ""value"": ""10.8""}, {""type"": ""Angle"", ""value"": ""0.72""}]"
2944939349.0,47,52.0,SecondHalf,Luis Romo,447635,972,h,14.3,61.5,9.4,75.0,Successful,14.36175476743702,109.94902218355713,Lateral,Short,"[{""type"": ""Zone"", ""value"": ""Back""}, {""type"": ""PassEndX"", ""value"": ""9.4""}, {""type"": ""PassEndY"", ""value"": ""75.0""}, {""type"": ""LayOff""}, {""type"": ""Length"", ""value"": ""10.5""}, {""type"": ""Angle"", ""value"": ""2.08""}]"
2944939351.0,47,54.0,SecondHalf,Johan Vásquez,425115,972,h,11.9,81.2,25.7,82.7,Successful,13.88128236151113,6.2034479016918365,Forward,Short,"[{""type"": ""Zone"", ""value"": ""Back""}, {""type"": ""PassEndX"", ""value"": ""25.7""}, {""type"": ""PassEndY"", ""value"": ""82.7""}, {""type"": ""Length"", ""value"": ""14.5""}, {""type"": ""Angle"", ""value"": ""0.07""}]"
2944939357.0,47,56.0,SecondHalf,Julián Quiñones,509557,972,h,24.7,83.6,13.0,93.2,Successful,15.134397906755332,140.63068275763524,Backward,Short,"[{""type"": ""Zone"", ""value"": ""Back""}, {""type"": ""PassEndX"", ""value"": ""13.0""}, {""type"": ""PassEndY"", ""value"": ""93.2""}, {""type"": ""Length"", ""value"": ""13.9""}, {""type"": ""Angle"", ""value"": ""2.65""}]"
2944939363.0,48,2.0,SecondHalf,Jesús Gallardo,252248,972,h,29.4,90.3,53.7,74.5,Unsuccessful,28.98499611868182,-33.03215447785529,Forward,Short,"[{""type"": ""Zone"", ""value"": ""Center""}, {""type"": ""PassEndX"", ""value"": ""53.7""}, {""type"": ""PassEndY"", ""value"": ""74.5""}, {""type"": ""Length"", ""value"": ""27.7""}, {""type"": ""Angle"", ""value"": ""5.88""}]"
2944939369.0,48,6.0,SecondHalf,Brian Gutiérrez,396565,972,h,59.4,62.6,85.9,71.8,Successful,28.051559671433605,19.145457580508747,Forward,Short,"[{""type"": ""Zone"", ""value"": ""Center""}, {""type"": ""PassEndX"", ""value"": ""85.9""}, {""type"": ""PassEndY"", ""value"": ""71.8""}, {""type"": ""IntentionalAssist""}, {""type"": ""ShotAssist"", ""value"": ""13""}, {""type"": ""Length"", ""value"": ""28.5""}, {""type"": ""Angle"", ""value"": ""0.22""}, {""type"": ""KeyPass""}]"
2944939379.0,48,38.0,SecondHalf,Kim Seung-Gyu,71968,1159,a,5.2,39.7,71.0,31.4,Unsuccessful,66.32141433956305,-7.189309323053493,Forward,GoalKick,"[{""type"": ""Longball""}, {""type"": ""Zone"", ""value"": ""Center""}, {""type"": ""MissHigh""}, {""type"": ""GoalKick""}, {""type"": ""PassEndX"", ""value"": ""71.0""}, {""type"": ""PassEndY"", ""value"": ""31.4""}, {""type"": ""Length"", ""value"": ""69.3""}, {""type"": ""Angle"", ""value"": ""6.20""}]"
2944939381.0,48,42.0,SecondHalf,Johan Vásquez,425115,972,h,34.4,71.7,52.6,61.7,Unsuccessful,20.766318884193225,-28.786618310014035,Forward,Short,"[{""type"": ""HeadPass""}, {""type"": ""Zone"", ""value"": ""Center""}, {""type"": ""PassEndX"", ""value"": ""52.6""}, {""type"": ""PassEndY"", ""value"": ""61.7""}, {""type"": ""Length"", ""value"": ""20.3""}, {""type"": ""Angle"", ""value"": ""5.94""}]"
2944939391.0,48,44.0,SecondHalf,Paik Seung-Ho,362786,1159,a,47.4,38.3,58.8,21.7,Unsuccessful,20.137527157027,-55.520784313874366,Forward,Short,"[{""type"": ""HeadPass""}, {""type"": ""Zone"", ""value"": ""Center""}, {""type"": ""PassEndX"", ""value"": ""58.8""}, {""type"": ""PassEndY"", ""value"": ""21.7""}, {""type"": ""Length"", ""value"": ""16.5""}, {""type"": ""Angle"", ""value"": ""5.53""}]"
2944939389.0,48,45.0,SecondHalf,Jesús Gallardo,252248,972,h,43.9,83.5,41.8,71.2,Successful,12.47798060585125,-99.68878656036682,Lateral,Short,"[{""type"": ""Zone"", ""value"": ""Back""}, {""type"": ""PassEndX"", ""value"": ""41.8""}, {""type"": ""PassEndY"", ""value"": ""71.2""}, {""type"": ""Length"", ""value"": ""8.6""}, {""type"": ""Angle"", ""value"": ""4.45""}]"
2944939393.0,48,46.0,SecondHalf,Érik Lira,447638,972,h,42.2,70.3,56.1,47.3,Successful,26.87396509635301,-58.853424115449435,Forward,Short,"[{""type"": ""Zone"", ""value"": ""Center""}, {""type"": ""PassEndX"", ""value"": ""56.1""}, {""type"": ""PassEndY"", ""value"": ""47.3""}, {""type"": ""Length"", ""value"": ""21.4""}, {""type"": ""Angle"", ""value"": ""5.46""}]"
2944939395.0,48,51.0,SecondHalf,Brian Gutiérrez,396565,972,h,63.7,42.2,76.7,79.1,Successful,39.12301113155785,70.59245958462414,Forward,Short,"[{""type"": ""Zone"", ""value"": ""Left""}, {""type"": ""PassEndX"", ""value"": ""76.7""}, {""type"": ""PassEndY"", ""value"": ""79.1""}, {""type"": ""Length"", ""value"": ""28.6""}, {""type"": ""Angle"", ""value"": ""1.07""}]"
2944939403.0,49,23.0,SecondHalf,Kim Moon-Hwan,414214,1159,a,24.2,0.0,35.9,17.5,Successful,21.050890717496966,56.234444007142095,Forward,ThrowIn,"[{""type"": ""Zone"", ""value"": ""Back""}, {""type"": ""ThrowIn""}, {""type"": ""PassEndX"", ""value"": ""35.9""}, {""type"": ""PassEndY"", ""value"": ""17.5""}, {""type"": ""Length"", ""value"": ""17.6""}, {""type"": ""Angle"", ""value"": ""0.80""}]"
2944939405.0,49,24.0,SecondHalf,Lee Jae-Sung,142959,1159,a,35.9,17.5,41.2,1.9,Unsuccessful,16.47573974060042,-71.2351367071037,Forward,Short,"[{""type"": ""HeadPass""}, {""type"": ""Zone"", ""value"": ""Back""}, {""type"": ""PassEndX"", ""value"": ""41.2""}, {""type"": ""PassEndY"", ""value"": ""1.9""}, {""type"": ""Length"", ""value"": ""12.0""}, {""type"": ""Angle"", ""value"": ""5.20""}]"
2944939407.0,49,25.0,SecondHalf,Jesús Gallardo,252248,972,h,62.1,88.9,70.8,81.6,Unsuccessful,11.356936206565575,-39.99935540244163,Forward,Short,"[{""type"": ""HeadPass""}, {""type"": ""Zone"", ""value"": ""Left""}, {""type"": ""PassEndX"", ""value"": ""70.8""}, {""type"": ""PassEndY"", ""value"": ""81.6""}, {""type"": ""Length"", ""value"": ""10.4""}, {""type"": ""Angle"", ""value"": ""5.79""}]"
2944939415.0,49,29.0,SecondHalf,Paik Seung-Ho,362786,1159,a,29.2,18.4,35.5,16.2,Unsuccessful,6.673080248281149,-19.249525872681723,Forward,Short,"[{""type"": ""HeadPass""}, {""type"": ""Zone"", ""value"": ""Back""}, {""type"": ""PassEndX"", ""value"": ""35.5""}, {""type"": ""PassEndY"", ""value"": ""16.2""}, {""type"": ""Length"", ""value"": ""6.8""}, {""type"": ""Angle"", ""value"": ""6.06""}]"
2944939417.0,49,32.0,SecondHalf,Érik Lira,447638,972,h,73.0,88.7,81.5,96.9,Successful,11.810588469674153,43.97084519569403,Forward,Chipped,"[{""type"": ""Zone"", ""value"": ""Left""}, {""type"": ""PassEndX"", ""value"": ""81.5""}, {""type"": ""PassEndY"", ""value"": ""96.9""}, {""type"": ""Chipped""}, {""type"": ""Length"", ""value"": ""10.5""}, {""type"": ""Angle"", ""value"": ""0.56""}]"
2944939419.0,49,36.0,SecondHalf,Julián Quiñones,509557,972,h,82.6,93.3,90.5,53.0,Successful,41.06701839676214,-78.90896151168026,Forward,Cross,"[{""type"": ""Cross""}, {""type"": ""RightFoot""}, {""type"": ""Zone"", ""value"": ""Center""}, {""type"": ""PassEndX"", ""value"": ""90.5""}, {""type"": ""PassEndY"", ""value"": ""53.0""}, {""type"": ""IntentionalAssist""}, {""type"": ""Chipped""}, {""type"": ""ShotAssist"", ""value"": ""15""}, {""type"": ""Length"", ""value"": ""28.6""}, {""type"": ""Angle"", ""value"": ""5.01""}, {""type"": ""KeyPass""}]"
2944939435.0,51,15.0,SecondHalf,Lee Kang-In,367780,1159,a,49.6,49.9,85.9,0.0,Unsuccessful,61.70656367032603,-53.96579999995037,Forward,Short,"[{""type"": ""Longball""}, {""type"": ""Zone"", ""value"": ""Right""}, {""type"": ""PassEndX"", ""value"": ""85.9""}, {""type"": ""PassEndY"", ""value"": ""0.0""}, {""type"": ""Length"", ""value"": ""51.6""}, {""type"": ""Angle"", ""value"": ""5.54""}]"
2944939443.0,51,35.0,SecondHalf,Jesús Gallardo,252248,972,h,14.2,100.0,9.9,92.4,Successful,8.732124598286484,-119.50072462349918,Lateral,ThrowIn,"[{""type"": ""Zone"", ""value"": ""Back""}, {""type"": ""ThrowIn""}, {""type"": ""PassEndX"", ""value"": ""9.9""}, {""type"": ""PassEndY"", ""value"": ""92.4""}, {""type"": ""Length"", ""value"": ""7.6""}, {""type"": ""Angle"", ""value"": ""4.07""}]"
2944939445.0,51,36.0,SecondHalf,Johan Vásquez,425115,972,h,9.9,92.4,24.5,91.4,Unsuccessful,14.634206503941373,-3.9182488640673774,Forward,Short,"[{""type"": ""Longball""}, {""type"": ""Zone"", ""value"": ""Back""}, {""type"": ""PassEndX"", ""value"": ""24.5""}, {""type"": ""PassEndY"", ""value"": ""91.4""}, {""type"": ""Length"", ""value"": ""15.3""}, {""type"": ""Angle"", ""value"": ""6.24""}]"
2944939453.0,51,55.0,SecondHalf,Jesús Gallardo,252248,972,h,27.4,100.0,39.3,94.8,Successful,12.986531484580476,-23.604115042914255,Forward,ThrowIn,"[{""type"": ""Zone"", ""value"": ""Back""}, {""type"": ""ThrowIn""}, {""type"": ""PassEndX"", ""value"": ""39.3""}, {""type"": ""PassEndY"", ""value"": ""94.8""}, {""type"": ""Length"", ""value"": ""13.3""}, {""type"": ""Angle"", ""value"": ""5.94""}]"
2944939455.0,51,57.0,SecondHalf,Raúl Jiménez,108186,972,h,39.3,94.8,52.5,71.4,Unsuccessful,26.86633581268573,-60.57254359681025,Forward,Short,"[{""type"": ""Longball""}, {""type"": ""Zone"", ""value"": ""Center""}, {""type"": ""PassEndX"", ""value"": ""52.5""}, {""type"": ""PassEndY"", ""value"": ""71.4""}, {""type"": ""Length"", ""value"": ""21.1""}, {""type"": ""Angle"", ""value"": ""5.43""}]"
2944939459.0,52,1.0,SecondHalf,Seol Young-Woo,477549,1159,a,42.4,55.7,72.3,20.0,Unsuccessful,46.56715580750021,-50.05264695473161,Forward,Short,"[{""type"": ""Longball""}, {""type"": ""Zone"", ""value"": ""Right""}, {""type"": ""PassEndX"", ""value"": ""72.3""}, {""type"": ""PassEndY"", ""value"": ""20.0""}, {""type"": ""Length"", ""value"": ""39.7""}, {""type"": ""Angle"", ""value"": ""5.62""}]"
2944939461.0,52,1.0,SecondHalf,Jesús Gallardo,252248,972,h,31.4,88.1,39.6,94.7,Successful,10.526157893552622,38.829824904970415,Forward,Short,"[{""type"": ""HeadPass""}, {""type"": ""Zone"", ""value"": ""Back""}, {""type"": ""PassEndX"", ""value"": ""39.6""}, {""type"": ""PassEndY"", ""value"": ""94.7""}, {""type"": ""Length"", ""value"": ""9.7""}, {""type"": ""Angle"", ""value"": ""0.48""}]"
2944939463.0,52,3.0,SecondHalf,Raúl Jiménez,108186,972,h,39.6,94.7,64.7,42.5,Successful,57.92106697912255,-64.31975538375652,Forward,Short,"[{""type"": ""Longball""}, {""type"": ""Zone"", ""value"": ""Center""}, {""type"": ""PassEndX"", ""value"": ""64.7""}, {""type"": ""PassEndY"", ""value"": ""42.5""}, {""type"": ""Length"", ""value"": ""44.2""}, {""type"": ""Angle"", ""value"": ""5.35""}]"
2944939469.0,52,20.0,SecondHalf,Lee Gi-Hyuk,447593,1159,a,33.1,68.4,19.4,46.7,Successful,25.66281356359821,-122.2657092046524,Backward,Short,"[{""type"": ""FreekickTaken""}, {""type"": ""Zone"", ""value"": ""Back""}, {""type"": ""PassEndX"", ""value"": ""19.4""}, {""type"": ""PassEndY"", ""value"": ""46.7""}, {""type"": ""Length"", ""value"": ""20.6""}, {""type"": ""Angle"", ""value"": ""3.94""}]"
2944939471.0,52,26.0,SecondHalf,Kim Seung-Gyu,71968,1159,a,19.4,46.7,25.7,66.2,Successful,20.49243762952568,72.0955524937518,Forward,Short,"[{""type"": ""Zone"", ""value"": ""Back""}, {""type"": ""PassEndX"", ""value"": ""25.7""}, {""type"": ""PassEndY"", ""value"": ""66.2""}, {""type"": ""Length"", ""value"": ""14.8""}, {""type"": ""Angle"", ""value"": ""1.11""}]"
2944939473.0,52,39.0,SecondHalf,Kim Min-Jae,370912,1159,a,36.2,46.0,37.3,28.0,Successful,18.033579788827286,-86.50294026070176,Lateral,Short,"[{""type"": ""Zone"", ""value"": ""Back""}, {""type"": ""PassEndX"", ""value"": ""37.3""}, {""type"": ""PassEndY"", ""value"": ""28.0""}, {""type"": ""Length"", ""value"": ""12.3""}, {""type"": ""Angle"", ""value"": ""4.81""}]"
2944939475.0,52,47.0,SecondHalf,Lee Kang-In,367780,1159,a,47.1,29.5,44.6,5.2,Successful,24.42826232051719,-95.87396151619194,Lateral,Short,"[{""type"": ""Zone"", ""value"": ""Back""}, {""type"": ""PassEndX"", ""value"": ""44.6""}, {""type"": ""PassEndY"", ""value"": ""5.2""}, {""type"": ""Length"", ""value"": ""16.7""}, {""type"": ""Angle"", ""value"": ""4.55""}]"
2944939477.0,52,49.0,SecondHalf,Lee Han-Beom,531031,1159,a,44.1,6.7,59.3,1.1,Successful,16.198765385053264,-20.224859431168085,Forward,Short,"[{""type"": ""Zone"", ""value"": ""Right""}, {""type"": ""PassEndX"", ""value"": ""59.3""}, {""type"": ""PassEndY"", ""value"": ""1.1""}, {""type"": ""Length"", ""value"": ""16.4""}, {""type"": ""Angle"", ""value"": ""6.05""}]"
2944939479.0,52,52.0,SecondHalf,Kim Moon-Hwan,414214,1159,a,54.2,4.6,37.8,3.7,Successful,16.424676556937133,-176.8588701643639,Backward,Short,"[{""type"": ""Zone"", ""value"": ""Back""}, {""type"": ""PassEndX"", ""value"": ""37.8""}, {""type"": ""PassEndY"", ""value"": ""3.7""}, {""type"": ""Length"", ""value"": ""17.2""}, {""type"": ""Angle"", ""value"": ""3.18""}]"
2944939481.0,52,54.0,SecondHalf,Lee Han-Beom,531031,1159,a,37.7,3.7,14.8,31.3,Successful,35.86321234914686,129.68283844275794,Backward,Short,"[{""type"": ""Zone"", ""value"": ""Back""}, {""type"": ""PassEndX"", ""value"": ""14.8""}, {""type"": ""PassEndY"", ""value"": ""31.3""}, {""type"": ""Length"", ""value"": ""30.5""}, {""type"": ""Angle"", ""value"": ""2.48""}]"
2944939483.0,52,58.0,SecondHalf,Kim Seung-Gyu,71968,1159,a,14.8,31.3,20.1,78.3,Successful,47.297885787844685,83.56616592406807,Forward,Short,"[{""type"": ""Longball""}, {""type"": ""Zone"", ""value"": ""Back""}, {""type"": ""PassEndX"", ""value"": ""20.1""}, {""type"": ""PassEndY"", ""value"": ""78.3""}, {""type"": ""Length"", ""value"": ""32.4""}, {""type"": ""Angle"", ""value"": ""1.40""}]"
2944939485.0,53,3.0,SecondHalf,Lee Gi-Hyuk,447593,1159,a,28.9,79.1,86.2,55.5,Unsuccessful,61.9697506853142,-22.385164085521048,Forward,Chipped,"[{""type"": ""Longball""}, {""type"": ""Zone"", ""value"": ""Center""}, {""type"": ""PassEndX"", ""value"": ""86.2""}, {""type"": ""PassEndY"", ""value"": ""55.5""}, {""type"": ""Chipped""}, {""type"": ""Length"", ""value"": ""62.3""}, {""type"": ""Angle"", ""value"": ""6.02""}]"
2944939493.0,53,25.0,SecondHalf,Raúl Rangel,527319,972,h,9.2,49.4,56.9,74.8,Successful,54.041187995824075,28.035067252800694,Forward,Chipped,"[{""type"": ""Longball""}, {""type"": ""Zone"", ""value"": ""Center""}, {""type"": ""PassEndX"", ""value"": ""56.9""}, {""type"": ""PassEndY"", ""value"": ""74.8""}, {""type"": ""Chipped""}, {""type"": ""Length"", ""value"": ""53.0""}, {""type"": ""Angle"", ""value"": ""0.33""}]"
2944939495.0,53,28.0,SecondHalf,Raúl Jiménez,108186,972,h,56.9,74.8,69.1,100.0,Unsuccessful,27.997857060853786,64.16712340048583,Forward,Short,"[{""type"": ""HeadPass""}, {""type"": ""Zone"", ""value"": ""Left""}, {""type"": ""PassEndX"", ""value"": ""69.1""}, {""type"": ""PassEndY"", ""value"": ""100.0""}, {""type"": ""Length"", ""value"": ""22.0""}, {""type"": ""Angle"", ""value"": ""0.95""}]"
2944939503.0,53,45.0,SecondHalf,Kim Moon-Hwan,414214,1159,a,29.9,0.0,29.0,8.8,Successful,8.845903006477068,95.83949231151743,Lateral,ThrowIn,"[{""type"": ""Zone"", ""value"": ""Back""}, {""type"": ""ThrowIn""}, {""type"": ""PassEndX"", ""value"": ""29.0""}, {""type"": ""PassEndY"", ""value"": ""8.8""}, {""type"": ""Length"", ""value"": ""6.8""}, {""type"": ""Angle"", ""value"": ""1.71""}]"
2944939505.0,53,46.0,SecondHalf,Paik Seung-Ho,362786,1159,a,29.0,8.8,27.4,4.0,Successful,5.059644256269408,-108.43494882292204,Lateral,Short,"[{""type"": ""Zone"", ""value"": ""Back""}, {""type"": ""PassEndX"", ""value"": ""27.4""}, {""type"": ""PassEndY"", ""value"": ""4.0""}, {""type"": ""Length"", ""value"": ""3.7""}, {""type"": ""Angle"", ""value"": ""4.24""}]"
2944939509.0,53,48.0,SecondHalf,Kim Moon-Hwan,414214,1159,a,27.4,4.0,72.6,24.4,Unsuccessful,49.59032163638384,24.29096240835097,Forward,Short,"[{""type"": ""Longball""}, {""type"": ""Zone"", ""value"": ""Center""}, {""type"": ""PassEndX"", ""value"": ""72.6""}, {""type"": ""PassEndY"", ""value"": ""24.4""}, {""type"": ""Length"", ""value"": ""49.4""}, {""type"": ""Angle"", ""value"": ""0.28""}]"
2944939511.0,53,52.0,SecondHalf,Edson Álvarez,322696,972,h,23.6,69.9,9.6,61.7,Successful,16.22467256988566,-149.64188454123337,Backward,Short,"[{""type"": ""Zone"", ""value"": ""Back""}, {""type"": ""PassEndX"", ""value"": ""9.6""}, {""type"": ""PassEndY"", ""value"": ""61.7""}, {""type"": ""Length"", ""value"": ""15.7""}, {""type"": ""Angle"", ""value"": ""3.50""}]"
2944939515.0,53,54.0,SecondHalf,Raúl Rangel,527319,972,h,9.6,61.7,15.0,85.4,Successful,24.30740627874558,77.16439051359856,Forward,Short,"[{""type"": ""Zone"", ""value"": ""Back""}, {""type"": ""PassEndX"", ""value"": ""15.0""}, {""type"": ""PassEndY"", ""value"": ""85.4""}, {""type"": ""Length"", ""value"": ""17.1""}, {""type"": ""Angle"", ""value"": ""1.23""}]"
2944939517.0,53,58.0,SecondHalf,Johan Vásquez,425115,972,h,15.1,90.3,50.7,100.0,Unsuccessful,36.897831914626096,15.241499549638716,Forward,Short,"[{""type"": ""Longball""}, {""type"": ""Zone"", ""value"": ""Left""}, {""type"": ""PassEndX"", ""value"": ""50.7""}, {""type"": ""PassEndY"", ""value"": ""100.0""}, {""type"": ""Length"", ""value"": ""38.2""}, {""type"": ""Angle"", ""value"": ""0.21""}]"
2944939523.0,54,18.0,SecondHalf,Kim Moon-Hwan,414214,1159,a,51.0,0.0,49.3,13.0,Successful,13.110682667199296,97.4502490686562,Lateral,ThrowIn,"[{""type"": ""Zone"", ""value"": ""Back""}, {""type"": ""ThrowIn""}, {""type"": ""PassEndX"", ""value"": ""49.3""}, {""type"": ""PassEndY"", ""value"": ""13.0""}, {""type"": ""Length"", ""value"": ""9.9""}, {""type"": ""Angle"", ""value"": ""1.75""}]"
2944939525.0,54,21.0,SecondHalf,Paik Seung-Ho,362786,1159,a,49.3,13.0,36.4,41.5,Successful,31.283541998948905,114.35300917502964,Backward,Short,"[{""type"": ""Zone"", ""value"": ""Back""}, {""type"": ""PassEndX"", ""value"": ""36.4""}, {""type"": ""PassEndY"", ""value"": ""41.5""}, {""type"": ""Length"", ""value"": ""23.6""}, {""type"": ""Angle"", ""value"": ""2.18""}]"
2944939527.0,54,24.0,SecondHalf,Lee Gi-Hyuk,447593,1159,a,36.4,41.5,46.8,56.7,Successful,18.417383093154143,55.61965527615514,Forward,Short,"[{""type"": ""Zone"", ""value"": ""Back""}, {""type"": ""PassEndX"", ""value"": ""46.8""}, {""type"": ""PassEndY"", ""value"": ""56.7""}, {""type"": ""Length"", ""value"": ""15.0""}, {""type"": ""Angle"", ""value"": ""0.76""}]"
2944939529.0,54,27.0,SecondHalf,Hwang In-Beom,371030,1159,a,47.2,66.2,57.3,93.8,Successful,29.389964273540713,69.90030339001422,Forward,Short,"[{""type"": ""Zone"", ""value"": ""Left""}, {""type"": ""PassEndX"", ""value"": ""57.3""}, {""type"": ""PassEndY"", ""value"": ""93.8""}, {""type"": ""Length"", ""value"": ""21.6""}, {""type"": ""Angle"", ""value"": ""1.06""}]"
2944939531.0,54,29.0,SecondHalf,Seol Young-Woo,477549,1159,a,57.3,93.8,45.7,87.2,Successful,13.34616049656229,-150.36161631184868,Backward,Short,"[{""type"": ""Zone"", ""value"": ""Back""}, {""type"": ""PassEndX"", ""value"": ""45.7""}, {""type"": ""PassEndY"", ""value"": ""87.2""}, {""type"": ""Length"", ""value"": ""13.0""}, {""type"": ""Angle"", ""value"": ""3.49""}]"
2944939533.0,54,30.0,SecondHalf,Hwang In-Beom,371030,1159,a,46.7,86.4,49.0,68.7,Successful,17.848809484108457,-82.59627114721201,Lateral,Short,"[{""type"": ""Zone"", ""value"": ""Back""}, {""type"": ""PassEndX"", ""value"": ""49.0""}, {""type"": ""PassEndY"", ""value"": ""68.7""}, {""type"": ""Length"", ""value"": ""12.3""}, {""type"": ""Angle"", ""value"": ""4.91""}]"
2944939535.0,54,34.0,SecondHalf,Paik Seung-Ho,362786,1159,a,56.6,68.9,54.1,78.6,Successful,10.016985574512912,104.452428251093,Lateral,Short,"[{""type"": ""Zone"", ""value"": ""Center""}, {""type"": ""PassEndX"", ""value"": ""54.1""}, {""type"": ""PassEndY"", ""value"": ""78.6""}, {""type"": ""Length"", ""value"": ""7.1""}, {""type"": ""Angle"", ""value"": ""1.95""}]"
2944939537.0,54,38.0,SecondHalf,Hwang In-Beom,371030,1159,a,53.2,65.6,51.0,33.2,Successful,32.47460546334627,-93.88449157005307,Lateral,Short,"[{""type"": ""Zone"", ""value"": ""Center""}, {""type"": ""PassEndX"", ""value"": ""51.0""}, {""type"": ""PassEndY"", ""value"": ""33.2""}, {""type"": ""Length"", ""value"": ""22.2""}, {""type"": ""Angle"", ""value"": ""4.61""}]"
2944939539.0,54,41.0,SecondHalf,Kim Min-Jae,370912,1159,a,52.1,30.2,57.1,10.9,Successful,19.93715125086831,-75.47584806258082,Lateral,Short,"[{""type"": ""Zone"", ""value"": ""Right""}, {""type"": ""PassEndX"", ""value"": ""57.1""}, {""type"": ""PassEndY"", ""value"": ""10.9""}, {""type"": ""Length"", ""value"": ""14.1""}, {""type"": ""Angle"", ""value"": ""5.09""}]"
2944939541.0,54,43.0,SecondHalf,Lee Han-Beom,531031,1159,a,57.1,10.9,46.9,30.7,Successful,22.272853431924702,117.25532837494308,Backward,Short,"[{""type"": ""Zone"", ""value"": ""Back""}, {""type"": ""PassEndX"", ""value"": ""46.9""}, {""type"": ""PassEndY"", ""value"": ""30.7""}, {""type"": ""Length"", ""value"": ""17.2""}, {""type"": ""Angle"", ""value"": ""2.24""}]"
2944939543.0,54,45.0,SecondHalf,Kim Min-Jae,370912,1159,a,46.9,30.7,51.6,11.0,Successful,20.252901026766512,-76.58129191893126,Lateral,Short,"[{""type"": ""Zone"", ""value"": ""Right""}, {""type"": ""PassEndX"", ""value"": ""51.6""}, {""type"": ""PassEndY"", ""value"": ""11.0""}, {""type"": ""Length"", ""value"": ""14.3""}, {""type"": ""Angle"", ""value"": ""5.07""}]"
2944939545.0,54,47.0,SecondHalf,Lee Han-Beom,531031,1159,a,51.6,11.0,39.6,28.9,Successful,21.550174013218548,123.83754668421935,Backward,Short,"[{""type"": ""Zone"", ""value"": ""Back""}, {""type"": ""PassEndX"", ""value"": ""39.6""}, {""type"": ""PassEndY"", ""value"": ""28.9""}, {""type"": ""Length"", ""value"": ""17.5""}, {""type"": ""Angle"", ""value"": ""2.37""}]"
2944939547.0,54,51.0,SecondHalf,Kim Min-Jae,370912,1159,a,42.5,29.9,60.7,40.0,Successful,20.814658296498653,29.027867852994838,Forward,Short,"[{""type"": ""Zone"", ""value"": ""Center""}, {""type"": ""PassEndX"", ""value"": ""60.7""}, {""type"": ""PassEndY"", ""value"": ""40.0""}, {""type"": ""Length"", ""value"": ""20.3""}, {""type"": ""Angle"", ""value"": ""0.35""}]"
2944939549.0,54,52.0,SecondHalf,Paik Seung-Ho,362786,1159,a,60.7,40.0,59.9,31.3,Unsuccessful,8.736704184073076,-95.25380275126228,Lateral,Short,"[{""type"": ""Zone"", ""value"": ""Center""}, {""type"": ""PassEndX"", ""value"": ""59.9""}, {""type"": ""PassEndY"", ""value"": ""31.3""}, {""type"": ""Length"", ""value"": ""6.0""}, {""type"": ""Angle"", ""value"": ""4.57""}]"
2944939561.0,54,58.0,SecondHalf,Luis Romo,447635,972,h,32.9,81.4,29.5,85.6,Unsuccessful,5.403702434442509,128.99099404250555,Lateral,Short,"[{""type"": ""Zone"", ""value"": ""Back""}, {""type"": ""PassEndX"", ""value"": ""29.5""}, {""type"": ""PassEndY"", ""value"": ""85.6""}, {""type"": ""Length"", ""value"": ""4.6""}, {""type"": ""Angle"", ""value"": ""2.47""}]"
2944939565.0,55,0.0,SecondHalf,Kim Moon-Hwan,414214,1159,a,73.8,23.1,82.2,38.7,Successful,17.717787672280085,61.69924423399362,Forward,Short,"[{""type"": ""Zone"", ""value"": ""Center""}, {""type"": ""PassEndX"", ""value"": ""82.2""}, {""type"": ""PassEndY"", ""value"": ""38.7""}, {""type"": ""Length"", ""value"": ""13.8""}, {""type"": ""Angle"", ""value"": ""0.88""}]"
2944939575.0,55,4.0,SecondHalf,Son Heung-Min,91909,1159,a,84.6,47.7,81.8,53.8,Unsuccessful,6.711929677819927,114.65589874408161,Lateral,Short,"[{""type"": ""Zone"", ""value"": ""Center""}, {""type"": ""PassEndX"", ""value"": ""81.8""}, {""type"": ""PassEndY"", ""value"": ""53.8""}, {""type"": ""Length"", ""value"": ""5.1""}, {""type"": ""Angle"", ""value"": ""2.19""}]"
2944941001.0,55,6.0,SecondHalf,Brian Gutiérrez,396565,972,h,18.7,45.8,12.3,42.1,Successful,7.3925638313104844,-149.9667195640049,Backward,Short,"[{""type"": ""Zone"", ""value"": ""Back""}, {""type"": ""PassEndX"", ""value"": ""12.3""}, {""type"": ""PassEndY"", ""value"": ""42.1""}, {""type"": ""Length"", ""value"": ""7.2""}, {""type"": ""Angle"", ""value"": ""3.50""}]"
2944939583.0,55,30.0,SecondHalf,Seol Young-Woo,477549,1159,a,59.0,100.0,53.1,89.9,Successful,11.697008164483766,-120.29169610031728,Backward,ThrowIn,"[{""type"": ""Zone"", ""value"": ""Left""}, {""type"": ""ThrowIn""}, {""type"": ""PassEndX"", ""value"": ""53.1""}, {""type"": ""PassEndY"", ""value"": ""89.9""}, {""type"": ""Length"", ""value"": ""10.1""}, {""type"": ""Angle"", ""value"": ""4.05""}]"
2944939585.0,55,31.0,SecondHalf,Hwang In-Beom,371030,1159,a,52.5,88.8,55.5,91.1,Successful,3.780211634287158,37.47617956136134,Lateral,Short,"[{""type"": ""Zone"", ""value"": ""Left""}, {""type"": ""PassEndX"", ""value"": ""55.5""}, {""type"": ""PassEndY"", ""value"": ""91.1""}, {""type"": ""Length"", ""value"": ""3.5""}, {""type"": ""Angle"", ""value"": ""0.46""}]"
2944939587.0,55,33.0,SecondHalf,Seol Young-Woo,477549,1159,a,55.0,98.9,55.0,97.4,Unsuccessful,1.5,-90.0,Lateral,Short,"[{""type"": ""Zone"", ""value"": ""Left""}, {""type"": ""PassEndX"", ""value"": ""55.0""}, {""type"": ""PassEndY"", ""value"": ""97.4""}, {""type"": ""Length"", ""value"": ""1.0""}, {""type"": ""Angle"", ""value"": ""4.71""}, {""type"": ""OppositeRelatedEvent"", ""value"": ""511""}, {""type"": ""Offensive""}]"
2944939591.0,55,35.0,SecondHalf,Brian Gutiérrez,396565,972,h,47.0,10.7,46.2,6.5,Successful,4.2755116652863885,-100.78429786756257,Lateral,Short,"[{""type"": ""HeadPass""}, {""type"": ""Zone"", ""value"": ""Back""}, {""type"": ""PassEndX"", ""value"": ""46.2""}, {""type"": ""PassEndY"", ""value"": ""6.5""}, {""type"": ""Length"", ""value"": ""3.0""}, {""type"": ""Angle"", ""value"": ""4.43""}]"
2944939595.0,55,37.0,SecondHalf,Roberto Alvarado,447636,972,h,46.2,6.5,54.3,9.7,Successful,8.709190547921196,21.55707928503773,Forward,Chipped,"[{""type"": ""Zone"", ""value"": ""Right""}, {""type"": ""PassEndX"", ""value"": ""54.3""}, {""type"": ""PassEndY"", ""value"": ""9.7""}, {""type"": ""Chipped""}, {""type"": ""Length"", ""value"": ""8.8""}, {""type"": ""Angle"", ""value"": ""0.25""}]"
2944939597.0,55,37.0,SecondHalf,Raúl Jiménez,108186,972,h,55.7,9.7,64.2,12.2,Unsuccessful,8.860022573334675,16.389540334034784,Forward,Short,"[{""type"": ""Zone"", ""value"": ""Right""}, {""type"": ""PassEndX"", ""value"": ""64.2""}, {""type"": ""PassEndY"", ""value"": ""12.2""}, {""type"": ""Length"", ""value"": ""9.1""}, {""type"": ""Angle"", ""value"": ""0.19""}]"
2944939599.0,55,39.0,SecondHalf,Lee Gi-Hyuk,447593,1159,a,34.6,88.8,25.3,79.4,Successful,13.22308587282106,-134.69360837772933,Backward,Short,"[{""type"": ""Zone"", ""value"": ""Back""}, {""type"": ""PassEndX"", ""value"": ""25.3""}, {""type"": ""PassEndY"", ""value"": ""79.4""}, {""type"": ""Length"", ""value"": ""11.7""}, {""type"": ""Angle"", ""value"": ""3.72""}]"
2944939603.0,55,41.0,SecondHalf,Kim Min-Jae,370912,1159,a,25.0,74.6,9.5,46.7,Successful,31.916453437059694,-119.05460409907717,Backward,Short,"[{""type"": ""Zone"", ""value"": ""Back""}, {""type"": ""PassEndX"", ""value"": ""9.5""}, {""type"": ""PassEndY"", ""value"": ""46.7""}, {""type"": ""Length"", ""value"": ""25.0""}, {""type"": ""Angle"", ""value"": ""4.00""}]"
2944939605.0,55,45.0,SecondHalf,Kim Seung-Gyu,71968,1159,a,9.5,46.7,76.7,36.7,Unsuccessful,67.93997350602957,-8.464045663962683,Forward,Short,"[{""type"": ""Longball""}, {""type"": ""Zone"", ""value"": ""Center""}, {""type"": ""PassEndX"", ""value"": ""76.7""}, {""type"": ""PassEndY"", ""value"": ""36.7""}, {""type"": ""Length"", ""value"": ""70.9""}, {""type"": ""Angle"", ""value"": ""6.19""}]"
2944939615.0,56,1.0,SecondHalf,Lee Han-Beom,531031,1159,a,39.1,22.9,33.9,44.2,Successful,21.925555865245475,103.71934526402163,Backward,Short,"[{""type"": ""FreekickTaken""}, {""type"": ""Zone"", ""value"": ""Back""}, {""type"": ""PassEndX"", ""value"": ""33.9""}, {""type"": ""PassEndY"", ""value"": ""44.2""}, {""type"": ""Length"", ""value"": ""15.5""}, {""type"": ""Angle"", ""value"": ""1.93""}, {""type"": ""IndirectFreekickTaken""}]"
2944939617.0,56,3.0,SecondHalf,Kim Min-Jae,370912,1159,a,34.1,45.2,38.2,74.6,Successful,29.68450774393942,82.06097385820212,Lateral,Short,"[{""type"": ""Zone"", ""value"": ""Back""}, {""type"": ""PassEndX"", ""value"": ""38.2""}, {""type"": ""PassEndY"", ""value"": ""74.6""}, {""type"": ""Length"", ""value"": ""20.5""}, {""type"": ""Angle"", ""value"": ""1.36""}]"
2944939619.0,56,7.0,SecondHalf,Lee Gi-Hyuk,447593,1159,a,42.7,73.4,37.3,49.3,Successful,24.69757073074193,-102.62945895302539,Backward,Short,"[{""type"": ""Zone"", ""value"": ""Back""}, {""type"": ""PassEndX"", ""value"": ""37.3""}, {""type"": ""PassEndY"", ""value"": ""49.3""}, {""type"": ""Length"", ""value"": ""17.3""}, {""type"": ""Angle"", ""value"": ""4.38""}]"
2944939621.0,56,9.0,SecondHalf,Kim Min-Jae,370912,1159,a,37.4,45.5,44.3,25.6,Successful,21.06228857460651,-70.8768466840383,Forward,Short,"[{""type"": ""Zone"", ""value"": ""Back""}, {""type"": ""PassEndX"", ""value"": ""44.3""}, {""type"": ""PassEndY"", ""value"": ""25.6""}, {""type"": ""Length"", ""value"": ""15.3""}, {""type"": ""Angle"", ""value"": ""5.20""}]"
2944939623.0,56,12.0,SecondHalf,Lee Han-Beom,531031,1159,a,44.4,24.2,52.5,2.9,Successful,22.788154817799533,-69.17910714668918,Forward,Short,"[{""type"": ""Zone"", ""value"": ""Right""}, {""type"": ""PassEndX"", ""value"": ""52.5""}, {""type"": ""PassEndY"", ""value"": ""2.9""}, {""type"": ""Length"", ""value"": ""16.8""}, {""type"": ""Angle"", ""value"": ""5.24""}]"
2944939625.0,56,15.0,SecondHalf,Lee Kang-In,367780,1159,a,52.1,2.9,56.6,19.7,Successful,17.392239648762892,75.00492087082402,Lateral,Short,"[{""type"": ""Zone"", ""value"": ""Right""}, {""type"": ""PassEndX"", ""value"": ""56.6""}, {""type"": ""PassEndY"", ""value"": ""19.7""}, {""type"": ""Length"", ""value"": ""12.4""}, {""type"": ""Angle"", ""value"": ""1.18""}]"
2944939763.0,56,53.0,SecondHalf,Lee Han-Beom,531031,1159,a,51.0,8.0,53.8,27.7,Successful,19.89798984822336,81.91061958604703,Lateral,Short,"[{""type"": ""FreekickTaken""}, {""type"": ""Zone"", ""value"": ""Center""}, {""type"": ""PassEndX"", ""value"": ""53.8""}, {""type"": ""PassEndY"", ""value"": ""27.7""}, {""type"": ""Length"", ""value"": ""13.7""}, {""type"": ""Angle"", ""value"": ""1.35""}]"
2944939647.0,56,54.0,SecondHalf,Hwang In-Beom,371030,1159,a,56.4,17.6,68.0,5.4,Successful,16.834488409215176,-46.44412553093584,Forward,Short,"[{""type"": ""Zone"", ""value"": ""Right""}, {""type"": ""PassEndX"", ""value"": ""68.0""}, {""type"": ""PassEndY"", ""value"": ""5.4""}, {""type"": ""Length"", ""value"": ""14.7""}, {""type"": ""Angle"", ""value"": ""5.69""}]"
2944939649.0,56,58.0,SecondHalf,Lee Kang-In,367780,1159,a,63.4,11.1,57.0,27.0,Successful,17.139719951037705,111.92556049359148,Backward,Short,"[{""type"": ""Zone"", ""value"": ""Center""}, {""type"": ""PassEndX"", ""value"": ""57.0""}, {""type"": ""PassEndY"", ""value"": ""27.0""}, {""type"": ""Length"", ""value"": ""12.7""}, {""type"": ""Angle"", ""value"": ""2.13""}]"
2944939645.0,57,0.0,SecondHalf,Hwang In-Beom,371030,1159,a,59.1,19.0,74.1,32.7,Unsuccessful,20.314772949752598,42.40649355521097,Forward,Short,"[{""type"": ""Zone"", ""value"": ""Center""}, {""type"": ""PassEndX"", ""value"": ""74.1""}, {""type"": ""PassEndY"", ""value"": ""32.7""}, {""type"": ""Length"", ""value"": ""18.3""}, {""type"": ""Angle"", ""value"": ""0.53""}]"
2944939651.0,57,5.0,SecondHalf,Edson Álvarez,322696,972,h,39.5,42.8,38.1,36.4,Successful,6.551335741663678,-102.33908727832619,Lateral,Short,"[{""type"": ""Zone"", ""value"": ""Back""}, {""type"": ""PassEndX"", ""value"": ""38.1""}, {""type"": ""PassEndY"", ""value"": ""36.4""}, {""type"": ""Length"", ""value"": ""4.6""}, {""type"": ""Angle"", ""value"": ""4.39""}]"
2944939653.0,57,6.0,SecondHalf,Brian Gutiérrez,396565,972,h,38.1,36.7,32.4,21.8,Successful,15.95305613354382,-110.93436841944273,Backward,Short,"[{""type"": ""Zone"", ""value"": ""Back""}, {""type"": ""PassEndX"", ""value"": ""32.4""}, {""type"": ""PassEndY"", ""value"": ""21.8""}, {""type"": ""Length"", ""value"": ""11.8""}, {""type"": ""Angle"", ""value"": ""4.18""}]"
2944939655.0,57,8.0,SecondHalf,Roberto Alvarado,447636,972,h,32.5,23.1,30.1,38.2,Successful,15.289538907370622,99.03107179644063,Lateral,Short,"[{""type"": ""Zone"", ""value"": ""Back""}, {""type"": ""PassEndX"", ""value"": ""30.1""}, {""type"": ""PassEndY"", ""value"": ""38.2""}, {""type"": ""Length"", ""value"": ""10.6""}, {""type"": ""Angle"", ""value"": ""1.81""}]"
2944939657.0,57,10.0,SecondHalf,Jorge Sánchez,447643,972,h,30.6,41.3,11.8,51.0,Successful,21.154904868611442,152.70819144438028,Backward,Short,"[{""type"": ""Zone"", ""value"": ""Back""}, {""type"": ""PassEndX"", ""value"": ""11.8""}, {""type"": ""PassEndY"", ""value"": ""51.0""}, {""type"": ""Length"", ""value"": ""20.8""}, {""type"": ""Angle"", ""value"": ""2.82""}]"
2944939659.0,57,16.0,SecondHalf,Raúl Rangel,527319,972,h,8.5,49.0,13.8,13.7,Successful,35.69565799925811,-81.4612975872888,Forward,Short,"[{""type"": ""Zone"", ""value"": ""Back""}, {""type"": ""PassEndX"", ""value"": ""13.8""}, {""type"": ""PassEndY"", ""value"": ""13.7""}, {""type"": ""Length"", ""value"": ""24.6""}, {""type"": ""Angle"", ""value"": ""4.94""}]"
2944939661.0,57,20.0,SecondHalf,Roberto Alvarado,447636,972,h,13.3,15.8,3.6,48.1,Successful,33.725064862799,106.71551682075096,Backward,Short,"[{""type"": ""Zone"", ""value"": ""Back""}, {""type"": ""PassEndX"", ""value"": ""3.6""}, {""type"": ""PassEndY"", ""value"": ""48.1""}, {""type"": ""Length"", ""value"": ""24.2""}, {""type"": ""Angle"", ""value"": ""2.00""}]"
2944939665.0,57,24.0,SecondHalf,Raúl Rangel,527319,972,h,2.2,60.5,33.0,73.2,Unsuccessful,33.31561195595843,22.408198288660635,Forward,Short,"[{""type"": ""Longball""}, {""type"": ""Zone"", ""value"": ""Back""}, {""type"": ""PassEndX"", ""value"": ""33.0""}, {""type"": ""PassEndY"", ""value"": ""73.2""}, {""type"": ""Length"", ""value"": ""33.5""}, {""type"": ""Angle"", ""value"": ""0.26""}]"
2944939681.0,58,41.0,SecondHalf,Raúl Rangel,527319,972,h,28.9,34.0,81.3,6.5,Unsuccessful,59.1777829932822,-27.69090040796739,Forward,Chipped,"[{""type"": ""Longball""}, {""type"": ""FreekickTaken""}, {""type"": ""Zone"", ""value"": ""Right""}, {""type"": ""PassEndX"", ""value"": ""81.3""}, {""type"": ""PassEndY"", ""value"": ""6.5""}, {""type"": ""Chipped""}, {""type"": ""Length"", ""value"": ""58.1""}, {""type"": ""Angle"", ""value"": ""5.96""}]"
2944939683.0,58,45.0,SecondHalf,Lee Gi-Hyuk,447593,1159,a,23.6,92.4,54.1,71.1,Unsuccessful,37.20134406174057,-34.92893304115013,Forward,Short,"[{""type"": ""Longball""}, {""type"": ""Zone"", ""value"": ""Center""}, {""type"": ""PassEndX"", ""value"": ""54.1""}, {""type"": ""PassEndY"", ""value"": ""71.1""}, {""type"": ""Length"", ""value"": ""35.1""}, {""type"": ""Angle"", ""value"": ""5.86""}]"
2944939689.0,58,53.0,SecondHalf,Kim Moon-Hwan,414214,1159,a,35.3,25.9,28.3,35.6,Successful,11.962023240238251,125.81608074915565,Backward,Short,"[{""type"": ""Zone"", ""value"": ""Back""}, {""type"": ""PassEndX"", ""value"": ""28.3""}, {""type"": ""PassEndY"", ""value"": ""35.6""}, {""type"": ""Length"", ""value"": ""9.9""}, {""type"": ""Angle"", ""value"": ""2.41""}]"
2944939691.0,58,54.0,SecondHalf,Lee Han-Beom,531031,1159,a,28.3,35.6,32.0,48.1,Successful,13.036103712382776,73.51124629410876,Lateral,Short,"[{""type"": ""Zone"", ""value"": ""Back""}, {""type"": ""PassEndX"", ""value"": ""32.0""}, {""type"": ""PassEndY"", ""value"": ""48.1""}, {""type"": ""Length"", ""value"": ""9.3""}, {""type"": ""Angle"", ""value"": ""1.14""}]"
2944939693.0,58,55.0,SecondHalf,Kim Min-Jae,370912,1159,a,31.8,47.8,29.4,31.7,Successful,16.277899127344412,-98.47855197356996,Lateral,Short,"[{""type"": ""Zone"", ""value"": ""Back""}, {""type"": ""PassEndX"", ""value"": ""29.4""}, {""type"": ""PassEndY"", ""value"": ""31.7""}, {""type"": ""Length"", ""value"": ""11.2""}, {""type"": ""Angle"", ""value"": ""4.49""}]"
2944939695.0,59,1.0,SecondHalf,Lee Han-Beom,531031,1159,a,29.4,31.4,38.2,40.4,Successful,12.587295182047653,45.643745714175374,Forward,Short,"[{""type"": ""Zone"", ""value"": ""Back""}, {""type"": ""PassEndX"", ""value"": ""38.2""}, {""type"": ""PassEndY"", ""value"": ""40.4""}, {""type"": ""Length"", ""value"": ""11.1""}, {""type"": ""Angle"", ""value"": ""0.58""}]"
2944939697.0,59,1.0,SecondHalf,Hwang In-Beom,371030,1159,a,38.2,40.4,29.0,34.7,Successful,10.82266141020775,-148.21908490701662,Backward,Short,"[{""type"": ""Zone"", ""value"": ""Back""}, {""type"": ""PassEndX"", ""value"": ""29.0""}, {""type"": ""PassEndY"", ""value"": ""34.7""}, {""type"": ""LayOff""}, {""type"": ""Length"", ""value"": ""10.4""}, {""type"": ""Angle"", ""value"": ""3.52""}]"
2944939699.0,59,3.0,SecondHalf,Lee Han-Beom,531031,1159,a,29.0,34.7,26.0,55.4,Successful,20.916261616264027,98.24632081446855,Lateral,Short,"[{""type"": ""Zone"", ""value"": ""Back""}, {""type"": ""PassEndX"", ""value"": ""26.0""}, {""type"": ""PassEndY"", ""value"": ""55.4""}, {""type"": ""Length"", ""value"": ""14.4""}, {""type"": ""Angle"", ""value"": ""1.79""}]"
2944939701.0,59,5.0,SecondHalf,Kim Min-Jae,370912,1159,a,29.4,56.9,41.5,67.8,Successful,16.285576440519385,42.01336300952483,Forward,Short,"[{""type"": ""Zone"", ""value"": ""Back""}, {""type"": ""PassEndX"", ""value"": ""41.5""}, {""type"": ""PassEndY"", ""value"": ""67.8""}, {""type"": ""Length"", ""value"": ""14.7""}, {""type"": ""Angle"", ""value"": ""0.53""}]"
2944939703.0,59,8.0,SecondHalf,Hwang Hee-Chan,262854,1159,a,42.4,60.0,28.6,55.7,Successful,14.454411091428108,-162.69326860888998,Backward,Short,"[{""type"": ""Zone"", ""value"": ""Back""}, {""type"": ""PassEndX"", ""value"": ""28.6""}, {""type"": ""PassEndY"", ""value"": ""55.7""}, {""type"": ""Length"", ""value"": ""14.8""}, {""type"": ""Angle"", ""value"": ""3.34""}]"
2944939705.0,59,14.0,SecondHalf,Kim Min-Jae,370912,1159,a,35.4,59.6,39.6,80.6,Successful,21.41588195708969,78.69006752597979,Lateral,Short,"[{""type"": ""Zone"", ""value"": ""Back""}, {""type"": ""PassEndX"", ""value"": ""39.6""}, {""type"": ""PassEndY"", ""value"": ""80.6""}, {""type"": ""Length"", ""value"": ""14.9""}, {""type"": ""Angle"", ""value"": ""1.27""}]"
2944939707.0,59,17.0,SecondHalf,Paik Seung-Ho,362786,1159,a,45.9,73.5,56.2,97.1,Successful,25.749757280409455,66.42158581339716,Forward,Short,"[{""type"": ""Zone"", ""value"": ""Left""}, {""type"": ""PassEndX"", ""value"": ""56.2""}, {""type"": ""PassEndY"", ""value"": ""97.1""}, {""type"": ""Length"", ""value"": ""19.4""}, {""type"": ""Angle"", ""value"": ""0.98""}]"
2944939709.0,59,19.0,SecondHalf,Lee Gi-Hyuk,447593,1159,a,57.9,94.8,51.2,84.2,Successful,12.539936203984446,-122.29597638594315,Backward,Short,"[{""type"": ""Zone"", ""value"": ""Left""}, {""type"": ""PassEndX"", ""value"": ""51.2""}, {""type"": ""PassEndY"", ""value"": ""84.2""}, {""type"": ""Length"", ""value"": ""10.1""}, {""type"": ""Angle"", ""value"": ""3.94""}]"
2944939713.0,59,23.0,SecondHalf,Paik Seung-Ho,362786,1159,a,55.0,82.1,44.7,49.7,Successful,33.997794046084806,-107.63552470960447,Backward,Short,"[{""type"": ""Zone"", ""value"": ""Back""}, {""type"": ""PassEndX"", ""value"": ""44.7""}, {""type"": ""PassEndY"", ""value"": ""49.7""}, {""type"": ""Length"", ""value"": ""24.5""}, {""type"": ""Angle"", ""value"": ""4.26""}]"
2944939715.0,59,27.0,SecondHalf,Kim Min-Jae,370912,1159,a,46.4,48.5,46.5,72.6,Successful,24.100207467986653,89.76225954070699,Lateral,Short,"[{""type"": ""Zone"", ""value"": ""Back""}, {""type"": ""PassEndX"", ""value"": ""46.5""}, {""type"": ""PassEndY"", ""value"": ""72.6""}, {""type"": ""Length"", ""value"": ""16.4""}, {""type"": ""Angle"", ""value"": ""1.56""}]"
2944939717.0,59,28.0,SecondHalf,Lee Gi-Hyuk,447593,1159,a,55.5,74.9,57.8,91.7,Successful,16.95670958647343,82.20439797938408,Lateral,Short,"[{""type"": ""Zone"", ""value"": ""Left""}, {""type"": ""PassEndX"", ""value"": ""57.8""}, {""type"": ""PassEndY"", ""value"": ""91.7""}, {""type"": ""Length"", ""value"": ""11.7""}, {""type"": ""Angle"", ""value"": ""1.36""}]"
2944939719.0,59,32.0,SecondHalf,Paik Seung-Ho,362786,1159,a,57.8,91.7,64.5,94.1,Successful,7.116881339463234,19.707978842978648,Forward,Short,"[{""type"": ""Zone"", ""value"": ""Left""}, {""type"": ""PassEndX"", ""value"": ""64.5""}, {""type"": ""PassEndY"", ""value"": ""94.1""}, {""type"": ""Length"", ""value"": ""7.2""}, {""type"": ""Angle"", ""value"": ""0.23""}]"
2944939721.0,59,35.0,SecondHalf,Hwang Hee-Chan,262854,1159,a,64.5,97.7,52.6,92.1,Successful,13.151805959639157,-154.7988763545249,Backward,Short,"[{""type"": ""Zone"", ""value"": ""Left""}, {""type"": ""PassEndX"", ""value"": ""52.6""}, {""type"": ""PassEndY"", ""value"": ""92.1""}, {""type"": ""Length"", ""value"": ""13.1""}, {""type"": ""Angle"", ""value"": ""3.44""}]"
2944939723.0,59,38.0,SecondHalf,Paik Seung-Ho,362786,1159,a,51.8,86.7,47.5,42.8,Successful,44.11008954876424,-95.59426981082923,Lateral,Short,"[{""type"": ""Zone"", ""value"": ""Back""}, {""type"": ""PassEndX"", ""value"": ""47.5""}, {""type"": ""PassEndY"", ""value"": ""42.8""}, {""type"": ""Length"", ""value"": ""30.2""}, {""type"": ""Angle"", ""value"": ""4.56""}]"
2944939725.0,59,45.0,SecondHalf,Kim Min-Jae,370912,1159,a,47.3,44.3,46.1,64.4,Successful,20.135789033459808,93.41658819177134,Lateral,Short,"[{""type"": ""Zone"", ""value"": ""Back""}, {""type"": ""PassEndX"", ""value"": ""46.1""}, {""type"": ""PassEndY"", ""value"": ""64.4""}, {""type"": ""Length"", ""value"": ""13.7""}, {""type"": ""Angle"", ""value"": ""1.66""}]"
2944939727.0,59,49.0,SecondHalf,Lee Gi-Hyuk,447593,1159,a,47.2,57.3,43.8,12.5,Successful,44.928832613367554,-94.34002072596444,Lateral,Short,"[{""type"": ""Zone"", ""value"": ""Back""}, {""type"": ""PassEndX"", ""value"": ""43.8""}, {""type"": ""PassEndY"", ""value"": ""12.5""}, {""type"": ""Length"", ""value"": ""30.7""}, {""type"": ""Angle"", ""value"": ""4.60""}]"
2944939729.0,59,52.0,SecondHalf,Kim Min-Jae,370912,1159,a,43.8,12.5,41.6,6.5,Successful,6.390618123468181,-110.13630342824811,Lateral,Short,"[{""type"": ""Zone"", ""value"": ""Back""}, {""type"": ""PassEndX"", ""value"": ""41.6""}, {""type"": ""PassEndY"", ""value"": ""6.5""}, {""type"": ""Length"", ""value"": ""4.7""}, {""type"": ""Angle"", ""value"": ""4.20""}]"
2944939731.0,59,53.0,SecondHalf,Lee Han-Beom,531031,1159,a,41.6,6.5,8.5,44.2,Successful,50.16871535130235,131.28261774513612,Backward,Short,"[{""type"": ""Longball""}, {""type"": ""Zone"", ""value"": ""Back""}, {""type"": ""PassEndX"", ""value"": ""8.5""}, {""type"": ""PassEndY"", ""value"": ""44.2""}, {""type"": ""Length"", ""value"": ""43.2""}, {""type"": ""Angle"", ""value"": ""2.51""}]"
2944939733.0,59,57.0,SecondHalf,Kim Seung-Gyu,71968,1159,a,8.5,44.2,22.0,34.0,Successful,16.920106382644292,-37.07307331731041,Forward,Short,"[{""type"": ""Zone"", ""value"": ""Back""}, {""type"": ""PassEndX"", ""value"": ""22.0""}, {""type"": ""PassEndY"", ""value"": ""34.0""}, {""type"": ""Length"", ""value"": ""15.8""}, {""type"": ""Angle"", ""value"": ""5.83""}]"
2944939735.0,59,59.0,SecondHalf,Lee Gi-Hyuk,447593,1159,a,22.1,33.4,22.2,5.5,Successful,27.900179210893967,-89.79463966250513,Lateral,Short,"[{""type"": ""Zone"", ""value"": ""Back""}, {""type"": ""PassEndX"", ""value"": ""22.2""}, {""type"": ""PassEndY"", ""value"": ""5.5""}, {""type"": ""Length"", ""value"": ""19.0""}, {""type"": ""Angle"", ""value"": ""4.72""}]"
2944939737.0,60,2.0,SecondHalf,Lee Han-Beom,531031,1159,a,23.6,6.1,35.1,5.2,Successful,11.535163631262455,-4.474896506246094,Forward,Short,"[{""type"": ""Zone"", ""value"": ""Back""}, {""type"": ""PassEndX"", ""value"": ""35.1""}, {""type"": ""PassEndY"", ""value"": ""5.2""}, {""type"": ""Length"", ""value"": ""12.1""}, {""type"": ""Angle"", ""value"": ""6.23""}]"
2944939739.0,60,4.0,SecondHalf,Lee Kang-In,367780,1159,a,35.1,5.2,25.8,18.5,Successful,16.22898641320523,124.96309754603651,Backward,Short,"[{""type"": ""Zone"", ""value"": ""Back""}, {""type"": ""PassEndX"", ""value"": ""25.8""}, {""type"": ""PassEndY"", ""value"": ""18.5""}, {""type"": ""LayOff""}, {""type"": ""Length"", ""value"": ""13.3""}, {""type"": ""Angle"", ""value"": ""2.39""}]"
2944939741.0,60,5.0,SecondHalf,Hwang In-Beom,371030,1159,a,25.8,18.5,21.8,4.9,Successful,14.17603611733548,-106.38954033403479,Lateral,Short,"[{""type"": ""Zone"", ""value"": ""Back""}, {""type"": ""PassEndX"", ""value"": ""21.8""}, {""type"": ""PassEndY"", ""value"": ""4.9""}, {""type"": ""Length"", ""value"": ""10.2""}, {""type"": ""Angle"", ""value"": ""4.29""}]"
2944939743.0,60,8.0,SecondHalf,Lee Han-Beom,531031,1159,a,14.5,15.4,5.3,26.6,Successful,14.494136745594751,129.40066066347944,Backward,Short,"[{""type"": ""Zone"", ""value"": ""Back""}, {""type"": ""PassEndX"", ""value"": ""5.3""}, {""type"": ""PassEndY"", ""value"": ""26.6""}, {""type"": ""Length"", ""value"": ""12.3""}, {""type"": ""Angle"", ""value"": ""2.47""}]"
2944939745.0,60,10.0,SecondHalf,Kim Seung-Gyu,71968,1159,a,5.3,26.6,64.4,24.1,Unsuccessful,59.152852847517,-2.4222352505068376,Forward,Short,"[{""type"": ""Longball""}, {""type"": ""Zone"", ""value"": ""Center""}, {""type"": ""PassEndX"", ""value"": ""64.4""}, {""type"": ""PassEndY"", ""value"": ""24.1""}, {""type"": ""Length"", ""value"": ""62.1""}, {""type"": ""Angle"", ""value"": ""6.26""}]"
2944939747.0,60,15.0,SecondHalf,Johan Vásquez,425115,972,h,39.4,79.4,61.7,89.6,Unsuccessful,24.52203091099919,24.57931411569618,Forward,Short,"[{""type"": ""Longball""}, {""type"": ""Zone"", ""value"": ""Left""}, {""type"": ""PassEndX"", ""value"": ""61.7""}, {""type"": ""PassEndY"", ""value"": ""89.6""}, {""type"": ""Length"", ""value"": ""24.4""}, {""type"": ""Angle"", ""value"": ""0.29""}]"
2944939751.0,60,17.0,SecondHalf,Lee Han-Beom,531031,1159,a,35.9,9.1,43.3,4.0,Successful,8.987213138676527,-34.57419147411522,Forward,Short,"[{""type"": ""Zone"", ""value"": ""Back""}, {""type"": ""PassEndX"", ""value"": ""43.3""}, {""type"": ""PassEndY"", ""value"": ""4.0""}, {""type"": ""Length"", ""value"": ""8.5""}, {""type"": ""Angle"", ""value"": ""5.86""}]"
2944939749.0,60,21.0,SecondHalf,Jesús Gallardo,252248,972,h,49.2,92.6,64.7,80.6,Unsuccessful,19.60229578391266,-37.74680538727467,Forward,Short,"[{""type"": ""Longball""}, {""type"": ""Zone"", ""value"": ""Left""}, {""type"": ""PassEndX"", ""value"": ""64.7""}, {""type"": ""PassEndY"", ""value"": ""80.6""}, {""type"": ""Length"", ""value"": ""18.2""}, {""type"": ""Angle"", ""value"": ""5.82""}]"
2944939755.0,60,30.0,SecondHalf,Kim Min-Jae,370912,1159,a,35.1,28.7,38.0,75.9,Successful,47.28900506460249,86.48412810567277,Lateral,Short,"[{""type"": ""Longball""}, {""type"": ""Zone"", ""value"": ""Back""}, {""type"": ""PassEndX"", ""value"": ""38.0""}, {""type"": ""PassEndY"", ""value"": ""75.9""}, {""type"": ""Length"", ""value"": ""32.2""}, {""type"": ""Angle"", ""value"": ""1.48""}]"
2944939757.0,60,32.0,SecondHalf,Lee Gi-Hyuk,447593,1159,a,43.8,76.4,62.4,96.9,Successful,27.680498550423547,47.78200553725213,Forward,Short,"[{""type"": ""Zone"", ""value"": ""Left""}, {""type"": ""PassEndX"", ""value"": ""62.4""}, {""type"": ""PassEndY"", ""value"": ""96.9""}, {""type"": ""Length"", ""value"": ""24.0""}, {""type"": ""Angle"", ""value"": ""0.62""}]"
2944939765.0,61,19.0,SecondHalf,Raúl Rangel,527319,972,h,24.8,17.3,65.7,81.2,Unsuccessful,75.8684387607917,57.37821259826517,Forward,Short,"[{""type"": ""Longball""}, {""type"": ""FreekickTaken""}, {""type"": ""Zone"", ""value"": ""Left""}, {""type"": ""PassEndX"", ""value"": ""65.7""}, {""type"": ""PassEndY"", ""value"": ""81.2""}, {""type"": ""Length"", ""value"": ""61.1""}, {""type"": ""Angle"", ""value"": ""0.79""}, {""type"": ""IndirectFreekickTaken""}]"
2944939771.0,61,52.0,SecondHalf,Kim Min-Jae,370912,1159,a,27.4,27.2,31.3,12.5,Successful,15.20855022676389,-75.14138555207533,Lateral,Short,"[{""type"": ""FreekickTaken""}, {""type"": ""Zone"", ""value"": ""Back""}, {""type"": ""PassEndX"", ""value"": ""31.3""}, {""type"": ""PassEndY"", ""value"": ""12.5""}, {""type"": ""Length"", ""value"": ""10.8""}, {""type"": ""Angle"", ""value"": ""5.10""}]"
2944939773.0,61,58.0,SecondHalf,Lee Han-Beom,531031,1159,a,32.5,23.6,31.9,71.3,Successful,47.70377343565181,90.72066362251766,Lateral,Short,"[{""type"": ""Longball""}, {""type"": ""Zone"", ""value"": ""Back""}, {""type"": ""PassEndX"", ""value"": ""31.9""}, {""type"": ""PassEndY"", ""value"": ""71.3""}, {""type"": ""Length"", ""value"": ""32.4""}, {""type"": ""Angle"", ""value"": ""1.59""}]"
2944939775.0,62,3.0,SecondHalf,Lee Gi-Hyuk,447593,1159,a,33.1,85.1,37.2,93.3,Successful,9.167878707749141,63.43494882292201,Lateral,Short,"[{""type"": ""Zone"", ""value"": ""Back""}, {""type"": ""PassEndX"", ""value"": ""37.2""}, {""type"": ""PassEndY"", ""value"": ""93.3""}, {""type"": ""Length"", ""value"": ""7.0""}, {""type"": ""Angle"", ""value"": ""0.91""}]"
2944939777.0,62,6.0,SecondHalf,Hwang Hee-Chan,262854,1159,a,37.1,88.4,29.4,59.6,Successful,29.81157493323693,-104.96855791159987,Backward,Short,"[{""type"": ""Zone"", ""value"": ""Back""}, {""type"": ""PassEndX"", ""value"": ""29.4""}, {""type"": ""PassEndY"", ""value"": ""59.6""}, {""type"": ""Length"", ""value"": ""21.2""}, {""type"": ""Angle"", ""value"": ""4.32""}]"
2944939779.0,62,16.0,SecondHalf,Kim Min-Jae,370912,1159,a,44.6,42.7,40.4,66.2,Successful,23.872368964977063,100.13310991446983,Lateral,Short,"[{""type"": ""Zone"", ""value"": ""Back""}, {""type"": ""PassEndX"", ""value"": ""40.4""}, {""type"": ""PassEndY"", ""value"": ""66.2""}, {""type"": ""Length"", ""value"": ""16.6""}, {""type"": ""Angle"", ""value"": ""1.84""}]"
2944939781.0,62,18.0,SecondHalf,Lee Gi-Hyuk,447593,1159,a,42.0,69.9,61.2,95.7,Successful,32.16022387981775,53.34389158403309,Forward,Short,"[{""type"": ""Zone"", ""value"": ""Left""}, {""type"": ""PassEndX"", ""value"": ""61.2""}, {""type"": ""PassEndY"", ""value"": ""95.7""}, {""type"": ""Length"", ""value"": ""26.7""}, {""type"": ""Angle"", ""value"": ""0.72""}]"
2944939783.0,62,24.0,SecondHalf,Hwang Hee-Chan,262854,1159,a,68.7,94.8,74.6,98.4,Successful,6.911584478250987,31.390268104187903,Forward,Short,"[{""type"": ""Zone"", ""value"": ""Left""}, {""type"": ""PassEndX"", ""value"": ""74.6""}, {""type"": ""PassEndY"", ""value"": ""98.4""}, {""type"": ""Length"", ""value"": ""6.7""}, {""type"": ""Angle"", ""value"": ""0.38""}]"
2944939785.0,62,25.0,SecondHalf,Seol Young-Woo,477549,1159,a,74.6,98.4,55.8,86.0,Successful,22.521101216414795,-146.59217541029105,Backward,Short,"[{""type"": ""Zone"", ""value"": ""Left""}, {""type"": ""PassEndX"", ""value"": ""55.8""}, {""type"": ""PassEndY"", ""value"": ""86.0""}, {""type"": ""Length"", ""value"": ""21.5""}, {""type"": ""Angle"", ""value"": ""3.55""}]"
2944939787.0,62,27.0,SecondHalf,Paik Seung-Ho,362786,1159,a,55.6,84.2,45.9,71.1,Successful,16.30030674557998,-126.51839420597067,Backward,Short,"[{""type"": ""Zone"", ""value"": ""Back""}, {""type"": ""PassEndX"", ""value"": ""45.9""}, {""type"": ""PassEndY"", ""value"": ""71.1""}, {""type"": ""Length"", ""value"": ""13.5""}, {""type"": ""Angle"", ""value"": ""3.86""}]"
2944939789.0,62,29.0,SecondHalf,Lee Gi-Hyuk,447593,1159,a,46.6,65.9,47.4,43.0,Successful,22.913969538253305,-87.99921438333143,Lateral,Short,"[{""type"": ""Zone"", ""value"": ""Back""}, {""type"": ""PassEndX"", ""value"": ""47.4""}, {""type"": ""PassEndY"", ""value"": ""43.0""}, {""type"": ""Length"", ""value"": ""15.6""}, {""type"": ""Angle"", ""value"": ""4.77""}]"
2944939791.0,62,32.0,SecondHalf,Kim Min-Jae,370912,1159,a,47.1,42.4,45.6,60.0,Successful,17.663804799646083,94.87139103152408,Lateral,Short,"[{""type"": ""Zone"", ""value"": ""Back""}, {""type"": ""PassEndX"", ""value"": ""45.6""}, {""type"": ""PassEndY"", ""value"": ""60.0""}, {""type"": ""Length"", ""value"": ""12.1""}, {""type"": ""Angle"", ""value"": ""1.70""}]"
2944939793.0,62,35.0,SecondHalf,Lee Gi-Hyuk,447593,1159,a,46.1,60.6,57.0,69.3,Successful,13.94632568098135,38.595647273615846,Forward,Short,"[{""type"": ""Zone"", ""value"": ""Center""}, {""type"": ""PassEndX"", ""value"": ""57.0""}, {""type"": ""PassEndY"", ""value"": ""69.3""}, {""type"": ""Length"", ""value"": ""12.9""}, {""type"": ""Angle"", ""value"": ""0.48""}]"
2944939795.0,62,38.0,SecondHalf,Hwang Hee-Chan,262854,1159,a,53.5,72.9,52.1,90.5,Successful,17.655594014362695,94.54804240912542,Lateral,Short,"[{""type"": ""Zone"", ""value"": ""Left""}, {""type"": ""PassEndX"", ""value"": ""52.1""}, {""type"": ""PassEndY"", ""value"": ""90.5""}, {""type"": ""Length"", ""value"": ""12.1""}, {""type"": ""Angle"", ""value"": ""1.69""}]"
2944939797.0,62,39.0,SecondHalf,Paik Seung-Ho,362786,1159,a,52.1,90.5,40.9,74.1,Successful,19.859506539690262,-124.33021719550332,Backward,Short,"[{""type"": ""Zone"", ""value"": ""Back""}, {""type"": ""PassEndX"", ""value"": ""40.9""}, {""type"": ""PassEndY"", ""value"": ""74.1""}, {""type"": ""Length"", ""value"": ""16.2""}, {""type"": ""Angle"", ""value"": ""3.90""}]"
2944939799.0,62,42.0,SecondHalf,Lee Gi-Hyuk,447593,1159,a,44.3,63.9,44.3,46.0,Successful,17.9,-90.0,Lateral,Short,"[{""type"": ""Zone"", ""value"": ""Back""}, {""type"": ""PassEndX"", ""value"": ""44.3""}, {""type"": ""PassEndY"", ""value"": ""46.0""}, {""type"": ""Length"", ""value"": ""12.2""}, {""type"": ""Angle"", ""value"": ""4.71""}]"
2944939801.0,62,44.0,SecondHalf,Kim Min-Jae,370912,1159,a,44.3,46.0,52.8,13.0,Successful,34.077118422777474,-75.55596427550776,Forward,Short,"[{""type"": ""Zone"", ""value"": ""Right""}, {""type"": ""PassEndX"", ""value"": ""52.8""}, {""type"": ""PassEndY"", ""value"": ""13.0""}, {""type"": ""Length"", ""value"": ""24.1""}, {""type"": ""Angle"", ""value"": ""5.09""}]"
2944939803.0,62,46.0,SecondHalf,Lee Han-Beom,531031,1159,a,52.8,12.2,35.6,39.7,Successful,32.435936860217254,122.02410731836892,Backward,Short,"[{""type"": ""Zone"", ""value"": ""Back""}, {""type"": ""PassEndX"", ""value"": ""35.6""}, {""type"": ""PassEndY"", ""value"": ""39.7""}, {""type"": ""Length"", ""value"": ""26.0""}, {""type"": ""Angle"", ""value"": ""2.34""}]"
2944939805.0,62,52.0,SecondHalf,Kim Min-Jae,370912,1159,a,44.6,43.0,42.4,67.8,Successful,24.897389421383117,95.0694201326125,Lateral,Short,"[{""type"": ""Zone"", ""value"": ""Back""}, {""type"": ""PassEndX"", ""value"": ""42.4""}, {""type"": ""PassEndY"", ""value"": ""67.8""}, {""type"": ""Length"", ""value"": ""17.0""}, {""type"": ""Angle"", ""value"": ""1.71""}]"
2944939807.0,62,54.0,SecondHalf,Lee Gi-Hyuk,447593,1159,a,42.4,67.8,54.8,71.7,Successful,12.998846102635419,17.459202635627232,Forward,Short,"[{""type"": ""Zone"", ""value"": ""Center""}, {""type"": ""PassEndX"", ""value"": ""54.8""}, {""type"": ""PassEndY"", ""value"": ""71.7""}, {""type"": ""Length"", ""value"": ""13.3""}, {""type"": ""Angle"", ""value"": ""0.20""}]"
2944939809.0,62,59.0,SecondHalf,Hwang Hee-Chan,262854,1159,a,43.6,55.4,36.3,43.4,Successful,14.045995870709918,-121.31354327018975,Backward,Short,"[{""type"": ""Zone"", ""value"": ""Back""}, {""type"": ""PassEndX"", ""value"": ""36.3""}, {""type"": ""PassEndY"", ""value"": ""43.4""}, {""type"": ""Length"", ""value"": ""11.2""}, {""type"": ""Angle"", ""value"": ""3.96""}]"
2944939811.0,63,0.0,SecondHalf,Kim Min-Jae,370912,1159,a,36.3,43.4,41.8,69.0,Successful,26.18415551435639,77.87467702590725,Forward,Short,"[{""type"": ""Zone"", ""value"": ""Back""}, {""type"": ""PassEndX"", ""value"": ""41.8""}, {""type"": ""PassEndY"", ""value"": ""69.0""}, {""type"": ""Length"", ""value"": ""18.3""}, {""type"": ""Angle"", ""value"": ""1.25""}]"
2944939813.0,63,3.0,SecondHalf,Lee Gi-Hyuk,447593,1159,a,43.6,67.1,67.1,7.7,Successful,63.87965247244226,-68.41511423106037,Forward,Chipped,"[{""type"": ""Longball""}, {""type"": ""Zone"", ""value"": ""Right""}, {""type"": ""PassEndX"", ""value"": ""67.1""}, {""type"": ""PassEndY"", ""value"": ""7.7""}, {""type"": ""Chipped""}, {""type"": ""Length"", ""value"": ""47.3""}, {""type"": ""Angle"", ""value"": ""5.26""}]"
2944939823.0,63,25.0,SecondHalf,Jesús Gallardo,252248,972,h,26.7,100.0,30.4,89.3,Successful,11.321660655575226,-70.92490150755447,Lateral,ThrowIn,"[{""type"": ""Zone"", ""value"": ""Back""}, {""type"": ""ThrowIn""}, {""type"": ""PassEndX"", ""value"": ""30.4""}, {""type"": ""PassEndY"", ""value"": ""89.3""}, {""type"": ""Length"", ""value"": ""9.4""}, {""type"": ""Angle"", ""value"": ""5.14""}]"
2944939829.0,63,51.0,SecondHalf,Johan Vásquez,425115,972,h,28.9,84.2,19.3,53.1,Successful,32.54796460610095,-107.15449835140709,Backward,Short,"[{""type"": ""FreekickTaken""}, {""type"": ""Zone"", ""value"": ""Back""}, {""type"": ""PassEndX"", ""value"": ""19.3""}, {""type"": ""PassEndY"", ""value"": ""53.1""}, {""type"": ""Length"", ""value"": ""23.4""}, {""type"": ""Angle"", ""value"": ""4.27""}]"
2944939831.0,63,54.0,SecondHalf,Edson Álvarez,322696,972,h,19.0,53.0,28.4,61.5,Successful,12.673200069437867,42.12163050026597,Forward,Short,"[{""type"": ""Zone"", ""value"": ""Back""}, {""type"": ""PassEndX"", ""value"": ""28.4""}, {""type"": ""PassEndY"", ""value"": ""61.5""}, {""type"": ""Length"", ""value"": ""11.4""}, {""type"": ""Angle"", ""value"": ""0.53""}]"
2944939833.0,63,56.0,SecondHalf,Luis Romo,447635,972,h,28.4,61.5,10.1,47.3,Successful,23.163117234085743,-142.1901005081627,Backward,Short,"[{""type"": ""Zone"", ""value"": ""Back""}, {""type"": ""PassEndX"", ""value"": ""10.1""}, {""type"": ""PassEndY"", ""value"": ""47.3""}, {""type"": ""Length"", ""value"": ""21.5""}, {""type"": ""Angle"", ""value"": ""3.61""}]"
2944939835.0,63,59.0,SecondHalf,Edson Álvarez,322696,972,h,9.3,43.9,12.1,13.5,Successful,30.528675044947494,-84.73760460040488,Lateral,Short,"[{""type"": ""Zone"", ""value"": ""Back""}, {""type"": ""PassEndX"", ""value"": ""12.1""}, {""type"": ""PassEndY"", ""value"": ""13.5""}, {""type"": ""Length"", ""value"": ""20.9""}, {""type"": ""Angle"", ""value"": ""4.85""}]"
2944939837.0,64,3.0,SecondHalf,Jorge Sánchez,447643,972,h,14.2,10.0,36.7,25.9,Successful,27.55104353740526,35.247575058346214,Forward,Short,"[{""type"": ""Zone"", ""value"": ""Back""}, {""type"": ""PassEndX"", ""value"": ""36.7""}, {""type"": ""PassEndY"", ""value"": ""25.9""}, {""type"": ""Length"", ""value"": ""26.0""}, {""type"": ""Angle"", ""value"": ""0.43""}]"
2944939839.0,64,8.0,SecondHalf,Brian Gutiérrez,396565,972,h,36.9,48.1,43.3,88.4,Successful,40.805024200458455,80.97627511140519,Forward,Short,"[{""type"": ""Zone"", ""value"": ""Back""}, {""type"": ""PassEndX"", ""value"": ""43.3""}, {""type"": ""PassEndY"", ""value"": ""88.4""}, {""type"": ""Length"", ""value"": ""28.2""}, {""type"": ""Angle"", ""value"": ""1.33""}]"
2944939841.0,64,11.0,SecondHalf,Jesús Gallardo,252248,972,h,46.1,88.9,64.2,94.5,Unsuccessful,18.94650363523571,17.191662975259387,Forward,Short,"[{""type"": ""Zone"", ""value"": ""Left""}, {""type"": ""PassEndX"", ""value"": ""64.2""}, {""type"": ""PassEndY"", ""value"": ""94.5""}, {""type"": ""Length"", ""value"": ""19.4""}, {""type"": ""Angle"", ""value"": ""0.20""}]"
2944939853.0,64,28.0,SecondHalf,Jesús Gallardo,252248,972,h,65.0,100.0,63.5,88.1,Successful,11.994165248152958,-97.18426739242686,Lateral,ThrowIn,"[{""type"": ""Zone"", ""value"": ""Left""}, {""type"": ""ThrowIn""}, {""type"": ""PassEndX"", ""value"": ""63.5""}, {""type"": ""PassEndY"", ""value"": ""88.1""}, {""type"": ""Length"", ""value"": ""9.5""}, {""type"": ""Angle"", ""value"": ""4.55""}]"
2944939857.0,64,30.0,SecondHalf,Érik Lira,447638,972,h,65.0,90.0,62.7,95.3,Successful,5.777542730261712,113.45902408146155,Lateral,Short,"[{""type"": ""Zone"", ""value"": ""Left""}, {""type"": ""PassEndX"", ""value"": ""62.7""}, {""type"": ""PassEndY"", ""value"": ""95.3""}, {""type"": ""Length"", ""value"": ""4.3""}, {""type"": ""Angle"", ""value"": ""2.16""}]"
2944939859.0,64,32.0,SecondHalf,Jesús Gallardo,252248,972,h,62.7,95.3,43.6,69.4,Successful,32.18105032468642,-126.40698345896952,Backward,Short,"[{""type"": ""Zone"", ""value"": ""Back""}, {""type"": ""PassEndX"", ""value"": ""43.6""}, {""type"": ""PassEndY"", ""value"": ""69.4""}, {""type"": ""Length"", ""value"": ""26.7""}, {""type"": ""Angle"", ""value"": ""3.86""}]"
2944939861.0,64,40.0,SecondHalf,Edson Álvarez,322696,972,h,39.4,61.2,37.1,29.7,Successful,31.58385663594616,-94.17609052760456,Lateral,Short,"[{""type"": ""Zone"", ""value"": ""Back""}, {""type"": ""PassEndX"", ""value"": ""37.1""}, {""type"": ""PassEndY"", ""value"": ""29.7""}, {""type"": ""Length"", ""value"": ""21.6""}, {""type"": ""Angle"", ""value"": ""4.60""}]"
2944939863.0,64,43.0,SecondHalf,Jorge Sánchez,447643,972,h,39.0,26.5,52.0,8.2,Successful,22.44749429223672,-54.61067966909348,Forward,Short,"[{""type"": ""Zone"", ""value"": ""Right""}, {""type"": ""PassEndX"", ""value"": ""52.0""}, {""type"": ""PassEndY"", ""value"": ""8.2""}, {""type"": ""Length"", ""value"": ""18.5""}, {""type"": ""Angle"", ""value"": ""5.54""}]"
2944939865.0,64,44.0,SecondHalf,Roberto Alvarado,447636,972,h,52.0,8.2,59.3,15.6,Successful,10.394710193170368,45.38976119531807,Forward,Short,"[{""type"": ""Zone"", ""value"": ""Right""}, {""type"": ""PassEndX"", ""value"": ""59.3""}, {""type"": ""PassEndY"", ""value"": ""15.6""}, {""type"": ""Length"", ""value"": ""9.2""}, {""type"": ""Angle"", ""value"": ""0.58""}]"
2944939875.0,64,59.0,SecondHalf,Jorge Sánchez,447643,972,h,46.6,0.0,31.6,7.4,Successful,16.726027621644057,153.74134044519272,Backward,ThrowIn,"[{""type"": ""Zone"", ""value"": ""Back""}, {""type"": ""ThrowIn""}, {""type"": ""PassEndX"", ""value"": ""31.6""}, {""type"": ""PassEndY"", ""value"": ""7.4""}, {""type"": ""Length"", ""value"": ""17.0""}, {""type"": ""Angle"", ""value"": ""2.76""}]"
2944939877.0,65,5.0,SecondHalf,Edson Álvarez,322696,972,h,29.2,27.1,4.4,50.6,Successful,34.165626000411585,136.54175020856482,Backward,Short,"[{""type"": ""Zone"", ""value"": ""Back""}, {""type"": ""PassEndX"", ""value"": ""4.4""}, {""type"": ""PassEndY"", ""value"": ""50.6""}, {""type"": ""Length"", ""value"": ""30.6""}, {""type"": ""Angle"", ""value"": ""2.59""}]"
2944939879.0,65,12.0,SecondHalf,Raúl Rangel,527319,972,h,4.4,50.6,35.7,7.6,Successful,53.185430335760195,-53.94886557968968,Forward,Chipped,"[{""type"": ""Longball""}, {""type"": ""Zone"", ""value"": ""Back""}, {""type"": ""PassEndX"", ""value"": ""35.7""}, {""type"": ""PassEndY"", ""value"": ""7.6""}, {""type"": ""Chipped""}, {""type"": ""Length"", ""value"": ""44.0""}, {""type"": ""Angle"", ""value"": ""5.56""}]"
2944939881.0,65,15.0,SecondHalf,Jorge Sánchez,447643,972,h,35.7,7.6,41.1,12.9,Successful,7.566372975210777,44.46454101443548,Forward,Short,"[{""type"": ""HeadPass""}, {""type"": ""Zone"", ""value"": ""Back""}, {""type"": ""PassEndX"", ""value"": ""41.1""}, {""type"": ""PassEndY"", ""value"": ""12.9""}, {""type"": ""Length"", ""value"": ""6.7""}, {""type"": ""Angle"", ""value"": ""0.57""}]"
2944939883.0,65,17.0,SecondHalf,Raúl Jiménez,108186,972,h,42.4,12.9,42.1,8.5,Successful,4.41021541423999,-93.90049374238185,Lateral,Short,"[{""type"": ""Zone"", ""value"": ""Back""}, {""type"": ""PassEndX"", ""value"": ""42.1""}, {""type"": ""PassEndY"", ""value"": ""8.5""}, {""type"": ""LayOff""}, {""type"": ""Length"", ""value"": ""3.0""}, {""type"": ""Angle"", ""value"": ""4.61""}]"
2944939891.0,65,34.0,SecondHalf,Seol Young-Woo,477549,1159,a,53.2,100.0,61.0,81.5,Unsuccessful,20.07710138441304,-67.13866001630632,Forward,ThrowIn,"[{""type"": ""Zone"", ""value"": ""Left""}, {""type"": ""ThrowIn""}, {""type"": ""PassEndX"", ""value"": ""61.0""}, {""type"": ""PassEndY"", ""value"": ""81.5""}, {""type"": ""Length"", ""value"": ""15.8""}, {""type"": ""Angle"", ""value"": ""5.26""}]"
2944939897.0,65,38.0,SecondHalf,Érik Lira,447638,972,h,42.2,34.4,45.4,45.8,Successful,11.840608092492545,74.32047587758076,Lateral,Short,"[{""type"": ""Zone"", ""value"": ""Back""}, {""type"": ""PassEndX"", ""value"": ""45.4""}, {""type"": ""PassEndY"", ""value"": ""45.8""}, {""type"": ""Length"", ""value"": ""8.4""}, {""type"": ""Angle"", ""value"": ""1.16""}]"
2944939899.0,65,39.0,SecondHalf,Julián Quiñones,509557,972,h,45.6,44.8,47.2,41.3,Successful,3.848376280978772,-65.43282867939867,Lateral,Short,"[{""type"": ""Zone"", ""value"": ""Back""}, {""type"": ""PassEndX"", ""value"": ""47.2""}, {""type"": ""PassEndY"", ""value"": ""41.3""}, {""type"": ""Length"", ""value"": ""2.9""}, {""type"": ""Angle"", ""value"": ""5.33""}]"
2944939901.0,65,40.0,SecondHalf,Érik Lira,447638,972,h,55.5,46.3,68.9,65.2,Successful,23.168297304722252,54.66356094730059,Forward,Short,"[{""type"": ""Zone"", ""value"": ""Center""}, {""type"": ""PassEndX"", ""value"": ""68.9""}, {""type"": ""PassEndY"", ""value"": ""65.2""}, {""type"": ""Length"", ""value"": ""19.1""}, {""type"": ""Angle"", ""value"": ""0.74""}]"
2944939903.0,65,44.0,SecondHalf,Julián Quiñones,509557,972,h,72.6,63.0,74.3,61.7,Unsuccessful,2.14009345590327,-37.40535663140845,Lateral,Short,"[{""type"": ""Zone"", ""value"": ""Center""}, {""type"": ""PassEndX"", ""value"": ""74.3""}, {""type"": ""PassEndY"", ""value"": ""61.7""}, {""type"": ""Length"", ""value"": ""2.0""}, {""type"": ""Angle"", ""value"": ""5.82""}, {""type"": ""OppositeRelatedEvent"", ""value"": ""664""}, {""type"": ""Offensive""}]"
2944939909.0,65,51.0,SecondHalf,Johan Vásquez,425115,972,h,44.7,80.6,51.8,73.8,Successful,9.831073186585474,-43.763592397143874,Forward,Short,"[{""type"": ""Zone"", ""value"": ""Center""}, {""type"": ""PassEndX"", ""value"": ""51.8""}, {""type"": ""PassEndY"", ""value"": ""73.8""}, {""type"": ""Length"", ""value"": ""8.8""}, {""type"": ""Angle"", ""value"": ""5.73""}]"
2944939911.0,65,52.0,SecondHalf,Érik Lira,447638,972,h,48.5,74.1,42.1,83.2,Successful,11.125196627475855,125.11859387964977,Backward,Short,"[{""type"": ""Zone"", ""value"": ""Back""}, {""type"": ""PassEndX"", ""value"": ""42.1""}, {""type"": ""PassEndY"", ""value"": ""83.2""}, {""type"": ""Length"", ""value"": ""9.1""}, {""type"": ""Angle"", ""value"": ""2.40""}]"
2944939913.0,65,54.0,SecondHalf,Johan Vásquez,425115,972,h,42.1,83.2,32.1,60.6,Successful,24.7135590314305,-113.86833001330736,Backward,Short,"[{""type"": ""Zone"", ""value"": ""Back""}, {""type"": ""PassEndX"", ""value"": ""32.1""}, {""type"": ""PassEndY"", ""value"": ""60.6""}, {""type"": ""Length"", ""value"": ""18.6""}, {""type"": ""Angle"", ""value"": ""4.11""}]"
2944939917.0,65,59.0,SecondHalf,Edson Álvarez,322696,972,h,30.5,48.1,31.6,6.4,Successful,41.71450587026053,-88.48895096132108,Lateral,Short,"[{""type"": ""Zone"", ""value"": ""Back""}, {""type"": ""PassEndX"", ""value"": ""31.6""}, {""type"": ""PassEndY"", ""value"": ""6.4""}, {""type"": ""Length"", ""value"": ""28.4""}, {""type"": ""Angle"", ""value"": ""4.75""}]"
2944939919.0,66,4.0,SecondHalf,Jorge Sánchez,447643,972,h,30.2,6.8,5.2,30.6,Successful,34.517242068276545,136.40862873533848,Backward,Short,"[{""type"": ""Zone"", ""value"": ""Back""}, {""type"": ""PassEndX"", ""value"": ""5.2""}, {""type"": ""PassEndY"", ""value"": ""30.6""}, {""type"": ""Length"", ""value"": ""30.8""}, {""type"": ""Angle"", ""value"": ""2.59""}]"
2944939921.0,66,7.0,SecondHalf,Raúl Rangel,527319,972,h,5.2,30.6,61.5,25.2,Successful,56.558376921548934,-5.478750115609554,Forward,Short,"[{""type"": ""Longball""}, {""type"": ""Zone"", ""value"": ""Center""}, {""type"": ""PassEndX"", ""value"": ""61.5""}, {""type"": ""PassEndY"", ""value"": ""25.2""}, {""type"": ""Length"", ""value"": ""59.2""}, {""type"": ""Angle"", ""value"": ""6.22""}]"
2944939927.0,66,15.0,SecondHalf,Lee Han-Beom,531031,1159,a,31.6,60.6,66.8,89.0,Successful,45.22830971858223,38.89722034634422,Forward,Chipped,"[{""type"": ""Longball""}, {""type"": ""Zone"", ""value"": ""Left""}, {""type"": ""PassEndX"", ""value"": ""66.8""}, {""type"": ""PassEndY"", ""value"": ""89.0""}, {""type"": ""Chipped""}, {""type"": ""Length"", ""value"": ""41.7""}, {""type"": ""Angle"", ""value"": ""0.48""}]"
2944939929.0,66,22.0,SecondHalf,Hwang Hee-Chan,262854,1159,a,76.5,89.7,84.6,92.4,Successful,8.53814968245462,18.434948822922042,Forward,Short,"[{""type"": ""Zone"", ""value"": ""Left""}, {""type"": ""PassEndX"", ""value"": ""84.6""}, {""type"": ""PassEndY"", ""value"": ""92.4""}, {""type"": ""Length"", ""value"": ""8.7""}, {""type"": ""Angle"", ""value"": ""0.21""}]"
2944939931.0,66,27.0,SecondHalf,Seol Young-Woo,477549,1159,a,86.3,85.9,73.9,81.2,Successful,13.260844618650799,-159.24167572845357,Backward,Short,"[{""type"": ""Zone"", ""value"": ""Left""}, {""type"": ""PassEndX"", ""value"": ""73.9""}, {""type"": ""PassEndY"", ""value"": ""81.2""}, {""type"": ""Length"", ""value"": ""13.4""}, {""type"": ""Angle"", ""value"": ""3.38""}]"
2944939933.0,66,29.0,SecondHalf,Paik Seung-Ho,362786,1159,a,71.7,78.2,84.9,39.7,Successful,40.7,-71.07535558394876,Forward,Cross,"[{""type"": ""Cross""}, {""type"": ""RightFoot""}, {""type"": ""Zone"", ""value"": ""Center""}, {""type"": ""PassEndX"", ""value"": ""84.9""}, {""type"": ""PassEndY"", ""value"": ""39.7""}, {""type"": ""Chipped""}, {""type"": ""Length"", ""value"": ""29.6""}, {""type"": ""Angle"", ""value"": ""5.20""}]"
2944939935.0,66,31.0,SecondHalf,Oh Hyeon-Gyu,461463,1159,a,86.8,44.0,81.3,43.6,Successful,5.514526271584895,-175.84035770628736,Backward,Short,"[{""type"": ""Zone"", ""value"": ""Center""}, {""type"": ""PassEndX"", ""value"": ""81.3""}, {""type"": ""PassEndY"", ""value"": ""43.6""}, {""type"": ""LayOff""}, {""type"": ""Length"", ""value"": ""5.8""}, {""type"": ""Angle"", ""value"": ""3.19""}]"
2944939937.0,66,33.0,SecondHalf,Lee Kang-In,367780,1159,a,81.6,46.0,73.8,46.4,Successful,7.810249675906651,177.06432655357884,Backward,Short,"[{""type"": ""Zone"", ""value"": ""Center""}, {""type"": ""PassEndX"", ""value"": ""73.8""}, {""type"": ""PassEndY"", ""value"": ""46.4""}, {""type"": ""Length"", ""value"": ""8.2""}, {""type"": ""Angle"", ""value"": ""3.11""}]"
2944939939.0,66,35.0,SecondHalf,Hwang In-Beom,371030,1159,a,69.1,45.2,80.4,29.0,Successful,19.751708786836655,-55.10303700085153,Forward,Short,"[{""type"": ""Zone"", ""value"": ""Center""}, {""type"": ""PassEndX"", ""value"": ""80.4""}, {""type"": ""PassEndY"", ""value"": ""29.0""}, {""type"": ""Length"", ""value"": ""16.2""}, {""type"": ""Angle"", ""value"": ""5.53""}]"
2944939941.0,66,36.0,SecondHalf,Kim Moon-Hwan,414214,1159,a,80.4,29.0,79.1,36.2,Successful,7.316419889536143,100.2348027634233,Lateral,Short,"[{""type"": ""Zone"", ""value"": ""Center""}, {""type"": ""PassEndX"", ""value"": ""79.1""}, {""type"": ""PassEndY"", ""value"": ""36.2""}, {""type"": ""Length"", ""value"": ""5.1""}, {""type"": ""Angle"", ""value"": ""1.84""}]"
2944939949.0,66,46.0,SecondHalf,Hwang In-Beom,371030,1159,a,77.0,0.0,66.6,10.6,Successful,14.849915824677261,134.4543424065843,Backward,ThrowIn,"[{""type"": ""Zone"", ""value"": ""Right""}, {""type"": ""ThrowIn""}, {""type"": ""PassEndX"", ""value"": ""66.6""}, {""type"": ""PassEndY"", ""value"": ""10.6""}, {""type"": ""Length"", ""value"": ""13.4""}, {""type"": ""Angle"", ""value"": ""2.52""}]"
2944939951.0,66,47.0,SecondHalf,Lee Han-Beom,531031,1159,a,66.6,10.6,71.8,2.5,Successful,9.625487000666514,-57.300538878998076,Forward,Short,"[{""type"": ""Zone"", ""value"": ""Right""}, {""type"": ""PassEndX"", ""value"": ""71.8""}, {""type"": ""PassEndY"", ""value"": ""2.5""}, {""type"": ""Length"", ""value"": ""7.8""}, {""type"": ""Angle"", ""value"": ""5.49""}]"
2944939953.0,66,48.0,SecondHalf,Hwang In-Beom,371030,1159,a,72.0,2.2,65.7,26.2,Successful,24.813101378102655,104.70830389968275,Backward,Short,"[{""type"": ""Zone"", ""value"": ""Center""}, {""type"": ""PassEndX"", ""value"": ""65.7""}, {""type"": ""PassEndY"", ""value"": ""26.2""}, {""type"": ""Length"", ""value"": ""17.6""}, {""type"": ""Angle"", ""value"": ""1.96""}]"
2944939955.0,66,52.0,SecondHalf,Paik Seung-Ho,362786,1159,a,69.1,23.0,63.1,12.7,Successful,11.920151005754915,-120.22183826706262,Backward,Short,"[{""type"": ""Zone"", ""value"": ""Right""}, {""type"": ""PassEndX"", ""value"": ""63.1""}, {""type"": ""PassEndY"", ""value"": ""12.7""}, {""type"": ""Length"", ""value"": ""9.4""}, {""type"": ""Angle"", ""value"": ""3.98""}]"
2944939957.0,66,56.0,SecondHalf,Lee Han-Beom,531031,1159,a,62.8,11.8,56.0,37.6,Successful,26.68107943843352,104.76542310992855,Backward,Short,"[{""type"": ""Zone"", ""value"": ""Center""}, {""type"": ""PassEndX"", ""value"": ""56.0""}, {""type"": ""PassEndY"", ""value"": ""37.6""}, {""type"": ""Length"", ""value"": ""18.9""}, {""type"": ""Angle"", ""value"": ""1.96""}]"
2944939959.0,66,58.0,SecondHalf,Kim Min-Jae,370912,1159,a,56.0,37.6,61.8,30.5,Successful,9.167878707749137,-50.754565331102214,Forward,Short,"[{""type"": ""Zone"", ""value"": ""Center""}, {""type"": ""PassEndX"", ""value"": ""61.8""}, {""type"": ""PassEndY"", ""value"": ""30.5""}, {""type"": ""Length"", ""value"": ""7.8""}, {""type"": ""Angle"", ""value"": ""5.61""}]"
2944939961.0,67,0.0,SecondHalf,Lee Kang-In,367780,1159,a,61.8,30.5,53.7,43.9,Successful,15.65790535161073,121.15202238083998,Backward,Short,"[{""type"": ""Zone"", ""value"": ""Center""}, {""type"": ""PassEndX"", ""value"": ""53.7""}, {""type"": ""PassEndY"", ""value"": ""43.9""}, {""type"": ""Length"", ""value"": ""12.5""}, {""type"": ""Angle"", ""value"": ""2.32""}]"
2944939963.0,67,1.0,SecondHalf,Kim Min-Jae,370912,1159,a,53.7,43.9,59.7,33.4,Successful,12.093386622447824,-60.25511870305778,Forward,Short,"[{""type"": ""Zone"", ""value"": ""Center""}, {""type"": ""PassEndX"", ""value"": ""59.7""}, {""type"": ""PassEndY"", ""value"": ""33.4""}, {""type"": ""Length"", ""value"": ""9.5""}, {""type"": ""Angle"", ""value"": ""5.44""}]"
2944939965.0,67,3.0,SecondHalf,Lee Kang-In,367780,1159,a,59.9,26.8,57.7,11.6,Successful,15.358385331798392,-98.23561932420948,Lateral,Short,"[{""type"": ""Zone"", ""value"": ""Right""}, {""type"": ""PassEndX"", ""value"": ""57.7""}, {""type"": ""PassEndY"", ""value"": ""11.6""}, {""type"": ""Length"", ""value"": ""10.6""}, {""type"": ""Angle"", ""value"": ""4.49""}]"
2944939973.0,67,5.0,SecondHalf,Lee Han-Beom,531031,1159,a,57.3,11.0,69.9,2.6,Successful,15.143315356948762,-33.69006752597977,Forward,Short,"[{""type"": ""Zone"", ""value"": ""Right""}, {""type"": ""PassEndX"", ""value"": ""69.9""}, {""type"": ""PassEndY"", ""value"": ""2.6""}, {""type"": ""Length"", ""value"": ""14.4""}, {""type"": ""Angle"", ""value"": ""5.88""}]"
2944939975.0,67,9.0,SecondHalf,Paik Seung-Ho,362786,1159,a,69.9,2.6,71.2,3.7,Unsuccessful,1.702938636592638,40.23635830927388,Lateral,Short,"[{""type"": ""Zone"", ""value"": ""Right""}, {""type"": ""PassEndX"", ""value"": ""71.2""}, {""type"": ""PassEndY"", ""value"": ""3.7""}, {""type"": ""Length"", ""value"": ""1.6""}, {""type"": ""Angle"", ""value"": ""0.50""}, {""type"": ""OppositeRelatedEvent"", ""value"": ""581""}, {""type"": ""Offensive""}]"
2944940007.0,71,2.0,SecondHalf,Eom Ji-Sung,458184,1159,a,87.5,0.0,90.9,43.0,Successful,43.13420916163874,85.47904210041858,Lateral,ThrowIn,"[{""type"": ""Longball""}, {""type"": ""Zone"", ""value"": ""Center""}, {""type"": ""ThrowIn""}, {""type"": ""PassEndX"", ""value"": ""90.9""}, {""type"": ""PassEndY"", ""value"": ""43.0""}, {""type"": ""Length"", ""value"": ""30.3""}, {""type"": ""Angle"", ""value"": ""1.45""}]"
2944940021.0,71,4.0,SecondHalf,Lee Han-Beom,531031,1159,a,94.8,38.2,94.7,40.0,Unsuccessful,1.8027756377319915,93.17983011986406,Lateral,Short,"[{""type"": ""HeadPass""}, {""type"": ""Zone"", ""value"": ""Center""}, {""type"": ""PassEndX"", ""value"": ""94.7""}, {""type"": ""PassEndY"", ""value"": ""40.0""}, {""type"": ""Length"", ""value"": ""1.2""}, {""type"": ""Angle"", ""value"": ""1.66""}]"
2944940013.0,71,8.0,SecondHalf,Raúl Jiménez,108186,972,h,12.9,76.3,8.5,73.2,Successful,5.382378656319153,-144.83356396420717,Lateral,Short,"[{""type"": ""Zone"", ""value"": ""Back""}, {""type"": ""PassEndX"", ""value"": ""8.5""}, {""type"": ""PassEndY"", ""value"": ""73.2""}, {""type"": ""LayOff""}, {""type"": ""Length"", ""value"": ""5.1""}, {""type"": ""Angle"", ""value"": ""3.57""}]"
2944940017.0,71,14.0,SecondHalf,Paik Seung-Ho,362786,1159,a,42.2,65.7,43.6,100.0,Unsuccessful,34.328559538669836,87.66269414087618,Lateral,Short,"[{""type"": ""Longball""}, {""type"": ""Zone"", ""value"": ""Back""}, {""type"": ""PassEndX"", ""value"": ""43.6""}, {""type"": ""PassEndY"", ""value"": ""100.0""}, {""type"": ""Length"", ""value"": ""24.5""}, {""type"": ""Angle"", ""value"": ""1.51""}]"
2944940025.0,71,33.0,SecondHalf,Jorge Sánchez,447643,972,h,51.1,0.0,35.3,6.2,Successful,16.972919607421705,158.57470620191262,Backward,ThrowIn,"[{""type"": ""Zone"", ""value"": ""Back""}, {""type"": ""ThrowIn""}, {""type"": ""PassEndX"", ""value"": ""35.3""}, {""type"": ""PassEndY"", ""value"": ""6.2""}, {""type"": ""Length"", ""value"": ""17.5""}, {""type"": ""Angle"", ""value"": ""2.82""}]"
2944940027.0,71,40.0,SecondHalf,Edson Álvarez,322696,972,h,37.3,8.9,31.6,26.1,Successful,18.119878586789703,108.33495629003524,Backward,Short,"[{""type"": ""Zone"", ""value"": ""Back""}, {""type"": ""PassEndX"", ""value"": ""31.6""}, {""type"": ""PassEndY"", ""value"": ""26.1""}, {""type"": ""Length"", ""value"": ""13.1""}, {""type"": ""Angle"", ""value"": ""2.04""}]"
2944940029.0,71,44.0,SecondHalf,Obed Vargas,419580,972,h,28.3,38.0,21.6,71.5,Successful,34.16343074107166,101.30993247402021,Backward,Short,"[{""type"": ""Zone"", ""value"": ""Back""}, {""type"": ""PassEndX"", ""value"": ""21.6""}, {""type"": ""PassEndY"", ""value"": ""71.5""}, {""type"": ""Length"", ""value"": ""23.8""}, {""type"": ""Angle"", ""value"": ""1.87""}]"
2944940031.0,71,47.0,SecondHalf,Johan Vásquez,425115,972,h,23.9,79.1,22.2,95.1,Successful,16.090059042775447,96.06492244544796,Lateral,Short,"[{""type"": ""Zone"", ""value"": ""Back""}, {""type"": ""PassEndX"", ""value"": ""22.2""}, {""type"": ""PassEndY"", ""value"": ""95.1""}, {""type"": ""Length"", ""value"": ""11.0""}, {""type"": ""Angle"", ""value"": ""1.73""}]"
2944940033.0,71,50.0,SecondHalf,Jesús Gallardo,252248,972,h,22.5,95.7,68.1,86.8,Unsuccessful,46.460413256879235,-11.043892353626624,Forward,Short,"[{""type"": ""Longball""}, {""type"": ""Zone"", ""value"": ""Left""}, {""type"": ""PassEndX"", ""value"": ""68.1""}, {""type"": ""PassEndY"", ""value"": ""86.8""}, {""type"": ""Length"", ""value"": ""48.3""}, {""type"": ""Angle"", ""value"": ""6.16""}]"
2944940035.0,71,53.0,SecondHalf,Kim Min-Jae,370912,1159,a,30.9,22.9,41.7,32.6,Successful,14.51654228802438,41.92853788292961,Forward,Short,"[{""type"": ""HeadPass""}, {""type"": ""Zone"", ""value"": ""Back""}, {""type"": ""PassEndX"", ""value"": ""41.7""}, {""type"": ""PassEndY"", ""value"": ""32.6""}, {""type"": ""Length"", ""value"": ""13.1""}, {""type"": ""Angle"", ""value"": ""0.53""}]"
2944940039.0,71,56.0,SecondHalf,Paik Seung-Ho,362786,1159,a,41.9,31.4,36.8,10.6,Successful,21.416115427406528,-103.77669471324641,Backward,Short,"[{""type"": ""Zone"", ""value"": ""Back""}, {""type"": ""PassEndX"", ""value"": ""36.8""}, {""type"": ""PassEndY"", ""value"": ""10.6""}, {""type"": ""Length"", ""value"": ""15.1""}, {""type"": ""Angle"", ""value"": ""4.35""}]"
2944940041.0,71,58.0,SecondHalf,Lee Han-Beom,531031,1159,a,37.7,15.1,29.9,30.4,Successful,17.173526137634056,117.01266534793857,Backward,Short,"[{""type"": ""Zone"", ""value"": ""Back""}, {""type"": ""PassEndX"", ""value"": ""29.9""}, {""type"": ""PassEndY"", ""value"": ""30.4""}, {""type"": ""Length"", ""value"": ""13.2""}, {""type"": ""Angle"", ""value"": ""2.24""}]"
2944940043.0,72,3.0,SecondHalf,Kim Min-Jae,370912,1159,a,31.8,34.3,36.0,26.2,Successful,9.124143795447328,-62.59242456218159,Lateral,Short,"[{""type"": ""Zone"", ""value"": ""Back""}, {""type"": ""PassEndX"", ""value"": ""36.0""}, {""type"": ""PassEndY"", ""value"": ""26.2""}, {""type"": ""Length"", ""value"": ""7.1""}, {""type"": ""Angle"", ""value"": ""5.39""}]"
2944940045.0,72,6.0,SecondHalf,Hwang In-Beom,371030,1159,a,41.0,31.6,34.7,53.6,Successful,22.884274076317123,105.97978712099012,Backward,Short,"[{""type"": ""Zone"", ""value"": ""Back""}, {""type"": ""PassEndX"", ""value"": ""34.7""}, {""type"": ""PassEndY"", ""value"": ""53.6""}, {""type"": ""Length"", ""value"": ""16.4""}, {""type"": ""Angle"", ""value"": ""1.99""}]"
2944940047.0,72,9.0,SecondHalf,Kim Min-Jae,370912,1159,a,40.0,47.3,43.0,88.1,Successful,40.91014544095388,85.79464299829141,Lateral,Short,"[{""type"": ""Zone"", ""value"": ""Back""}, {""type"": ""PassEndX"", ""value"": ""43.0""}, {""type"": ""PassEndY"", ""value"": ""88.1""}, {""type"": ""Length"", ""value"": ""27.9""}, {""type"": ""Angle"", ""value"": ""1.46""}]"
2944940049.0,72,12.0,SecondHalf,Lee Gi-Hyuk,447593,1159,a,43.0,88.1,41.7,60.0,Successful,28.13005510126135,-92.64880575945863,Lateral,Short,"[{""type"": ""Zone"", ""value"": ""Back""}, {""type"": ""PassEndX"", ""value"": ""41.7""}, {""type"": ""PassEndY"", ""value"": ""60.0""}, {""type"": ""Length"", ""value"": ""19.2""}, {""type"": ""Angle"", ""value"": ""4.64""}]"
2944940051.0,72,14.0,SecondHalf,Kim Min-Jae,370912,1159,a,41.7,60.0,30.5,97.1,Successful,38.75370949986594,106.7983717813053,Backward,Short,"[{""type"": ""Zone"", ""value"": ""Back""}, {""type"": ""PassEndX"", ""value"": ""30.5""}, {""type"": ""PassEndY"", ""value"": ""97.1""}, {""type"": ""Length"", ""value"": ""27.8""}, {""type"": ""Angle"", ""value"": ""2.01""}]"
2944940053.0,72,18.0,SecondHalf,Lee Gi-Hyuk,447593,1159,a,30.5,97.1,45.0,89.7,Successful,16.279127740760554,-27.03725844848337,Forward,Short,"[{""type"": ""Zone"", ""value"": ""Back""}, {""type"": ""PassEndX"", ""value"": ""45.0""}, {""type"": ""PassEndY"", ""value"": ""89.7""}, {""type"": ""Length"", ""value"": ""16.0""}, {""type"": ""Angle"", ""value"": ""5.96""}]"
2944940055.0,72,24.0,SecondHalf,Eom Ji-Sung,458184,1159,a,30.4,96.2,9.0,65.6,Successful,37.340594531956775,-124.96687944566882,Backward,Short,"[{""type"": ""Zone"", ""value"": ""Back""}, {""type"": ""PassEndX"", ""value"": ""9.0""}, {""type"": ""PassEndY"", ""value"": ""65.6""}, {""type"": ""Length"", ""value"": ""30.6""}, {""type"": ""Angle"", ""value"": ""3.89""}]"
2944940057.0,72,33.0,SecondHalf,Kim Seung-Gyu,71968,1159,a,11.0,51.9,14.2,67.5,Successful,15.924823389915508,78.40782458970894,Lateral,Short,"[{""type"": ""Zone"", ""value"": ""Back""}, {""type"": ""PassEndX"", ""value"": ""14.2""}, {""type"": ""PassEndY"", ""value"": ""67.5""}, {""type"": ""Length"", ""value"": ""11.1""}, {""type"": ""Angle"", ""value"": ""1.26""}]"
2944940059.0,72,38.0,SecondHalf,Kim Min-Jae,370912,1159,a,14.0,62.0,7.6,38.2,Successful,24.645486402179202,-105.05121999259099,Backward,Short,"[{""type"": ""Zone"", ""value"": ""Back""}, {""type"": ""PassEndX"", ""value"": ""7.6""}, {""type"": ""PassEndY"", ""value"": ""38.2""}, {""type"": ""Length"", ""value"": ""17.5""}, {""type"": ""Angle"", ""value"": ""4.32""}]"
2944940061.0,72,40.0,SecondHalf,Kim Seung-Gyu,71968,1159,a,7.9,32.0,67.6,16.3,Unsuccessful,61.72989551262823,-14.734114324103702,Forward,Short,"[{""type"": ""Longball""}, {""type"": ""Zone"", ""value"": ""Right""}, {""type"": ""PassEndX"", ""value"": ""67.6""}, {""type"": ""PassEndY"", ""value"": ""16.3""}, {""type"": ""Length"", ""value"": ""63.6""}, {""type"": ""Angle"", ""value"": ""6.11""}]"
2944940063.0,72,42.0,SecondHalf,Jesús Gallardo,252248,972,h,32.4,83.7,58.1,77.5,Successful,26.4372842780797,-13.563169800502424,Forward,Short,"[{""type"": ""HeadPass""}, {""type"": ""Zone"", ""value"": ""Center""}, {""type"": ""PassEndX"", ""value"": ""58.1""}, {""type"": ""PassEndY"", ""value"": ""77.5""}, {""type"": ""Length"", ""value"": ""27.3""}, {""type"": ""Angle"", ""value"": ""6.13""}]"
2944940067.0,72,46.0,SecondHalf,Obed Vargas,419580,972,h,58.3,77.5,62.7,88.3,Successful,11.661903789690601,67.83365417791752,Lateral,Short,"[{""type"": ""Zone"", ""value"": ""Left""}, {""type"": ""PassEndX"", ""value"": ""62.7""}, {""type"": ""PassEndY"", ""value"": ""88.3""}, {""type"": ""Length"", ""value"": ""8.7""}, {""type"": ""Angle"", ""value"": ""1.01""}]"
2944940069.0,72,47.0,SecondHalf,Julián Quiñones,509557,972,h,62.7,88.4,63.9,86.0,Unsuccessful,2.683281572999751,-63.434948822922145,Lateral,Short,"[{""type"": ""Zone"", ""value"": ""Left""}, {""type"": ""PassEndX"", ""value"": ""63.9""}, {""type"": ""PassEndY"", ""value"": ""86.0""}, {""type"": ""Length"", ""value"": ""2.1""}, {""type"": ""Angle"", ""value"": ""5.37""}, {""type"": ""OppositeRelatedEvent"", ""value"": ""738""}, {""type"": ""Offensive""}]"
2944940073.0,72,48.0,SecondHalf,Lee Han-Beom,531031,1159,a,33.2,10.1,38.2,17.0,Successful,8.521150157109075,54.07149757717717,Lateral,Short,"[{""type"": ""Zone"", ""value"": ""Back""}, {""type"": ""PassEndX"", ""value"": ""38.2""}, {""type"": ""PassEndY"", ""value"": ""17.0""}, {""type"": ""Length"", ""value"": ""7.0""}, {""type"": ""Angle"", ""value"": ""0.73""}]"
2944940075.0,72,50.0,SecondHalf,Yang Hyun-Jun,457093,1159,a,38.3,18.4,35.4,30.1,Unsuccessful,12.054044964243333,103.92096036492075,Lateral,Short,"[{""type"": ""Zone"", ""value"": ""Back""}, {""type"": ""PassEndX"", ""value"": ""35.4""}, {""type"": ""PassEndY"", ""value"": ""30.1""}, {""type"": ""Length"", ""value"": ""8.5""}, {""type"": ""Angle"", ""value"": ""1.94""}]"
2944940077.0,72,51.0,SecondHalf,Orbelín Pineda,228547,972,h,65.2,77.6,56.0,69.9,Successful,11.997082978791132,-140.07213287251457,Backward,Short,"[{""type"": ""Zone"", ""value"": ""Center""}, {""type"": ""PassEndX"", ""value"": ""56.0""}, {""type"": ""PassEndY"", ""value"": ""69.9""}, {""type"": ""Length"", ""value"": ""11.0""}, {""type"": ""Angle"", ""value"": ""3.64""}]"
2944940079.0,72,53.0,SecondHalf,Érik Lira,447638,972,h,56.3,67.9,51.0,75.2,Successful,9.021086409075124,125.98067756861832,Backward,Short,"[{""type"": ""Zone"", ""value"": ""Center""}, {""type"": ""PassEndX"", ""value"": ""51.0""}, {""type"": ""PassEndY"", ""value"": ""75.2""}, {""type"": ""Length"", ""value"": ""7.5""}, {""type"": ""Angle"", ""value"": ""2.41""}]"
2944940081.0,72,54.0,SecondHalf,Johan Vásquez,425115,972,h,51.1,72.0,58.9,92.3,Successful,21.746953809671822,68.98140471489891,Forward,Short,"[{""type"": ""Zone"", ""value"": ""Left""}, {""type"": ""PassEndX"", ""value"": ""58.9""}, {""type"": ""PassEndY"", ""value"": ""92.3""}, {""type"": ""Length"", ""value"": ""16.1""}, {""type"": ""Angle"", ""value"": ""1.04""}]"
2944940087.0,73,29.0,SecondHalf,Érik Lira,447638,972,h,60.8,93.6,72.5,95.9,Successful,11.923925528113639,11.121460194890403,Forward,Short,"[{""type"": ""FreekickTaken""}, {""type"": ""Zone"", ""value"": ""Left""}, {""type"": ""PassEndX"", ""value"": ""72.5""}, {""type"": ""PassEndY"", ""value"": ""95.9""}, {""type"": ""Length"", ""value"": ""12.4""}, {""type"": ""Angle"", ""value"": ""0.13""}]"
2944940095.0,73,37.0,SecondHalf,Hwang In-Beom,371030,1159,a,9.8,20.6,31.2,56.7,Successful,41.96629600048115,59.340631750019845,Forward,Chipped,"[{""type"": ""Longball""}, {""type"": ""Zone"", ""value"": ""Back""}, {""type"": ""PassEndX"", ""value"": ""31.2""}, {""type"": ""PassEndY"", ""value"": ""56.7""}, {""type"": ""Chipped""}, {""type"": ""Length"", ""value"": ""33.3""}, {""type"": ""Angle"", ""value"": ""0.83""}]"
2944940097.0,73,40.0,SecondHalf,Hwang Hee-Chan,262854,1159,a,31.8,52.6,42.2,55.1,Successful,10.696261028976435,13.516568108791319,Forward,Chipped,"[{""type"": ""Zone"", ""value"": ""Back""}, {""type"": ""PassEndX"", ""value"": ""42.2""}, {""type"": ""PassEndY"", ""value"": ""55.1""}, {""type"": ""Chipped""}, {""type"": ""Length"", ""value"": ""11.1""}, {""type"": ""Angle"", ""value"": ""0.15""}]"
2944940105.0,73,48.0,SecondHalf,Obed Vargas,419580,972,h,58.3,66.0,44.8,50.4,Successful,20.630317496345032,-130.87240829748828,Backward,Short,"[{""type"": ""Zone"", ""value"": ""Back""}, {""type"": ""PassEndX"", ""value"": ""44.8""}, {""type"": ""PassEndY"", ""value"": ""50.4""}, {""type"": ""Length"", ""value"": ""17.7""}, {""type"": ""Angle"", ""value"": ""3.78""}]"
2944940107.0,73,50.0,SecondHalf,Edson Álvarez,322696,972,h,44.8,50.4,55.1,56.7,Successful,12.073938876770917,31.45206101199951,Forward,Short,"[{""type"": ""Zone"", ""value"": ""Center""}, {""type"": ""PassEndX"", ""value"": ""55.1""}, {""type"": ""PassEndY"", ""value"": ""56.7""}, {""type"": ""Length"", ""value"": ""11.6""}, {""type"": ""Angle"", ""value"": ""0.38""}]"
2944940109.0,73,52.0,SecondHalf,Obed Vargas,419580,972,h,55.1,56.7,39.1,67.6,Successful,19.36001033057575,145.73535222808235,Backward,Short,"[{""type"": ""Zone"", ""value"": ""Back""}, {""type"": ""PassEndX"", ""value"": ""39.1""}, {""type"": ""PassEndY"", ""value"": ""67.6""}, {""type"": ""Length"", ""value"": ""18.4""}, {""type"": ""Angle"", ""value"": ""2.73""}]"
2944940111.0,73,55.0,SecondHalf,Johan Vásquez,425115,972,h,40.9,69.3,44.1,88.7,Successful,19.66214637317097,80.63349004298787,Lateral,Short,"[{""type"": ""Zone"", ""value"": ""Back""}, {""type"": ""PassEndX"", ""value"": ""44.1""}, {""type"": ""PassEndY"", ""value"": ""88.7""}, {""type"": ""Length"", ""value"": ""13.6""}, {""type"": ""Angle"", ""value"": ""1.32""}]"
2944940113.0,73,56.0,SecondHalf,Jesús Gallardo,252248,972,h,43.6,90.5,61.9,96.6,Successful,19.28989372702711,18.434948822922,Forward,Short,"[{""type"": ""Zone"", ""value"": ""Left""}, {""type"": ""PassEndX"", ""value"": ""61.9""}, {""type"": ""PassEndY"", ""value"": ""96.6""}, {""type"": ""Length"", ""value"": ""19.7""}, {""type"": ""Angle"", ""value"": ""0.21""}]"
2944940115.0,73,58.0,SecondHalf,Julián Quiñones,509557,972,h,61.9,96.6,45.9,93.3,Successful,16.336768346279506,-168.3461594141657,Backward,Short,"[{""type"": ""Zone"", ""value"": ""Back""}, {""type"": ""PassEndX"", ""value"": ""45.9""}, {""type"": ""PassEndY"", ""value"": ""93.3""}, {""type"": ""Length"", ""value"": ""16.9""}, {""type"": ""Angle"", ""value"": ""3.27""}]"
2944940117.0,74,1.0,SecondHalf,Jesús Gallardo,252248,972,h,42.8,92.4,41.3,86.5,Successful,6.087692502089775,-104.2645122980799,Lateral,Short,"[{""type"": ""Zone"", ""value"": ""Back""}, {""type"": ""PassEndX"", ""value"": ""41.3""}, {""type"": ""PassEndY"", ""value"": ""86.5""}, {""type"": ""Length"", ""value"": ""4.3""}, {""type"": ""Angle"", ""value"": ""4.34""}]"
2944940119.0,74,2.0,SecondHalf,Obed Vargas,419580,972,h,42.2,87.4,50.1,93.0,Successful,9.683491106000972,35.33133133891634,Forward,Short,"[{""type"": ""Zone"", ""value"": ""Left""}, {""type"": ""PassEndX"", ""value"": ""50.1""}, {""type"": ""PassEndY"", ""value"": ""93.0""}, {""type"": ""Length"", ""value"": ""9.1""}, {""type"": ""Angle"", ""value"": ""0.43""}]"
2944940121.0,74,3.0,SecondHalf,Julián Quiñones,509557,972,h,50.1,93.0,47.0,88.1,Successful,5.798275605729695,-122.31961650818016,Lateral,Short,"[{""type"": ""Zone"", ""value"": ""Back""}, {""type"": ""PassEndX"", ""value"": ""47.0""}, {""type"": ""PassEndY"", ""value"": ""88.1""}, {""type"": ""LayOff""}, {""type"": ""Length"", ""value"": ""4.7""}, {""type"": ""Angle"", ""value"": ""3.94""}]"
2944940123.0,74,8.0,SecondHalf,Obed Vargas,419580,972,h,74.8,85.0,100.0,88.6,Unsuccessful,25.455844122715714,8.130102354155966,Forward,Short,"[{""type"": ""Zone"", ""value"": ""Left""}, {""type"": ""PassEndX"", ""value"": ""100.0""}, {""type"": ""PassEndY"", ""value"": ""88.6""}, {""type"": ""Length"", ""value"": ""27.5""}, {""type"": ""Angle"", ""value"": ""0.09""}]"
2944940127.0,74,27.0,SecondHalf,Kim Seung-Gyu,71968,1159,a,3.4,47.9,8.4,35.0,Successful,13.8351002887583,-68.81382355960086,Lateral,GoalKick,"[{""type"": ""Zone"", ""value"": ""Back""}, {""type"": ""GoalKick""}, {""type"": ""PassEndX"", ""value"": ""8.4""}, {""type"": ""PassEndY"", ""value"": ""35.0""}, {""type"": ""Length"", ""value"": ""10.2""}, {""type"": ""Angle"", ""value"": ""5.25""}]"
2944940129.0,74,29.0,SecondHalf,Kim Min-Jae,370912,1159,a,11.1,26.3,39.1,22.6,Unsuccessful,28.24340631014609,-7.527615112420287,Forward,Short,"[{""type"": ""Zone"", ""value"": ""Back""}, {""type"": ""PassEndX"", ""value"": ""39.1""}, {""type"": ""PassEndY"", ""value"": ""22.6""}, {""type"": ""Length"", ""value"": ""29.5""}, {""type"": ""Angle"", ""value"": ""6.20""}]"
2944940135.0,74,31.0,SecondHalf,Jesús Gallardo,252248,972,h,62.8,89.9,66.7,87.4,Successful,4.6324939287601925,-32.66091272167377,Lateral,Short,"[{""type"": ""Zone"", ""value"": ""Left""}, {""type"": ""PassEndX"", ""value"": ""66.7""}, {""type"": ""PassEndY"", ""value"": ""87.4""}, {""type"": ""Length"", ""value"": ""4.4""}, {""type"": ""Angle"", ""value"": ""5.89""}]"
2944940139.0,74,32.0,SecondHalf,Obed Vargas,419580,972,h,66.7,87.4,73.6,91.2,Successful,7.877182237323183,28.84266013541208,Forward,Short,"[{""type"": ""Zone"", ""value"": ""Left""}, {""type"": ""PassEndX"", ""value"": ""73.6""}, {""type"": ""PassEndY"", ""value"": ""91.2""}, {""type"": ""Length"", ""value"": ""7.7""}, {""type"": ""Angle"", ""value"": ""0.34""}]"
2944940141.0,74,37.0,SecondHalf,Julián Quiñones,509557,972,h,74.0,81.2,92.3,37.4,Successful,47.46925320668106,-67.32442697081395,Forward,Cross,"[{""type"": ""Longball""}, {""type"": ""Cross""}, {""type"": ""RightFoot""}, {""type"": ""Zone"", ""value"": ""Center""}, {""type"": ""PassEndX"", ""value"": ""92.3""}, {""type"": ""PassEndY"", ""value"": ""37.4""}, {""type"": ""IntentionalAssist""}, {""type"": ""Chipped""}, {""type"": ""ShotAssist"", ""value"": ""15""}, {""type"": ""Length"", ""value"": ""35.4""}, {""type"": ""Angle"", ""value"": ""5.29""}, {""type"": ""BigChanceCreated""}, {""type"": ""KeyPass""}]"
2944940157.0,75,14.0,SecondHalf,Kim Seung-Gyu,71968,1159,a,19.5,87.0,77.0,66.8,Unsuccessful,60.94497518253658,-19.356596963047565,Forward,Short,"[{""type"": ""Longball""}, {""type"": ""FreekickTaken""}, {""type"": ""Zone"", ""value"": ""Center""}, {""type"": ""PassEndX"", ""value"": ""77.0""}, {""type"": ""PassEndY"", ""value"": ""66.8""}, {""type"": ""Length"", ""value"": ""61.9""}, {""type"": ""Angle"", ""value"": ""6.06""}]"
2944940161.0,75,20.0,SecondHalf,Érik Lira,447638,972,h,33.0,32.4,63.1,44.6,Unsuccessful,32.47845439672276,22.063480978358438,Forward,Short,"[{""type"": ""Longball""}, {""type"": ""Zone"", ""value"": ""Center""}, {""type"": ""PassEndX"", ""value"": ""63.1""}, {""type"": ""PassEndY"", ""value"": ""44.6""}, {""type"": ""Length"", ""value"": ""32.7""}, {""type"": ""Angle"", ""value"": ""0.26""}]"
2944940163.0,75,24.0,SecondHalf,Kim Min-Jae,370912,1159,a,35.9,52.4,33.5,75.3,Successful,23.025420734483877,95.98295650281605,Lateral,Short,"[{""type"": ""Zone"", ""value"": ""Back""}, {""type"": ""PassEndX"", ""value"": ""33.5""}, {""type"": ""PassEndY"", ""value"": ""75.3""}, {""type"": ""Length"", ""value"": ""15.8""}, {""type"": ""Angle"", ""value"": ""1.73""}]"
2944940165.0,75,26.0,SecondHalf,Lee Gi-Hyuk,447593,1159,a,36.6,74.0,52.1,88.8,Successful,21.431052237349427,43.6765705387452,Forward,Short,"[{""type"": ""Zone"", ""value"": ""Left""}, {""type"": ""PassEndX"", ""value"": ""52.1""}, {""type"": ""PassEndY"", ""value"": ""88.8""}, {""type"": ""Length"", ""value"": ""19.1""}, {""type"": ""Angle"", ""value"": ""0.55""}]"
2944940167.0,75,29.0,SecondHalf,Hwang Hee-Chan,262854,1159,a,49.6,85.5,42.8,79.4,Successful,9.135097153287424,-138.10602709561647,Backward,Short,"[{""type"": ""Zone"", ""value"": ""Back""}, {""type"": ""PassEndX"", ""value"": ""42.8""}, {""type"": ""PassEndY"", ""value"": ""79.4""}, {""type"": ""Length"", ""value"": ""8.3""}, {""type"": ""Angle"", ""value"": ""3.67""}]"
2944940169.0,75,30.0,SecondHalf,Paik Seung-Ho,362786,1159,a,43.6,79.4,33.3,83.6,Successful,11.123398761170076,157.8159866547301,Backward,Short,"[{""type"": ""Zone"", ""value"": ""Back""}, {""type"": ""PassEndX"", ""value"": ""33.3""}, {""type"": ""PassEndY"", ""value"": ""83.6""}, {""type"": ""Length"", ""value"": ""11.2""}, {""type"": ""Angle"", ""value"": ""2.88""}]"
2944940171.0,75,33.0,SecondHalf,Lee Gi-Hyuk,447593,1159,a,33.0,81.6,29.3,56.3,Successful,25.569122002915933,-98.32024251736946,Lateral,Short,"[{""type"": ""Zone"", ""value"": ""Back""}, {""type"": ""PassEndX"", ""value"": ""29.3""}, {""type"": ""PassEndY"", ""value"": ""56.3""}, {""type"": ""Length"", ""value"": ""17.6""}, {""type"": ""Angle"", ""value"": ""4.49""}]"
2944940173.0,75,36.0,SecondHalf,Kim Min-Jae,370912,1159,a,26.4,55.8,37.1,40.4,Successful,18.752333188166215,-55.208226358813825,Forward,Short,"[{""type"": ""Zone"", ""value"": ""Back""}, {""type"": ""PassEndX"", ""value"": ""37.1""}, {""type"": ""PassEndY"", ""value"": ""40.4""}, {""type"": ""Length"", ""value"": ""15.4""}, {""type"": ""Angle"", ""value"": ""5.53""}]"
2944940189.0,76,50.0,SecondHalf,Raúl Rangel,527319,972,h,18.7,69.9,65.2,91.2,Unsuccessful,51.14626086039917,24.610835219718297,Forward,Chipped,"[{""type"": ""Longball""}, {""type"": ""FreekickTaken""}, {""type"": ""Zone"", ""value"": ""Left""}, {""type"": ""PassEndX"", ""value"": ""65.2""}, {""type"": ""PassEndY"", ""value"": ""91.2""}, {""type"": ""Chipped""}, {""type"": ""Length"", ""value"": ""50.9""}, {""type"": ""Angle"", ""value"": ""0.29""}, {""type"": ""IndirectFreekickTaken""}]"
2944940199.0,77,10.0,SecondHalf,Jesús Gallardo,252248,972,h,57.6,100.0,69.6,88.1,Successful,16.9,-44.76027010391918,Forward,ThrowIn,"[{""type"": ""Zone"", ""value"": ""Left""}, {""type"": ""ThrowIn""}, {""type"": ""PassEndX"", ""value"": ""69.6""}, {""type"": ""PassEndY"", ""value"": ""88.1""}, {""type"": ""Length"", ""value"": ""15.6""}, {""type"": ""Angle"", ""value"": ""5.65""}]"
2944940201.0,77,12.0,SecondHalf,Raúl Jiménez,108186,972,h,68.5,88.4,66.2,90.3,Unsuccessful,2.983286778035252,140.4403320310056,Lateral,Short,"[{""type"": ""Zone"", ""value"": ""Left""}, {""type"": ""PassEndX"", ""value"": ""66.2""}, {""type"": ""PassEndY"", ""value"": ""90.3""}, {""type"": ""Length"", ""value"": ""2.7""}, {""type"": ""Angle"", ""value"": ""2.65""}]"
2944940205.0,77,14.0,SecondHalf,Julián Quiñones,509557,972,h,66.7,84.2,70.0,77.0,Unsuccessful,7.920227269466452,-65.37643521383642,Lateral,Short,"[{""type"": ""Zone"", ""value"": ""Center""}, {""type"": ""PassEndX"", ""value"": ""70.0""}, {""type"": ""PassEndY"", ""value"": ""77.0""}, {""type"": ""Length"", ""value"": ""6.0""}, {""type"": ""Angle"", ""value"": ""5.33""}]"
2944940217.0,77,15.0,SecondHalf,Hwang In-Beom,371030,1159,a,30.3,34.6,29.3,32.3,Unsuccessful,2.5079872407968944,-113.49856567595207,Lateral,Short,"[{""type"": ""Zone"", ""value"": ""Back""}, {""type"": ""PassEndX"", ""value"": ""29.3""}, {""type"": ""PassEndY"", ""value"": ""32.3""}, {""type"": ""Length"", ""value"": ""1.9""}, {""type"": ""Angle"", ""value"": ""4.12""}, {""type"": ""OppositeRelatedEvent"", ""value"": ""650""}, {""type"": ""Offensive""}]"
2944940209.0,77,16.0,SecondHalf,Hwang In-Beom,371030,1159,a,27.3,35.6,25.3,26.6,Successful,9.219544457292887,-102.52880770915151,Lateral,Short,"[{""type"": ""Zone"", ""value"": ""Back""}, {""type"": ""PassEndX"", ""value"": ""25.3""}, {""type"": ""PassEndY"", ""value"": ""26.6""}, {""type"": ""Length"", ""value"": ""6.5""}, {""type"": ""Angle"", ""value"": ""4.38""}]"
2944940213.0,77,18.0,SecondHalf,Yang Hyun-Jun,457093,1159,a,25.3,25.6,22.7,39.4,Successful,14.042791745233565,100.66978280449669,Lateral,Short,"[{""type"": ""Zone"", ""value"": ""Back""}, {""type"": ""PassEndX"", ""value"": ""22.7""}, {""type"": ""PassEndY"", ""value"": ""39.4""}, {""type"": ""Length"", ""value"": ""9.8""}, {""type"": ""Angle"", ""value"": ""1.85""}]"
2944940215.0,77,18.0,SecondHalf,Kim Min-Jae,370912,1159,a,25.2,34.6,35.0,29.1,Successful,11.237882362794158,-29.30220748213867,Forward,Short,"[{""type"": ""Zone"", ""value"": ""Back""}, {""type"": ""PassEndX"", ""value"": ""35.0""}, {""type"": ""PassEndY"", ""value"": ""29.1""}, {""type"": ""Length"", ""value"": ""10.9""}, {""type"": ""Angle"", ""value"": ""5.93""}]"
2944940491.0,77,19.0,SecondHalf,Hwang In-Beom,371030,1159,a,30.7,28.0,31.3,14.7,Successful,13.313526955694348,-87.41697933136494,Lateral,Short,"[{""type"": ""Zone"", ""value"": ""Back""}, {""type"": ""PassEndX"", ""value"": ""31.3""}, {""type"": ""PassEndY"", ""value"": ""14.7""}, {""type"": ""Length"", ""value"": ""9.1""}, {""type"": ""Angle"", ""value"": ""4.78""}]"
2944940227.0,77,21.0,SecondHalf,Jesús Gallardo,252248,972,h,66.8,80.5,72.9,76.5,Successful,7.294518489934761,-33.254366574712016,Forward,Short,"[{""type"": ""Zone"", ""value"": ""Center""}, {""type"": ""PassEndX"", ""value"": ""72.9""}, {""type"": ""PassEndY"", ""value"": ""76.5""}, {""type"": ""Length"", ""value"": ""7.0""}, {""type"": ""Angle"", ""value"": ""5.88""}]"
2944940229.0,77,22.0,SecondHalf,Julián Quiñones,509557,972,h,72.4,76.3,68.5,73.8,Successful,4.6324939287601925,-147.33908727832625,Lateral,Short,"[{""type"": ""Zone"", ""value"": ""Center""}, {""type"": ""PassEndX"", ""value"": ""68.5""}, {""type"": ""PassEndY"", ""value"": ""73.8""}, {""type"": ""LayOff""}, {""type"": ""Length"", ""value"": ""4.4""}, {""type"": ""Angle"", ""value"": ""3.54""}]"
2944940231.0,77,23.0,SecondHalf,Obed Vargas,419580,972,h,65.2,75.2,66.2,75.4,Unsuccessful,1.0198039027185575,11.30993247402037,Lateral,Short,"[{""type"": ""Zone"", ""value"": ""Center""}, {""type"": ""PassEndX"", ""value"": ""66.2""}, {""type"": ""PassEndY"", ""value"": ""75.4""}, {""type"": ""Length"", ""value"": ""1.1""}, {""type"": ""Angle"", ""value"": ""0.13""}, {""type"": ""OppositeRelatedEvent"", ""value"": ""753""}, {""type"": ""Offensive""}]"
2944940233.0,77,25.0,SecondHalf,Obed Vargas,419580,972,h,74.1,85.7,75.5,93.0,Successful,7.433034373659251,79.14358665193771,Lateral,Short,"[{""type"": ""Zone"", ""value"": ""Left""}, {""type"": ""PassEndX"", ""value"": ""75.5""}, {""type"": ""PassEndY"", ""value"": ""93.0""}, {""type"": ""Length"", ""value"": ""5.2""}, {""type"": ""Angle"", ""value"": ""1.28""}]"
2944940235.0,77,26.0,SecondHalf,Jesús Gallardo,252248,972,h,75.2,94.4,70.3,92.9,Successful,5.124451190127588,-162.97947438848018,Lateral,Short,"[{""type"": ""Zone"", ""value"": ""Left""}, {""type"": ""PassEndX"", ""value"": ""70.3""}, {""type"": ""PassEndY"", ""value"": ""92.9""}, {""type"": ""Length"", ""value"": ""5.2""}, {""type"": ""Angle"", ""value"": ""3.34""}]"
2944940237.0,77,28.0,SecondHalf,Érik Lira,447638,972,h,69.5,92.0,78.9,53.1,Unsuccessful,40.019620188102735,-76.41516848485094,Forward,Chipped,"[{""type"": ""Zone"", ""value"": ""Center""}, {""type"": ""PassEndX"", ""value"": ""78.9""}, {""type"": ""PassEndY"", ""value"": ""53.1""}, {""type"": ""Chipped""}, {""type"": ""Length"", ""value"": ""28.2""}, {""type"": ""Angle"", ""value"": ""5.07""}]"
2944940241.0,77,30.0,SecondHalf,Lee Gi-Hyuk,447593,1159,a,23.4,56.0,28.5,52.4,Successful,6.242595614005445,-35.21759296819272,Forward,Short,"[{""type"": ""Zone"", ""value"": ""Back""}, {""type"": ""PassEndX"", ""value"": ""28.5""}, {""type"": ""PassEndY"", ""value"": ""52.4""}, {""type"": ""Length"", ""value"": ""5.9""}, {""type"": ""Angle"", ""value"": ""5.85""}]"
2944940249.0,77,33.0,SecondHalf,Hwang Hee-Chan,262854,1159,a,38.3,62.6,55.5,54.6,Successful,18.969449122207003,-24.943905263424575,Forward,Short,"[{""type"": ""Zone"", ""value"": ""Center""}, {""type"": ""PassEndX"", ""value"": ""55.5""}, {""type"": ""PassEndY"", ""value"": ""54.6""}, {""type"": ""Length"", ""value"": ""18.9""}, {""type"": ""Angle"", ""value"": ""5.99""}]"
2944940251.0,77,36.0,SecondHalf,Oh Hyeon-Gyu,461463,1159,a,56.2,58.7,63.8,86.0,Successful,28.338136847718125,74.44342067681204,Forward,Short,"[{""type"": ""Zone"", ""value"": ""Left""}, {""type"": ""PassEndX"", ""value"": ""63.8""}, {""type"": ""PassEndY"", ""value"": ""86.0""}, {""type"": ""Length"", ""value"": ""20.2""}, {""type"": ""Angle"", ""value"": ""1.16""}]"
2944940253.0,77,38.0,SecondHalf,Hwang Hee-Chan,262854,1159,a,64.4,86.0,80.9,78.2,Successful,18.250753409106157,-25.301378625419712,Forward,Short,"[{""type"": ""Zone"", ""value"": ""Center""}, {""type"": ""PassEndX"", ""value"": ""80.9""}, {""type"": ""PassEndY"", ""value"": ""78.2""}, {""type"": ""Length"", ""value"": ""18.1""}, {""type"": ""Angle"", ""value"": ""5.99""}]"
2944940255.0,77,40.0,SecondHalf,Oh Hyeon-Gyu,461463,1159,a,81.4,83.0,69.9,83.7,Successful,11.52128465059344,176.51672853100234,Backward,Short,"[{""type"": ""Zone"", ""value"": ""Left""}, {""type"": ""PassEndX"", ""value"": ""69.9""}, {""type"": ""PassEndY"", ""value"": ""83.7""}, {""type"": ""Length"", ""value"": ""12.1""}, {""type"": ""Angle"", ""value"": ""3.10""}]"
2944940257.0,77,45.0,SecondHalf,Hwang Hee-Chan,262854,1159,a,72.3,67.5,72.5,35.3,Successful,32.20062111202205,-89.64413016937812,Lateral,Short,"[{""type"": ""Zone"", ""value"": ""Center""}, {""type"": ""PassEndX"", ""value"": ""72.5""}, {""type"": ""PassEndY"", ""value"": ""35.3""}, {""type"": ""ShotAssist"", ""value"": ""13""}, {""type"": ""Length"", ""value"": ""21.9""}, {""type"": ""Angle"", ""value"": ""4.72""}, {""type"": ""KeyPass""}]"
2944940265.0,78,20.0,SecondHalf,Raúl Rangel,527319,972,h,2.4,47.9,63.8,28.9,Successful,64.27254468278038,-17.19448603007242,Forward,GoalKick,"[{""type"": ""Longball""}, {""type"": ""Zone"", ""value"": ""Center""}, {""type"": ""MissHigh""}, {""type"": ""GoalKick""}, {""type"": ""PassEndX"", ""value"": ""63.8""}, {""type"": ""PassEndY"", ""value"": ""28.9""}, {""type"": ""Length"", ""value"": ""65.8""}, {""type"": ""Angle"", ""value"": ""6.09""}]"
2944940319.0,78,24.0,SecondHalf,Hwang In-Beom,371030,1159,a,41.6,61.1,32.9,63.8,Successful,9.109335870413387,162.75854060106005,Backward,Short,"[{""type"": ""HeadPass""}, {""type"": ""Zone"", ""value"": ""Back""}, {""type"": ""PassEndX"", ""value"": ""32.9""}, {""type"": ""PassEndY"", ""value"": ""63.8""}, {""type"": ""Length"", ""value"": ""9.3""}, {""type"": ""Angle"", ""value"": ""2.94""}]"
2944940275.0,78,26.0,SecondHalf,Kim Min-Jae,370912,1159,a,30.3,62.0,12.1,48.1,Successful,22.900873345791858,-142.62971525536375,Backward,Short,"[{""type"": ""Zone"", ""value"": ""Back""}, {""type"": ""PassEndX"", ""value"": ""12.1""}, {""type"": ""PassEndY"", ""value"": ""48.1""}, {""type"": ""Length"", ""value"": ""21.3""}, {""type"": ""Angle"", ""value"": ""3.60""}]"
2944940279.0,78,34.0,SecondHalf,Kim Seung-Gyu,71968,1159,a,11.7,46.6,10.3,72.5,Successful,25.937810239108465,93.09405805891711,Lateral,Short,"[{""type"": ""Zone"", ""value"": ""Back""}, {""type"": ""PassEndX"", ""value"": ""10.3""}, {""type"": ""PassEndY"", ""value"": ""72.5""}, {""type"": ""Length"", ""value"": ""17.7""}, {""type"": ""Angle"", ""value"": ""1.65""}]"
2944940281.0,78,37.0,SecondHalf,Kim Min-Jae,370912,1159,a,13.2,75.8,27.9,75.8,Successful,14.7,0.0,Forward,Short,"[{""type"": ""Zone"", ""value"": ""Back""}, {""type"": ""PassEndX"", ""value"": ""27.9""}, {""type"": ""PassEndY"", ""value"": ""75.8""}, {""type"": ""Length"", ""value"": ""15.4""}, {""type"": ""Angle"", ""value"": ""0.00""}]"
2944940283.0,78,40.0,SecondHalf,Hwang Hee-Chan,262854,1159,a,25.3,78.8,13.5,75.8,Successful,12.175385004179539,-165.7354877019201,Backward,Short,"[{""type"": ""Zone"", ""value"": ""Back""}, {""type"": ""PassEndX"", ""value"": ""13.5""}, {""type"": ""PassEndY"", ""value"": ""75.8""}, {""type"": ""Length"", ""value"": ""12.6""}, {""type"": ""Angle"", ""value"": ""3.30""}]"
2944940285.0,78,42.0,SecondHalf,Kim Min-Jae,370912,1159,a,15.5,77.3,12.2,92.2,Successful,15.261061562027727,102.48808576894852,Lateral,Short,"[{""type"": ""Zone"", ""value"": ""Back""}, {""type"": ""PassEndX"", ""value"": ""12.2""}, {""type"": ""PassEndY"", ""value"": ""92.2""}, {""type"": ""Length"", ""value"": ""10.7""}, {""type"": ""Angle"", ""value"": ""1.90""}]"
2944940287.0,78,44.0,SecondHalf,Lee Gi-Hyuk,447593,1159,a,15.0,93.9,42.2,80.0,Successful,30.54586715089294,-27.068368650285773,Forward,Short,"[{""type"": ""Zone"", ""value"": ""Back""}, {""type"": ""PassEndX"", ""value"": ""42.2""}, {""type"": ""PassEndY"", ""value"": ""80.0""}, {""type"": ""Length"", ""value"": ""30.1""}, {""type"": ""Angle"", ""value"": ""5.96""}]"
2944940291.0,78,47.0,SecondHalf,Oh Hyeon-Gyu,461463,1159,a,32.5,74.0,42.5,65.0,Unsuccessful,13.45362404707371,-41.98721249581666,Forward,Short,"[{""type"": ""Zone"", ""value"": ""Back""}, {""type"": ""PassEndX"", ""value"": ""42.5""}, {""type"": ""PassEndY"", ""value"": ""65.0""}, {""type"": ""Length"", ""value"": ""12.2""}, {""type"": ""Angle"", ""value"": ""5.76""}]"
2944940293.0,78,49.0,SecondHalf,Jorge Sánchez,447643,972,h,62.3,42.1,67.1,62.4,Successful,20.859769893265838,76.69656956437589,Lateral,Short,"[{""type"": ""Zone"", ""value"": ""Center""}, {""type"": ""PassEndX"", ""value"": ""67.1""}, {""type"": ""PassEndY"", ""value"": ""62.4""}, {""type"": ""Length"", ""value"": ""14.7""}, {""type"": ""Angle"", ""value"": ""1.22""}]"
2944940295.0,78,51.0,SecondHalf,Julián Quiñones,509557,972,h,66.4,62.6,62.6,49.4,Successful,13.736083866954223,-106.05998730716067,Lateral,Short,"[{""type"": ""Zone"", ""value"": ""Center""}, {""type"": ""PassEndX"", ""value"": ""62.6""}, {""type"": ""PassEndY"", ""value"": ""49.4""}, {""type"": ""Length"", ""value"": ""9.8""}, {""type"": ""Angle"", ""value"": ""4.29""}]"
2944940297.0,78,52.0,SecondHalf,Jorge Sánchez,447643,972,h,62.6,49.4,30.9,73.3,Successful,39.70012594438461,142.98578079663332,Backward,Short,"[{""type"": ""Longball""}, {""type"": ""Zone"", ""value"": ""Back""}, {""type"": ""PassEndX"", ""value"": ""30.9""}, {""type"": ""PassEndY"", ""value"": ""73.3""}, {""type"": ""Length"", ""value"": ""37.0""}, {""type"": ""Angle"", ""value"": ""2.69""}]"
2944940299.0,78,58.0,SecondHalf,Raúl Rangel,527319,972,h,30.4,73.6,40.0,93.0,Successful,21.645322820415505,63.67170689482912,Forward,Short,"[{""type"": ""Zone"", ""value"": ""Back""}, {""type"": ""PassEndX"", ""value"": ""40.0""}, {""type"": ""PassEndY"", ""value"": ""93.0""}, {""type"": ""Length"", ""value"": ""16.6""}, {""type"": ""Angle"", ""value"": ""0.92""}]"
2944940301.0,79,1.0,SecondHalf,Jesús Gallardo,252248,972,h,40.0,93.0,31.3,69.7,Successful,24.871268564349503,-110.47515711400966,Backward,Short,"[{""type"": ""Zone"", ""value"": ""Back""}, {""type"": ""PassEndX"", ""value"": ""31.3""}, {""type"": ""PassEndY"", ""value"": ""69.7""}, {""type"": ""Length"", ""value"": ""18.3""}, {""type"": ""Angle"", ""value"": ""4.19""}]"
2944940303.0,79,4.0,SecondHalf,Johan Vásquez,425115,972,h,31.3,69.7,26.7,43.3,Successful,26.797761100509874,-99.88412400752208,Lateral,Short,"[{""type"": ""Zone"", ""value"": ""Back""}, {""type"": ""PassEndX"", ""value"": ""26.7""}, {""type"": ""PassEndY"", ""value"": ""43.3""}, {""type"": ""Length"", ""value"": ""18.6""}, {""type"": ""Angle"", ""value"": ""4.45""}]"
2944940305.0,79,6.0,SecondHalf,Edson Álvarez,322696,972,h,26.7,43.3,37.7,68.5,Successful,27.496181553081154,66.41834885515011,Forward,Short,"[{""type"": ""Zone"", ""value"": ""Back""}, {""type"": ""PassEndX"", ""value"": ""37.7""}, {""type"": ""PassEndY"", ""value"": ""68.5""}, {""type"": ""Length"", ""value"": ""20.7""}, {""type"": ""Angle"", ""value"": ""0.98""}]"
2944940307.0,79,9.0,SecondHalf,Orbelín Pineda,228547,972,h,37.7,68.5,30.6,88.4,Successful,21.12865353021816,109.63558280444704,Backward,Short,"[{""type"": ""Zone"", ""value"": ""Back""}, {""type"": ""PassEndX"", ""value"": ""30.6""}, {""type"": ""PassEndY"", ""value"": ""88.4""}, {""type"": ""LayOff""}, {""type"": ""Length"", ""value"": ""15.4""}, {""type"": ""Angle"", ""value"": ""2.07""}]"
2944940309.0,79,11.0,SecondHalf,Jesús Gallardo,252248,972,h,31.8,90.9,41.0,92.0,Successful,9.2655275079188,6.818214571651834,Forward,Short,"[{""type"": ""Zone"", ""value"": ""Back""}, {""type"": ""PassEndX"", ""value"": ""41.0""}, {""type"": ""PassEndY"", ""value"": ""92.0""}, {""type"": ""Length"", ""value"": ""9.7""}, {""type"": ""Angle"", ""value"": ""0.08""}]"
2944940329.0,79,57.0,SecondHalf,Lee Han-Beom,531031,1159,a,44.6,0.0,38.5,16.1,Successful,17.216852209390662,110.75079558959862,Backward,ThrowIn,"[{""type"": ""Zone"", ""value"": ""Back""}, {""type"": ""ThrowIn""}, {""type"": ""PassEndX"", ""value"": ""38.5""}, {""type"": ""PassEndY"", ""value"": ""16.1""}, {""type"": ""Length"", ""value"": ""13.7""}, {""type"": ""Angle"", ""value"": ""2.06""}]"
2944940331.0,80,0.0,SecondHalf,Kim Min-Jae,370912,1159,a,37.7,20.8,37.5,72.3,Successful,51.50038834805035,90.22250676302755,Lateral,Short,"[{""type"": ""Longball""}, {""type"": ""Zone"", ""value"": ""Back""}, {""type"": ""PassEndX"", ""value"": ""37.5""}, {""type"": ""PassEndY"", ""value"": ""72.3""}, {""type"": ""Length"", ""value"": ""35.0""}, {""type"": ""Angle"", ""value"": ""1.58""}]"
2944940333.0,80,1.0,SecondHalf,Lee Gi-Hyuk,447593,1159,a,37.5,72.3,54.0,92.3,Successful,25.927784324928346,50.47736872882888,Forward,Short,"[{""type"": ""Zone"", ""value"": ""Left""}, {""type"": ""PassEndX"", ""value"": ""54.0""}, {""type"": ""PassEndY"", ""value"": ""92.3""}, {""type"": ""Length"", ""value"": ""22.0""}, {""type"": ""Angle"", ""value"": ""0.67""}]"
2944940335.0,80,6.0,SecondHalf,Hwang Hee-Chan,262854,1159,a,55.2,97.5,40.7,87.6,Successful,17.557334649655683,-145.6763556826958,Backward,Short,"[{""type"": ""Zone"", ""value"": ""Back""}, {""type"": ""PassEndX"", ""value"": ""40.7""}, {""type"": ""PassEndY"", ""value"": ""87.6""}, {""type"": ""Length"", ""value"": ""16.6""}, {""type"": ""Angle"", ""value"": ""3.56""}]"
2944940337.0,80,8.0,SecondHalf,Lee Gi-Hyuk,447593,1159,a,39.6,73.4,33.6,56.3,Successful,18.122085972646754,-109.33480853782642,Backward,Short,"[{""type"": ""Zone"", ""value"": ""Back""}, {""type"": ""PassEndX"", ""value"": ""33.6""}, {""type"": ""PassEndY"", ""value"": ""56.3""}, {""type"": ""Length"", ""value"": ""13.2""}, {""type"": ""Angle"", ""value"": ""4.22""}]"
2944940339.0,80,11.0,SecondHalf,Kim Min-Jae,370912,1159,a,32.6,55.1,31.3,11.9,Successful,43.21955575893857,-91.72365838134506,Lateral,Short,"[{""type"": ""Zone"", ""value"": ""Back""}, {""type"": ""PassEndX"", ""value"": ""31.3""}, {""type"": ""PassEndY"", ""value"": ""11.9""}, {""type"": ""Length"", ""value"": ""29.4""}, {""type"": ""Angle"", ""value"": ""4.67""}]"
2944940341.0,80,14.0,SecondHalf,Lee Han-Beom,531031,1159,a,30.4,5.6,42.4,2.0,Successful,12.52836781069266,-16.69924423399362,Forward,Short,"[{""type"": ""Zone"", ""value"": ""Back""}, {""type"": ""PassEndX"", ""value"": ""42.4""}, {""type"": ""PassEndY"", ""value"": ""2.0""}, {""type"": ""Length"", ""value"": ""12.8""}, {""type"": ""Angle"", ""value"": ""6.09""}]"
2944940345.0,80,16.0,SecondHalf,Yang Hyun-Jun,457093,1159,a,42.5,2.0,63.8,20.9,Unsuccessful,28.476305940202284,41.58341180822866,Forward,Short,"[{""type"": ""Zone"", ""value"": ""Right""}, {""type"": ""PassEndX"", ""value"": ""63.8""}, {""type"": ""PassEndY"", ""value"": ""20.9""}, {""type"": ""Length"", ""value"": ""25.8""}, {""type"": ""Angle"", ""value"": ""0.52""}]"
2944940349.0,80,21.0,SecondHalf,Érik Lira,447638,972,h,38.9,86.0,53.9,86.5,Successful,15.008331019803634,1.9091524329963763,Forward,Short,"[{""type"": ""Zone"", ""value"": ""Left""}, {""type"": ""PassEndX"", ""value"": ""53.9""}, {""type"": ""PassEndY"", ""value"": ""86.5""}, {""type"": ""Length"", ""value"": ""15.8""}, {""type"": ""Angle"", ""value"": ""0.02""}]"
2944940359.0,80,27.0,SecondHalf,Lee Kang-In,367780,1159,a,47.1,22.1,62.9,45.4,Successful,28.15190934910099,55.858349474155965,Forward,Short,"[{""type"": ""Zone"", ""value"": ""Center""}, {""type"": ""PassEndX"", ""value"": ""62.9""}, {""type"": ""PassEndY"", ""value"": ""45.4""}, {""type"": ""Length"", ""value"": ""22.9""}, {""type"": ""Angle"", ""value"": ""0.76""}]"
2944940361.0,80,28.0,SecondHalf,Hwang Hee-Chan,262854,1159,a,62.9,45.4,70.2,46.6,Unsuccessful,7.397972695272676,9.334998463138252,Forward,Short,"[{""type"": ""Zone"", ""value"": ""Center""}, {""type"": ""PassEndX"", ""value"": ""70.2""}, {""type"": ""PassEndY"", ""value"": ""46.6""}, {""type"": ""Length"", ""value"": ""7.7""}, {""type"": ""Angle"", ""value"": ""0.11""}]"
2944940365.0,80,30.0,SecondHalf,Santiago Giménez,445061,972,h,38.2,63.6,33.8,62.9,Successful,4.455333881989099,-170.96051719664484,Lateral,Short,"[{""type"": ""Zone"", ""value"": ""Back""}, {""type"": ""PassEndX"", ""value"": ""33.8""}, {""type"": ""PassEndY"", ""value"": ""62.9""}, {""type"": ""LayOff""}, {""type"": ""Length"", ""value"": ""4.6""}, {""type"": ""Angle"", ""value"": ""3.24""}]"
2944940369.0,80,32.0,SecondHalf,Érik Lira,447638,972,h,35.2,66.0,29.2,81.4,Successful,16.52755275290326,111.2864051136591,Backward,Short,"[{""type"": ""Zone"", ""value"": ""Back""}, {""type"": ""PassEndX"", ""value"": ""29.2""}, {""type"": ""PassEndY"", ""value"": ""81.4""}, {""type"": ""Length"", ""value"": ""12.2""}, {""type"": ""Angle"", ""value"": ""2.11""}]"
2944940371.0,80,34.0,SecondHalf,Jesús Gallardo,252248,972,h,29.8,83.0,21.8,69.4,Successful,15.77846633865281,-120.46554491945989,Backward,Short,"[{""type"": ""Zone"", ""value"": ""Back""}, {""type"": ""PassEndX"", ""value"": ""21.8""}, {""type"": ""PassEndY"", ""value"": ""69.4""}, {""type"": ""Length"", ""value"": ""12.5""}, {""type"": ""Angle"", ""value"": ""3.98""}]"
2944940373.0,80,36.0,SecondHalf,Johan Vásquez,425115,972,h,20.4,67.9,4.4,44.6,Successful,28.264642223102705,-124.47720241160827,Backward,Short,"[{""type"": ""Zone"", ""value"": ""Back""}, {""type"": ""PassEndX"", ""value"": ""4.4""}, {""type"": ""PassEndY"", ""value"": ""44.6""}, {""type"": ""Length"", ""value"": ""23.1""}, {""type"": ""Angle"", ""value"": ""3.90""}]"
2944940375.0,80,39.0,SecondHalf,Raúl Rangel,527319,972,h,4.4,44.5,28.6,11.4,Successful,41.00304866714182,-53.82879673713945,Forward,Short,"[{""type"": ""Longball""}, {""type"": ""Zone"", ""value"": ""Back""}, {""type"": ""PassEndX"", ""value"": ""28.6""}, {""type"": ""PassEndY"", ""value"": ""11.4""}, {""type"": ""Length"", ""value"": ""33.9""}, {""type"": ""Angle"", ""value"": ""5.56""}]"
2944940377.0,80,44.0,SecondHalf,Israel Reyes,447634,972,h,31.1,8.3,76.0,38.9,Unsuccessful,54.33571569419142,34.274996459094794,Forward,Chipped,"[{""type"": ""Longball""}, {""type"": ""Zone"", ""value"": ""Center""}, {""type"": ""PassEndX"", ""value"": ""76.0""}, {""type"": ""PassEndY"", ""value"": ""38.9""}, {""type"": ""Chipped""}, {""type"": ""Length"", ""value"": ""51.5""}, {""type"": ""Angle"", ""value"": ""0.42""}]"
2944940379.0,80,48.0,SecondHalf,Lee Han-Beom,531031,1159,a,20.3,64.5,7.7,54.2,Successful,16.27421273057471,-140.73536433332467,Backward,Short,"[{""type"": ""HeadPass""}, {""type"": ""Zone"", ""value"": ""Back""}, {""type"": ""PassEndX"", ""value"": ""7.7""}, {""type"": ""PassEndY"", ""value"": ""54.2""}, {""type"": ""Length"", ""value"": ""15.0""}, {""type"": ""Angle"", ""value"": ""3.63""}]"
2944940383.0,80,54.0,SecondHalf,Kim Seung-Gyu,71968,1159,a,12.4,56.4,22.0,69.0,Successful,15.840454538932905,52.69605172201657,Forward,Short,"[{""type"": ""Zone"", ""value"": ""Back""}, {""type"": ""KeeperThrow""}, {""type"": ""PassEndX"", ""value"": ""22.0""}, {""type"": ""PassEndY"", ""value"": ""69.0""}, {""type"": ""Length"", ""value"": ""13.2""}, {""type"": ""Angle"", ""value"": ""0.70""}]"
2944940385.0,80,56.0,SecondHalf,Lee Gi-Hyuk,447593,1159,a,22.1,67.5,24.2,46.1,Successful,21.502790516581793,-84.39546093760995,Lateral,Short,"[{""type"": ""Zone"", ""value"": ""Back""}, {""type"": ""PassEndX"", ""value"": ""24.2""}, {""type"": ""PassEndY"", ""value"": ""46.1""}, {""type"": ""Length"", ""value"": ""14.7""}, {""type"": ""Angle"", ""value"": ""4.86""}]"
2944940387.0,80,59.0,SecondHalf,Kim Min-Jae,370912,1159,a,27.2,49.3,27.1,73.8,Successful,24.500204080782673,90.23385902587327,Lateral,Short,"[{""type"": ""Zone"", ""value"": ""Back""}, {""type"": ""PassEndX"", ""value"": ""27.1""}, {""type"": ""PassEndY"", ""value"": ""73.8""}, {""type"": ""Length"", ""value"": ""16.7""}, {""type"": ""Angle"", ""value"": ""1.58""}]"
2944940389.0,81,4.0,SecondHalf,Lee Gi-Hyuk,447593,1159,a,32.0,72.8,29.4,58.2,Successful,14.829699929533296,-100.0975043840753,Lateral,Short,"[{""type"": ""Zone"", ""value"": ""Back""}, {""type"": ""PassEndX"", ""value"": ""29.4""}, {""type"": ""PassEndY"", ""value"": ""58.2""}, {""type"": ""Length"", ""value"": ""10.3""}, {""type"": ""Angle"", ""value"": ""4.44""}]"
2944940391.0,81,7.0,SecondHalf,Kim Min-Jae,370912,1159,a,29.4,58.2,30.2,78.2,Successful,20.015993605114886,87.70938995736147,Lateral,Short,"[{""type"": ""Zone"", ""value"": ""Back""}, {""type"": ""PassEndX"", ""value"": ""30.2""}, {""type"": ""PassEndY"", ""value"": ""78.2""}, {""type"": ""Length"", ""value"": ""13.6""}, {""type"": ""Angle"", ""value"": ""1.51""}]"
2944940393.0,81,9.0,SecondHalf,Lee Gi-Hyuk,447593,1159,a,30.2,78.2,41.1,71.3,Successful,12.900387591076484,-32.33493623495766,Forward,Short,"[{""type"": ""Zone"", ""value"": ""Back""}, {""type"": ""PassEndX"", ""value"": ""41.1""}, {""type"": ""PassEndY"", ""value"": ""71.3""}, {""type"": ""Length"", ""value"": ""12.4""}, {""type"": ""Angle"", ""value"": ""5.89""}]"
2944940399.0,81,14.0,SecondHalf,Hwang In-Beom,371030,1159,a,46.2,68.7,45.0,86.9,Successful,18.239517537478893,93.77228360937985,Lateral,Short,"[{""type"": ""FreekickTaken""}, {""type"": ""Zone"", ""value"": ""Back""}, {""type"": ""PassEndX"", ""value"": ""45.0""}, {""type"": ""PassEndY"", ""value"": ""86.9""}, {""type"": ""Length"", ""value"": ""12.4""}, {""type"": ""Angle"", ""value"": ""1.67""}]"
2944940401.0,81,25.0,SecondHalf,Lee Kang-In,367780,1159,a,39.3,75.8,33.7,64.2,Successful,12.880993750483686,-115.7693276243387,Backward,Short,"[{""type"": ""Zone"", ""value"": ""Back""}, {""type"": ""PassEndX"", ""value"": ""33.7""}, {""type"": ""PassEndY"", ""value"": ""64.2""}, {""type"": ""Length"", ""value"": ""9.8""}, {""type"": ""Angle"", ""value"": ""4.07""}]"
2944940403.0,81,27.0,SecondHalf,Lee Gi-Hyuk,447593,1159,a,33.7,64.2,35.7,43.0,Successful,21.294130646729865,-84.61068824002659,Lateral,Short,"[{""type"": ""Zone"", ""value"": ""Back""}, {""type"": ""PassEndX"", ""value"": ""35.7""}, {""type"": ""PassEndY"", ""value"": ""43.0""}, {""type"": ""Length"", ""value"": ""14.6""}, {""type"": ""Angle"", ""value"": ""4.86""}]"
2944940405.0,81,32.0,SecondHalf,Kim Min-Jae,370912,1159,a,35.7,43.0,37.4,11.2,Successful,31.84540783221342,-86.93993095884092,Lateral,Short,"[{""type"": ""Zone"", ""value"": ""Back""}, {""type"": ""PassEndX"", ""value"": ""37.4""}, {""type"": ""PassEndY"", ""value"": ""11.2""}, {""type"": ""Length"", ""value"": ""21.7""}, {""type"": ""Angle"", ""value"": ""4.79""}]"
2944940407.0,81,35.0,SecondHalf,Lee Han-Beom,531031,1159,a,37.0,11.0,32.8,62.3,Successful,51.4716426782748,94.68044361825332,Lateral,Short,"[{""type"": ""Longball""}, {""type"": ""Zone"", ""value"": ""Back""}, {""type"": ""PassEndX"", ""value"": ""32.8""}, {""type"": ""PassEndY"", ""value"": ""62.3""}, {""type"": ""Length"", ""value"": ""35.2""}, {""type"": ""Angle"", ""value"": ""1.70""}]"
2944940409.0,81,36.0,SecondHalf,Kim Min-Jae,370912,1159,a,33.1,64.1,42.5,98.4,Successful,35.564729719203555,74.67423302261969,Forward,Short,"[{""type"": ""Zone"", ""value"": ""Back""}, {""type"": ""PassEndX"", ""value"": ""42.5""}, {""type"": ""PassEndY"", ""value"": ""98.4""}, {""type"": ""Length"", ""value"": ""25.3""}, {""type"": ""Angle"", ""value"": ""1.17""}]"
2944940411.0,81,41.0,SecondHalf,Lee Kang-In,367780,1159,a,42.5,94.2,30.7,81.6,Successful,17.262676501632075,-133.12212255271464,Backward,Short,"[{""type"": ""Zone"", ""value"": ""Back""}, {""type"": ""PassEndX"", ""value"": ""30.7""}, {""type"": ""PassEndY"", ""value"": ""81.6""}, {""type"": ""Length"", ""value"": ""15.1""}, {""type"": ""Angle"", ""value"": ""3.75""}]"
2944940413.0,81,44.0,SecondHalf,Lee Gi-Hyuk,447593,1159,a,40.3,92.4,67.3,92.7,Unsuccessful,27.001666615229514,0.6365935759634804,Forward,Chipped,"[{""type"": ""Zone"", ""value"": ""Left""}, {""type"": ""PassEndX"", ""value"": ""67.3""}, {""type"": ""PassEndY"", ""value"": ""92.7""}, {""type"": ""Chipped""}, {""type"": ""Length"", ""value"": ""28.4""}, {""type"": ""Angle"", ""value"": ""0.01""}]"
2944940415.0,81,48.0,SecondHalf,Israel Reyes,447634,972,h,33.2,13.2,39.7,10.9,Successful,6.8949256703752795,-19.48612957246575,Forward,Short,"[{""type"": ""HeadPass""}, {""type"": ""Zone"", ""value"": ""Back""}, {""type"": ""PassEndX"", ""value"": ""39.7""}, {""type"": ""PassEndY"", ""value"": ""10.9""}, {""type"": ""Length"", ""value"": ""7.0""}, {""type"": ""Angle"", ""value"": ""6.06""}]"
2944940417.0,81,49.0,SecondHalf,Jorge Sánchez,447643,972,h,39.7,10.9,41.4,0.0,Unsuccessful,11.031772296417289,-81.13537661158924,Lateral,Short,"[{""type"": ""Zone"", ""value"": ""Back""}, {""type"": ""PassEndX"", ""value"": ""41.4""}, {""type"": ""PassEndY"", ""value"": ""0.0""}, {""type"": ""Length"", ""value"": ""8.7""}, {""type"": ""Angle"", ""value"": ""4.92""}]"
2944940423.0,81,53.0,SecondHalf,Lee Kang-In,367780,1159,a,57.4,100.0,43.4,91.5,Successful,16.3783393541592,-148.73626830562256,Backward,ThrowIn,"[{""type"": ""Zone"", ""value"": ""Back""}, {""type"": ""ThrowIn""}, {""type"": ""PassEndX"", ""value"": ""43.4""}, {""type"": ""PassEndY"", ""value"": ""91.5""}, {""type"": ""Length"", ""value"": ""16.2""}, {""type"": ""Angle"", ""value"": ""3.58""}]"
2944940425.0,81,55.0,SecondHalf,Lee Gi-Hyuk,447593,1159,a,43.4,91.5,57.4,96.0,Successful,14.705441169852742,17.81888891452278,Forward,Short,"[{""type"": ""Zone"", ""value"": ""Left""}, {""type"": ""PassEndX"", ""value"": ""57.4""}, {""type"": ""PassEndY"", ""value"": ""96.0""}, {""type"": ""Length"", ""value"": ""15.0""}, {""type"": ""Angle"", ""value"": ""0.21""}]"
2944940427.0,81,58.0,SecondHalf,Lee Kang-In,367780,1159,a,63.2,96.2,80.3,78.8,Unsuccessful,24.39610624669437,-45.49821161261366,Forward,Chipped,"[{""type"": ""Zone"", ""value"": ""Center""}, {""type"": ""PassEndX"", ""value"": ""80.3""}, {""type"": ""PassEndY"", ""value"": ""78.8""}, {""type"": ""Chipped""}, {""type"": ""Length"", ""value"": ""21.5""}, {""type"": ""Angle"", ""value"": ""5.70""}]"
2944940435.0,82,7.0,SecondHalf,Lee Kang-In,367780,1159,a,68.2,100.0,63.0,84.6,Successful,16.254230218623096,-108.65788847411955,Backward,ThrowIn,"[{""type"": ""Zone"", ""value"": ""Left""}, {""type"": ""ThrowIn""}, {""type"": ""PassEndX"", ""value"": ""63.0""}, {""type"": ""PassEndY"", ""value"": ""84.6""}, {""type"": ""Length"", ""value"": ""12.7""}, {""type"": ""Angle"", ""value"": ""4.27""}]"
2944940437.0,82,10.0,SecondHalf,Hwang In-Beom,371030,1159,a,58.8,74.9,53.8,53.9,Successful,21.58703314492291,-103.3924977537511,Lateral,Short,"[{""type"": ""Zone"", ""value"": ""Center""}, {""type"": ""PassEndX"", ""value"": ""53.8""}, {""type"": ""PassEndY"", ""value"": ""53.9""}, {""type"": ""Length"", ""value"": ""15.2""}, {""type"": ""Angle"", ""value"": ""4.36""}]"
2944940439.0,82,13.0,SecondHalf,Kim Min-Jae,370912,1159,a,53.2,54.5,54.2,77.7,Successful,23.221541723150082,87.53188208617146,Lateral,Short,"[{""type"": ""Zone"", ""value"": ""Center""}, {""type"": ""PassEndX"", ""value"": ""54.2""}, {""type"": ""PassEndY"", ""value"": ""77.7""}, {""type"": ""Length"", ""value"": ""15.8""}, {""type"": ""Angle"", ""value"": ""1.50""}]"
2944940441.0,82,18.0,SecondHalf,Lee Gi-Hyuk,447593,1159,a,61.7,66.8,44.7,42.1,Successful,29.984829497597612,-124.5380467463984,Backward,Short,"[{""type"": ""Zone"", ""value"": ""Back""}, {""type"": ""PassEndX"", ""value"": ""44.7""}, {""type"": ""PassEndY"", ""value"": ""42.1""}, {""type"": ""Length"", ""value"": ""24.5""}, {""type"": ""Angle"", ""value"": ""3.90""}]"
2944940443.0,82,21.0,SecondHalf,Kim Min-Jae,370912,1159,a,44.7,42.1,38.9,8.8,Successful,33.80133133472704,-99.88032874723751,Backward,Short,"[{""type"": ""Zone"", ""value"": ""Back""}, {""type"": ""PassEndX"", ""value"": ""38.9""}, {""type"": ""PassEndY"", ""value"": ""8.8""}, {""type"": ""Length"", ""value"": ""23.4""}, {""type"": ""Angle"", ""value"": ""4.45""}]"
2944940447.0,82,23.0,SecondHalf,Lee Han-Beom,531031,1159,a,38.9,8.8,55.0,6.1,Successful,16.32482771731451,-9.520021865774147,Forward,Short,"[{""type"": ""Zone"", ""value"": ""Right""}, {""type"": ""PassEndX"", ""value"": ""55.0""}, {""type"": ""PassEndY"", ""value"": ""6.1""}, {""type"": ""Length"", ""value"": ""17.0""}, {""type"": ""Angle"", ""value"": ""6.18""}]"
2944940451.0,82,27.0,SecondHalf,Yang Hyun-Jun,457093,1159,a,52.1,5.2,47.7,4.5,Unsuccessful,4.455333881989092,-170.96051719664487,Lateral,Short,"[{""type"": ""Zone"", ""value"": ""Back""}, {""type"": ""PassEndX"", ""value"": ""47.7""}, {""type"": ""PassEndY"", ""value"": ""4.5""}, {""type"": ""Length"", ""value"": ""4.6""}, {""type"": ""Angle"", ""value"": ""3.24""}, {""type"": ""OppositeRelatedEvent"", ""value"": ""686""}, {""type"": ""Offensive""}]"
2944940455.0,82,32.0,SecondHalf,Julián Quiñones,509557,972,h,46.0,93.0,51.9,64.2,Successful,29.398129192178196,-78.42251079397883,Forward,Chipped,"[{""type"": ""Zone"", ""value"": ""Center""}, {""type"": ""PassEndX"", ""value"": ""51.9""}, {""type"": ""PassEndY"", ""value"": ""64.2""}, {""type"": ""Chipped""}, {""type"": ""Length"", ""value"": ""20.5""}, {""type"": ""Angle"", ""value"": ""5.02""}]"
2944940457.0,82,37.0,SecondHalf,Orbelín Pineda,228547,972,h,44.7,46.7,30.1,43.4,Successful,14.968299836654799,-167.26359979520217,Backward,Short,"[{""type"": ""Zone"", ""value"": ""Back""}, {""type"": ""PassEndX"", ""value"": ""30.1""}, {""type"": ""PassEndY"", ""value"": ""43.4""}, {""type"": ""Length"", ""value"": ""15.5""}, {""type"": ""Angle"", ""value"": ""3.29""}]"
2944940459.0,82,40.0,SecondHalf,Edson Álvarez,322696,972,h,32.3,43.3,26.9,22.4,Successful,21.586338272157228,-104.48687513838556,Backward,Short,"[{""type"": ""Zone"", ""value"": ""Back""}, {""type"": ""PassEndX"", ""value"": ""26.9""}, {""type"": ""PassEndY"", ""value"": ""22.4""}, {""type"": ""Length"", ""value"": ""15.3""}, {""type"": ""Angle"", ""value"": ""4.33""}]"
2944940461.0,82,43.0,SecondHalf,Israel Reyes,447634,972,h,28.5,22.8,24.9,43.9,Successful,21.404905979704747,99.68235100164816,Lateral,Short,"[{""type"": ""Zone"", ""value"": ""Back""}, {""type"": ""PassEndX"", ""value"": ""24.9""}, {""type"": ""PassEndY"", ""value"": ""43.9""}, {""type"": ""Length"", ""value"": ""14.8""}, {""type"": ""Angle"", ""value"": ""1.83""}]"
2944940463.0,82,45.0,SecondHalf,Edson Álvarez,322696,972,h,24.9,43.9,2.9,50.7,Successful,23.026940743398807,162.82409638425327,Backward,Short,"[{""type"": ""Zone"", ""value"": ""Back""}, {""type"": ""PassEndX"", ""value"": ""2.9""}, {""type"": ""PassEndY"", ""value"": ""50.7""}, {""type"": ""Length"", ""value"": ""23.6""}, {""type"": ""Angle"", ""value"": ""2.94""}]"
2944940465.0,82,49.0,SecondHalf,Raúl Rangel,527319,972,h,3.1,49.7,37.1,6.4,Unsuccessful,55.05351941520179,-51.86030935765974,Forward,Chipped,"[{""type"": ""Longball""}, {""type"": ""Zone"", ""value"": ""Back""}, {""type"": ""PassEndX"", ""value"": ""37.1""}, {""type"": ""PassEndY"", ""value"": ""6.4""}, {""type"": ""Chipped""}, {""type"": ""Length"", ""value"": ""46.3""}, {""type"": ""Angle"", ""value"": ""5.59""}]"
2944940489.0,83,53.0,SecondHalf,Eom Ji-Sung,458184,1159,a,48.2,100.0,34.6,95.0,Successful,14.489996549343966,-159.81419699053518,Backward,ThrowIn,"[{""type"": ""Zone"", ""value"": ""Back""}, {""type"": ""ThrowIn""}, {""type"": ""PassEndX"", ""value"": ""34.6""}, {""type"": ""PassEndY"", ""value"": ""95.0""}, {""type"": ""Length"", ""value"": ""14.9""}, {""type"": ""Angle"", ""value"": ""3.42""}]"
2944940493.0,83,56.0,SecondHalf,Lee Gi-Hyuk,447593,1159,a,39.3,92.6,35.5,72.8,Successful,20.161349161204463,-100.86405992208772,Lateral,Short,"[{""type"": ""Zone"", ""value"": ""Back""}, {""type"": ""PassEndX"", ""value"": ""35.5""}, {""type"": ""PassEndY"", ""value"": ""72.8""}, {""type"": ""Length"", ""value"": ""14.0""}, {""type"": ""Angle"", ""value"": ""4.42""}]"
2944940495.0,83,59.0,SecondHalf,Kim Min-Jae,370912,1159,a,35.4,58.5,36.4,79.8,Successful,21.32346125749757,87.31203103439643,Lateral,Short,"[{""type"": ""Zone"", ""value"": ""Back""}, {""type"": ""PassEndX"", ""value"": ""36.4""}, {""type"": ""PassEndY"", ""value"": ""79.8""}, {""type"": ""Length"", ""value"": ""14.5""}, {""type"": ""Angle"", ""value"": ""1.50""}]"
2944940497.0,84,3.0,SecondHalf,Lee Gi-Hyuk,447593,1159,a,36.7,68.3,40.6,57.8,Successful,11.200892821556682,-69.62356478616361,Lateral,Short,"[{""type"": ""Zone"", ""value"": ""Back""}, {""type"": ""PassEndX"", ""value"": ""40.6""}, {""type"": ""PassEndY"", ""value"": ""57.8""}, {""type"": ""Length"", ""value"": ""8.2""}, {""type"": ""Angle"", ""value"": ""5.23""}]"
2944940499.0,84,6.0,SecondHalf,Hwang In-Beom,371030,1159,a,42.9,55.5,96.0,33.1,Unsuccessful,57.63132828592449,-22.872233941138774,Forward,Chipped,"[{""type"": ""Longball""}, {""type"": ""Zone"", ""value"": ""Center""}, {""type"": ""PassEndX"", ""value"": ""96.0""}, {""type"": ""PassEndY"", ""value"": ""33.1""}, {""type"": ""Chipped""}, {""type"": ""Length"", ""value"": ""57.8""}, {""type"": ""Angle"", ""value"": ""6.02""}]"
2944940505.0,84,28.0,SecondHalf,Raúl Rangel,527319,972,h,15.2,51.3,62.2,62.7,Successful,48.36279561811951,13.633972789404371,Forward,Short,"[{""type"": ""Longball""}, {""type"": ""Zone"", ""value"": ""Center""}, {""type"": ""PassEndX"", ""value"": ""62.2""}, {""type"": ""PassEndY"", ""value"": ""62.7""}, {""type"": ""Length"", ""value"": ""50.0""}, {""type"": ""Angle"", ""value"": ""0.16""}]"
2944940509.0,84,35.0,SecondHalf,Obed Vargas,419580,972,h,59.3,67.2,49.7,62.6,Successful,10.645186705737007,-154.39781244855823,Backward,Short,"[{""type"": ""Zone"", ""value"": ""Back""}, {""type"": ""PassEndX"", ""value"": ""49.7""}, {""type"": ""PassEndY"", ""value"": ""62.6""}, {""type"": ""Length"", ""value"": ""10.6""}, {""type"": ""Angle"", ""value"": ""3.44""}]"
2944940513.0,84,36.0,SecondHalf,Érik Lira,447638,972,h,48.6,62.7,48.3,79.3,Successful,16.60271062206409,91.03535318654495,Lateral,Short,"[{""type"": ""Zone"", ""value"": ""Back""}, {""type"": ""PassEndX"", ""value"": ""48.3""}, {""type"": ""PassEndY"", ""value"": ""79.3""}, {""type"": ""Length"", ""value"": ""11.3""}, {""type"": ""Angle"", ""value"": ""1.60""}]"
2944940515.0,84,37.0,SecondHalf,Jesús Gallardo,252248,972,h,47.5,79.3,65.1,47.8,Successful,36.08337567357023,-60.80659078468952,Forward,Short,"[{""type"": ""Zone"", ""value"": ""Center""}, {""type"": ""PassEndX"", ""value"": ""65.1""}, {""type"": ""PassEndY"", ""value"": ""47.8""}, {""type"": ""Length"", ""value"": ""28.3""}, {""type"": ""Angle"", ""value"": ""5.42""}]"
2944940521.0,84,42.0,SecondHalf,Santiago Giménez,445061,972,h,70.6,59.1,80.3,59.4,Unsuccessful,9.70463806640928,1.7714697400340595,Forward,Chipped,"[{""type"": ""Zone"", ""value"": ""Center""}, {""type"": ""PassEndX"", ""value"": ""80.3""}, {""type"": ""PassEndY"", ""value"": ""59.4""}, {""type"": ""Chipped""}, {""type"": ""Length"", ""value"": ""10.2""}, {""type"": ""Angle"", ""value"": ""0.02""}]"
2944940531.0,84,53.0,SecondHalf,Kim Seung-Gyu,71968,1159,a,13.7,51.3,14.8,26.0,Successful,25.32390175308694,-87.51044707800084,Lateral,Short,"[{""type"": ""Zone"", ""value"": ""Back""}, {""type"": ""KeeperThrow""}, {""type"": ""PassEndX"", ""value"": ""14.8""}, {""type"": ""PassEndY"", ""value"": ""26.0""}, {""type"": ""Length"", ""value"": ""17.2""}, {""type"": ""Angle"", ""value"": ""4.78""}]"
2944940533.0,85,0.0,SecondHalf,Lee Han-Beom,531031,1159,a,17.0,4.4,10.0,19.0,Successful,16.191355718407276,115.61548432064217,Backward,Short,"[{""type"": ""Zone"", ""value"": ""Back""}, {""type"": ""PassEndX"", ""value"": ""10.0""}, {""type"": ""PassEndY"", ""value"": ""19.0""}, {""type"": ""Length"", ""value"": ""12.4""}, {""type"": ""Angle"", ""value"": ""2.21""}]"
2944940537.0,85,2.0,SecondHalf,Kim Min-Jae,370912,1159,a,10.0,18.8,11.0,18.8,Unsuccessful,1.0,0.0,Lateral,Short,"[{""type"": ""Longball""}, {""type"": ""Zone"", ""value"": ""Back""}, {""type"": ""PassEndX"", ""value"": ""11.0""}, {""type"": ""PassEndY"", ""value"": ""18.8""}, {""type"": ""Length"", ""value"": ""1.0""}, {""type"": ""Angle"", ""value"": ""0.00""}, {""type"": ""OppositeRelatedEvent"", ""value"": ""710""}, {""type"": ""Offensive""}]"
2944940543.0,85,12.0,SecondHalf,Kim Seung-Gyu,71968,1159,a,5.3,39.4,12.6,65.6,Successful,27.19797786601055,74.43078310466153,Forward,GoalKick,"[{""type"": ""Zone"", ""value"": ""Back""}, {""type"": ""GoalKick""}, {""type"": ""PassEndX"", ""value"": ""12.6""}, {""type"": ""PassEndY"", ""value"": ""65.6""}, {""type"": ""Length"", ""value"": ""19.4""}, {""type"": ""Angle"", ""value"": ""1.16""}]"
2944940545.0,85,17.0,SecondHalf,Lee Gi-Hyuk,447593,1159,a,20.1,72.0,37.8,93.5,Successful,27.848518811599295,50.53688236248372,Forward,Short,"[{""type"": ""Zone"", ""value"": ""Back""}, {""type"": ""PassEndX"", ""value"": ""37.8""}, {""type"": ""PassEndY"", ""value"": ""93.5""}, {""type"": ""Length"", ""value"": ""23.6""}, {""type"": ""Angle"", ""value"": ""0.67""}]"
2944940549.0,85,21.0,SecondHalf,Lee Kang-In,367780,1159,a,42.4,87.3,71.5,21.5,Unsuccessful,71.94755034050847,-66.14262594187859,Forward,Chipped,"[{""type"": ""Longball""}, {""type"": ""Zone"", ""value"": ""Center""}, {""type"": ""PassEndX"", ""value"": ""71.5""}, {""type"": ""PassEndY"", ""value"": ""21.5""}, {""type"": ""Chipped""}, {""type"": ""Length"", ""value"": ""54.2""}, {""type"": ""Angle"", ""value"": ""5.31""}]"
2944940569.0,85,30.0,SecondHalf,César Huerta,498764,972,h,25.9,66.1,39.5,61.7,Successful,14.29405470816451,-17.927919762007203,Forward,Short,"[{""type"": ""Zone"", ""value"": ""Back""}, {""type"": ""PassEndX"", ""value"": ""39.5""}, {""type"": ""PassEndY"", ""value"": ""61.7""}, {""type"": ""Length"", ""value"": ""14.6""}, {""type"": ""Angle"", ""value"": ""6.08""}]"
2944940577.0,85,42.0,SecondHalf,Kim Seung-Gyu,71968,1159,a,16.5,37.7,26.8,46.9,Successful,13.810503249338886,41.77135213036437,Forward,Short,"[{""type"": ""Zone"", ""value"": ""Back""}, {""type"": ""PassEndX"", ""value"": ""26.8""}, {""type"": ""PassEndY"", ""value"": ""46.9""}, {""type"": ""Length"", ""value"": ""12.5""}, {""type"": ""Angle"", ""value"": ""0.52""}]"
2944940579.0,85,45.0,SecondHalf,Kim Min-Jae,370912,1159,a,26.8,46.9,31.8,34.4,Successful,13.46291201783626,-68.19859051364818,Lateral,Short,"[{""type"": ""Zone"", ""value"": ""Back""}, {""type"": ""PassEndX"", ""value"": ""31.8""}, {""type"": ""PassEndY"", ""value"": ""34.4""}, {""type"": ""Length"", ""value"": ""10.0""}, {""type"": ""Angle"", ""value"": ""5.27""}]"
2944940581.0,85,48.0,SecondHalf,Hwang In-Beom,371030,1159,a,31.7,31.1,41.8,8.0,Successful,25.21150531007619,-66.38363516476176,Forward,Short,"[{""type"": ""Zone"", ""value"": ""Back""}, {""type"": ""PassEndX"", ""value"": ""41.8""}, {""type"": ""PassEndY"", ""value"": ""8.0""}, {""type"": ""Length"", ""value"": ""19.0""}, {""type"": ""Angle"", ""value"": ""5.31""}]"
2944940583.0,85,50.0,SecondHalf,Yang Hyun-Jun,457093,1159,a,41.8,8.0,28.8,28.9,Successful,24.613207836444232,121.88200747389412,Backward,Short,"[{""type"": ""Zone"", ""value"": ""Back""}, {""type"": ""PassEndX"", ""value"": ""28.8""}, {""type"": ""PassEndY"", ""value"": ""28.9""}, {""type"": ""Length"", ""value"": ""19.7""}, {""type"": ""Angle"", ""value"": ""2.34""}]"
2944940585.0,85,53.0,SecondHalf,Lee Han-Beom,531031,1159,a,29.5,28.4,34.9,59.6,Successful,31.66385952470103,80.1806993612421,Forward,Short,"[{""type"": ""Zone"", ""value"": ""Back""}, {""type"": ""PassEndX"", ""value"": ""34.9""}, {""type"": ""PassEndY"", ""value"": ""59.6""}, {""type"": ""Length"", ""value"": ""22.0""}, {""type"": ""Angle"", ""value"": ""1.31""}]"
2944940587.0,85,54.0,SecondHalf,Kim Min-Jae,370912,1159,a,34.9,59.6,46.7,60.3,Successful,11.820744477400739,3.394923542118257,Forward,Short,"[{""type"": ""Zone"", ""value"": ""Back""}, {""type"": ""PassEndX"", ""value"": ""46.7""}, {""type"": ""PassEndY"", ""value"": ""60.3""}, {""type"": ""Length"", ""value"": ""12.4""}, {""type"": ""Angle"", ""value"": ""0.04""}]"
2944940589.0,86,4.0,SecondHalf,Hwang Hee-Chan,262854,1159,a,57.1,64.1,64.1,98.6,Successful,35.20298282816387,78.5304696671331,Forward,Short,"[{""type"": ""Zone"", ""value"": ""Left""}, {""type"": ""PassEndX"", ""value"": ""64.1""}, {""type"": ""PassEndY"", ""value"": ""98.6""}, {""type"": ""Length"", ""value"": ""24.6""}, {""type"": ""Angle"", ""value"": ""1.27""}]"
2944940591.0,86,9.0,SecondHalf,Eom Ji-Sung,458184,1159,a,60.4,95.0,43.9,65.7,Successful,33.626477662699074,-119.38559856547181,Backward,Short,"[{""type"": ""Zone"", ""value"": ""Back""}, {""type"": ""PassEndX"", ""value"": ""43.9""}, {""type"": ""PassEndY"", ""value"": ""65.7""}, {""type"": ""Length"", ""value"": ""26.4""}, {""type"": ""Angle"", ""value"": ""4.00""}]"
2944940593.0,86,12.0,SecondHalf,Kim Min-Jae,370912,1159,a,47.5,61.1,54.2,65.6,Successful,8.070935509592427,33.88695946405164,Forward,Short,"[{""type"": ""Zone"", ""value"": ""Center""}, {""type"": ""PassEndX"", ""value"": ""54.2""}, {""type"": ""PassEndY"", ""value"": ""65.6""}, {""type"": ""Length"", ""value"": ""7.7""}, {""type"": ""Angle"", ""value"": ""0.41""}]"
2944940597.0,86,14.0,SecondHalf,Hwang In-Beom,371030,1159,a,52.6,65.6,51.1,57.8,Successful,7.942921376924233,-100.88552705465874,Lateral,Short,"[{""type"": ""Zone"", ""value"": ""Center""}, {""type"": ""PassEndX"", ""value"": ""51.1""}, {""type"": ""PassEndY"", ""value"": ""57.8""}, {""type"": ""Length"", ""value"": ""5.5""}, {""type"": ""Angle"", ""value"": ""4.42""}]"
2944940599.0,86,15.0,SecondHalf,Kim Min-Jae,370912,1159,a,51.4,57.8,54.8,67.5,Successful,10.278618584226193,70.68364718049587,Lateral,Short,"[{""type"": ""Zone"", ""value"": ""Center""}, {""type"": ""PassEndX"", ""value"": ""54.8""}, {""type"": ""PassEndY"", ""value"": ""67.5""}, {""type"": ""Length"", ""value"": ""7.5""}, {""type"": ""Angle"", ""value"": ""1.07""}]"
2944940601.0,86,17.0,SecondHalf,Hwang In-Beom,371030,1159,a,54.8,67.4,61.9,95.7,Successful,29.17704577231903,75.91612912865187,Forward,Short,"[{""type"": ""Zone"", ""value"": ""Left""}, {""type"": ""PassEndX"", ""value"": ""61.9""}, {""type"": ""PassEndY"", ""value"": ""95.7""}, {""type"": ""Length"", ""value"": ""20.6""}, {""type"": ""Angle"", ""value"": ""1.20""}]"
2944940603.0,86,22.0,SecondHalf,Lee Kang-In,367780,1159,a,58.6,77.0,55.6,69.3,Successful,8.26377637645163,-111.28640511365909,Lateral,Short,"[{""type"": ""Zone"", ""value"": ""Center""}, {""type"": ""PassEndX"", ""value"": ""55.6""}, {""type"": ""PassEndY"", ""value"": ""69.3""}, {""type"": ""Length"", ""value"": ""6.1""}, {""type"": ""Angle"", ""value"": ""4.17""}]"
2944940607.0,86,24.0,SecondHalf,Hwang In-Beom,371030,1159,a,54.8,69.3,47.2,44.3,Successful,26.129676614914313,-106.90927181054077,Backward,Short,"[{""type"": ""Zone"", ""value"": ""Back""}, {""type"": ""PassEndX"", ""value"": ""47.2""}, {""type"": ""PassEndY"", ""value"": ""44.3""}, {""type"": ""Length"", ""value"": ""18.8""}, {""type"": ""Angle"", ""value"": ""4.27""}]"
2944940609.0,86,27.0,SecondHalf,Kim Min-Jae,370912,1159,a,46.9,45.5,56.2,72.8,Successful,28.840596387730958,71.18811069748085,Forward,Short,"[{""type"": ""Zone"", ""value"": ""Center""}, {""type"": ""PassEndX"", ""value"": ""56.2""}, {""type"": ""PassEndY"", ""value"": ""72.8""}, {""type"": ""Length"", ""value"": ""21.0""}, {""type"": ""Angle"", ""value"": ""1.09""}]"
2944940611.0,86,31.0,SecondHalf,Lee Kang-In,367780,1159,a,60.3,78.2,72.7,97.4,Successful,22.85607140345865,57.144278049567,Forward,Short,"[{""type"": ""Zone"", ""value"": ""Left""}, {""type"": ""PassEndX"", ""value"": ""72.7""}, {""type"": ""PassEndY"", ""value"": ""97.4""}, {""type"": ""Length"", ""value"": ""18.4""}, {""type"": ""Angle"", ""value"": ""0.79""}]"
2944940613.0,86,37.0,SecondHalf,Eom Ji-Sung,458184,1159,a,84.0,84.4,96.1,46.4,Successful,39.87994483446536,-72.33742964590853,Forward,Cross,"[{""type"": ""Cross""}, {""type"": ""RightFoot""}, {""type"": ""Zone"", ""value"": ""Center""}, {""type"": ""PassEndX"", ""value"": ""96.1""}, {""type"": ""PassEndY"", ""value"": ""46.4""}, {""type"": ""IntentionalAssist""}, {""type"": ""Chipped""}, {""type"": ""ShotAssist"", ""value"": ""15""}, {""type"": ""Length"", ""value"": ""28.8""}, {""type"": ""Angle"", ""value"": ""5.17""}, {""type"": ""BigChanceCreated""}, {""type"": ""KeyPass""}]"
2944940643.0,88,20.0,SecondHalf,Raúl Rangel,527319,972,h,12.0,43.6,94.2,17.6,Unsuccessful,86.21391998975571,-17.552251701407506,Forward,Short,"[{""type"": ""Longball""}, {""type"": ""Zone"", ""value"": ""Right""}, {""type"": ""PassEndX"", ""value"": ""94.2""}, {""type"": ""PassEndY"", ""value"": ""17.6""}, {""type"": ""Length"", ""value"": ""88.1""}, {""type"": ""Angle"", ""value"": ""6.08""}]"
2944940647.0,88,32.0,SecondHalf,Kim Seung-Gyu,71968,1159,a,14.3,64.8,18.5,78.8,Successful,14.61642911247477,73.30075576600639,Lateral,Short,"[{""type"": ""Zone"", ""value"": ""Back""}, {""type"": ""PassEndX"", ""value"": ""18.5""}, {""type"": ""PassEndY"", ""value"": ""78.8""}, {""type"": ""Length"", ""value"": ""10.5""}, {""type"": ""Angle"", ""value"": ""1.14""}]"
2944940649.0,88,35.0,SecondHalf,Lee Gi-Hyuk,447593,1159,a,20.9,83.0,10.6,58.8,Successful,26.300760445279906,-113.05556589930816,Backward,Short,"[{""type"": ""Zone"", ""value"": ""Back""}, {""type"": ""PassEndX"", ""value"": ""10.6""}, {""type"": ""PassEndY"", ""value"": ""58.8""}, {""type"": ""Length"", ""value"": ""19.7""}, {""type"": ""Angle"", ""value"": ""4.13""}]"
2944940651.0,88,39.0,SecondHalf,Kim Seung-Gyu,71968,1159,a,14.8,57.3,20.1,31.6,Successful,26.240807914391656,-78.34749594591361,Forward,Short,"[{""type"": ""Zone"", ""value"": ""Back""}, {""type"": ""PassEndX"", ""value"": ""20.1""}, {""type"": ""PassEndY"", ""value"": ""31.6""}, {""type"": ""Length"", ""value"": ""18.3""}, {""type"": ""Angle"", ""value"": ""5.02""}]"
2944940653.0,88,40.0,SecondHalf,Kim Min-Jae,370912,1159,a,19.6,31.6,7.6,57.5,Successful,28.544876948412302,114.85925469413357,Backward,Short,"[{""type"": ""Zone"", ""value"": ""Back""}, {""type"": ""PassEndX"", ""value"": ""7.6""}, {""type"": ""PassEndY"", ""value"": ""57.5""}, {""type"": ""Length"", ""value"": ""21.7""}, {""type"": ""Angle"", ""value"": ""2.19""}]"
2944940655.0,88,45.0,SecondHalf,Kim Seung-Gyu,71968,1159,a,14.0,49.6,64.9,15.2,Successful,61.43427382170315,-34.052203070809156,Forward,Short,"[{""type"": ""Longball""}, {""type"": ""Zone"", ""value"": ""Right""}, {""type"": ""PassEndX"", ""value"": ""64.9""}, {""type"": ""PassEndY"", ""value"": ""15.2""}, {""type"": ""Length"", ""value"": ""58.3""}, {""type"": ""Angle"", ""value"": ""5.87""}]"
2944940663.0,89,6.0,SecondHalf,Jesús Gallardo,252248,972,h,39.2,100.0,63.0,89.9,Unsuccessful,25.854400012377,-22.99489891033384,Forward,ThrowIn,"[{""type"": ""Longball""}, {""type"": ""Zone"", ""value"": ""Left""}, {""type"": ""ThrowIn""}, {""type"": ""PassEndX"", ""value"": ""63.0""}, {""type"": ""PassEndY"", ""value"": ""89.9""}, {""type"": ""Length"", ""value"": ""26.3""}, {""type"": ""Angle"", ""value"": ""5.97""}]"
2944940681.0,89,10.0,SecondHalf,Lee Han-Beom,531031,1159,a,37.9,4.5,35.6,8.0,Unsuccessful,4.188078318274383,123.31063082456077,Lateral,Short,"[{""type"": ""HeadPass""}, {""type"": ""Zone"", ""value"": ""Back""}, {""type"": ""PassEndX"", ""value"": ""35.6""}, {""type"": ""PassEndY"", ""value"": ""8.0""}, {""type"": ""Length"", ""value"": ""3.4""}, {""type"": ""Angle"", ""value"": ""2.36""}]"
2944940699.0,89,33.0,SecondHalf,Lee Han-Beom,531031,1159,a,36.9,0.0,66.1,7.1,Unsuccessful,30.05079033902436,13.666300072913547,Forward,ThrowIn,"[{""type"": ""Longball""}, {""type"": ""Zone"", ""value"": ""Right""}, {""type"": ""ThrowIn""}, {""type"": ""PassEndX"", ""value"": ""66.1""}, {""type"": ""PassEndY"", ""value"": ""7.1""}, {""type"": ""Length"", ""value"": ""31.2""}, {""type"": ""Angle"", ""value"": ""0.18""}]"
2944940701.0,89,35.0,SecondHalf,Jesús Gallardo,252248,972,h,30.0,90.9,55.2,82.7,Unsuccessful,26.500566031690724,-18.02472352123848,Forward,Short,"[{""type"": ""HeadPass""}, {""type"": ""Zone"", ""value"": ""Left""}, {""type"": ""PassEndX"", ""value"": ""55.2""}, {""type"": ""PassEndY"", ""value"": ""82.7""}, {""type"": ""Length"", ""value"": ""27.0""}, {""type"": ""Angle"", ""value"": ""6.08""}]"
2944940703.0,89,37.0,SecondHalf,Lee Gi-Hyuk,447593,1159,a,46.2,26.9,65.3,26.0,Unsuccessful,19.121192431435855,-2.697805633316299,Forward,Short,"[{""type"": ""HeadPass""}, {""type"": ""Zone"", ""value"": ""Center""}, {""type"": ""PassEndX"", ""value"": ""65.3""}, {""type"": ""PassEndY"", ""value"": ""26.0""}, {""type"": ""Length"", ""value"": ""20.1""}, {""type"": ""Angle"", ""value"": ""6.25""}]"
2944940727.0,90,6.0,SecondHalf,Jesús Gallardo,252248,972,h,51.7,100.0,68.4,90.8,Unsuccessful,19.066462702871767,-28.850289908256393,Forward,ThrowIn,"[{""type"": ""Zone"", ""value"": ""Left""}, {""type"": ""ThrowIn""}, {""type"": ""PassEndX"", ""value"": ""68.4""}, {""type"": ""PassEndY"", ""value"": ""90.8""}, {""type"": ""Length"", ""value"": ""19.1""}, {""type"": ""Angle"", ""value"": ""5.88""}]"
2944940729.0,90,9.0,SecondHalf,Lee Han-Beom,531031,1159,a,31.6,9.2,41.0,18.2,Unsuccessful,13.01383878799795,43.75463573323166,Forward,Short,"[{""type"": ""HeadPass""}, {""type"": ""Zone"", ""value"": ""Back""}, {""type"": ""PassEndX"", ""value"": ""41.0""}, {""type"": ""PassEndY"", ""value"": ""18.2""}, {""type"": ""Length"", ""value"": ""11.6""}, {""type"": ""Angle"", ""value"": ""0.56""}]"
2944940733.0,90,11.0,SecondHalf,Érik Lira,447638,972,h,62.4,87.4,68.9,85.4,Successful,6.800735254367728,-17.102728969052354,Forward,Chipped,"[{""type"": ""Zone"", ""value"": ""Left""}, {""type"": ""PassEndX"", ""value"": ""68.9""}, {""type"": ""PassEndY"", ""value"": ""85.4""}, {""type"": ""Chipped""}, {""type"": ""Length"", ""value"": ""7.0""}, {""type"": ""Angle"", ""value"": ""6.09""}]"
2944940735.0,90,12.0,SecondHalf,Santiago Giménez,445061,972,h,68.9,85.4,64.1,95.9,Successful,11.545128842936318,114.56717132060137,Lateral,Chipped,"[{""type"": ""Zone"", ""value"": ""Left""}, {""type"": ""PassEndX"", ""value"": ""64.1""}, {""type"": ""PassEndY"", ""value"": ""95.9""}, {""type"": ""Chipped""}, {""type"": ""Length"", ""value"": ""8.7""}, {""type"": ""Angle"", ""value"": ""2.19""}]"
2944940737.0,90,14.0,SecondHalf,Obed Vargas,419580,972,h,65.2,95.9,70.4,93.5,Successful,5.727128425310546,-24.77514056883196,Forward,Chipped,"[{""type"": ""Zone"", ""value"": ""Left""}, {""type"": ""PassEndX"", ""value"": ""70.4""}, {""type"": ""PassEndY"", ""value"": ""93.5""}, {""type"": ""Chipped""}, {""type"": ""Length"", ""value"": ""5.7""}, {""type"": ""Angle"", ""value"": ""5.99""}]"
2944940741.0,90,17.0,SecondHalf,Obed Vargas,419580,972,h,70.6,89.0,81.3,86.6,Unsuccessful,10.96585609973066,-12.642152327889876,Forward,Short,"[{""type"": ""Zone"", ""value"": ""Left""}, {""type"": ""PassEndX"", ""value"": ""81.3""}, {""type"": ""PassEndY"", ""value"": ""86.6""}, {""type"": ""Length"", ""value"": ""11.4""}, {""type"": ""Angle"", ""value"": ""6.14""}]"
2944940745.0,90,20.0,SecondHalf,Lee Gi-Hyuk,447593,1159,a,12.0,7.3,11.6,6.4,Successful,0.9848857801796101,-113.9624889745782,Lateral,Short,"[{""type"": ""Zone"", ""value"": ""Back""}, {""type"": ""PassEndX"", ""value"": ""11.6""}, {""type"": ""PassEndY"", ""value"": ""6.4""}, {""type"": ""Length"", ""value"": ""0.7""}, {""type"": ""Angle"", ""value"": ""4.11""}]"
2944940747.0,90,21.0,SecondHalf,Hwang In-Beom,371030,1159,a,11.6,6.4,13.8,7.0,Unsuccessful,2.280350850198277,15.255118703057763,Lateral,Short,"[{""type"": ""Zone"", ""value"": ""Back""}, {""type"": ""PassEndX"", ""value"": ""13.8""}, {""type"": ""PassEndY"", ""value"": ""7.0""}, {""type"": ""Length"", ""value"": ""2.3""}, {""type"": ""Angle"", ""value"": ""0.17""}, {""type"": ""OppositeRelatedEvent"", ""value"": ""756""}, {""type"": ""Offensive""}]"
2944940757.0,90,32.0,SecondHalf,Lee Han-Beom,531031,1159,a,17.9,0.0,38.0,6.8,Unsuccessful,21.219095173922945,18.69111304535236,Forward,ThrowIn,"[{""type"": ""Longball""}, {""type"": ""Zone"", ""value"": ""Back""}, {""type"": ""ThrowIn""}, {""type"": ""PassEndX"", ""value"": ""38.0""}, {""type"": ""PassEndY"", ""value"": ""6.8""}, {""type"": ""Length"", ""value"": ""21.9""}, {""type"": ""Angle"", ""value"": ""0.27""}]"
2944940763.0,90,34.0,SecondHalf,Jesús Gallardo,252248,972,h,64.3,93.0,89.3,67.3,Unsuccessful,35.853730628764424,-45.791015729394196,Forward,Short,"[{""type"": ""HeadPass""}, {""type"": ""Zone"", ""value"": ""Center""}, {""type"": ""PassEndX"", ""value"": ""89.3""}, {""type"": ""PassEndY"", ""value"": ""67.3""}, {""type"": ""Length"", ""value"": ""31.5""}, {""type"": ""Angle"", ""value"": ""5.70""}]"
2944940771.0,90,44.0,SecondHalf,Kim Seung-Gyu,71968,1159,a,20.1,35.6,74.6,29.5,Unsuccessful,54.840313638782185,-6.386342182576882,Forward,Short,"[{""type"": ""Longball""}, {""type"": ""Zone"", ""value"": ""Center""}, {""type"": ""PassEndX"", ""value"": ""74.6""}, {""type"": ""PassEndY"", ""value"": ""29.5""}, {""type"": ""Length"", ""value"": ""57.4""}, {""type"": ""Angle"", ""value"": ""6.21""}]"
2944940777.0,90,50.0,SecondHalf,Yang Hyun-Jun,457093,1159,a,68.3,21.8,65.7,32.5,Successful,11.011357772772618,103.65764250581212,Lateral,Short,"[{""type"": ""Zone"", ""value"": ""Center""}, {""type"": ""PassEndX"", ""value"": ""65.7""}, {""type"": ""PassEndY"", ""value"": ""32.5""}, {""type"": ""Length"", ""value"": ""7.8""}, {""type"": ""Angle"", ""value"": ""1.93""}]"
2944940779.0,90,51.0,SecondHalf,Hwang Hee-Chan,262854,1159,a,65.6,32.6,61.4,52.1,Successful,19.947180251855148,102.15494169722221,Lateral,Short,"[{""type"": ""Zone"", ""value"": ""Center""}, {""type"": ""PassEndX"", ""value"": ""61.4""}, {""type"": ""PassEndY"", ""value"": ""52.1""}, {""type"": ""Length"", ""value"": ""14.0""}, {""type"": ""Angle"", ""value"": ""1.89""}]"
2944940781.0,90,54.0,SecondHalf,Lee Kang-In,367780,1159,a,61.4,52.1,70.4,90.2,Successful,39.14856319202533,76.70919858871412,Forward,Short,"[{""type"": ""Zone"", ""value"": ""Left""}, {""type"": ""PassEndX"", ""value"": ""70.4""}, {""type"": ""PassEndY"", ""value"": ""90.2""}, {""type"": ""Length"", ""value"": ""27.6""}, {""type"": ""Angle"", ""value"": ""1.22""}]"
2944940783.0,91,4.0,SecondHalf,Eom Ji-Sung,458184,1159,a,95.6,84.3,95.8,81.6,Unsuccessful,2.70739727413618,-85.76360520094111,Lateral,Cross,"[{""type"": ""Cross""}, {""type"": ""Zone"", ""value"": ""Left""}, {""type"": ""LeftFoot""}, {""type"": ""PassEndX"", ""value"": ""95.8""}, {""type"": ""PassEndY"", ""value"": ""81.6""}, {""type"": ""Chipped""}, {""type"": ""Length"", ""value"": ""1.8""}, {""type"": ""Angle"", ""value"": ""4.83""}, {""type"": ""OppositeRelatedEvent"", ""value"": ""762""}, {""type"": ""Offensive""}]"
2944940791.0,91,33.0,SecondHalf,Lee Kang-In,367780,1159,a,99.5,99.5,90.5,45.4,Successful,54.84350462908073,-99.44514721468121,Backward,Cross,"[{""type"": ""Longball""}, {""type"": ""Cross""}, {""type"": ""CornerTaken""}, {""type"": ""Zone"", ""value"": ""Center""}, {""type"": ""LeftFoot""}, {""type"": ""PassEndX"", ""value"": ""90.5""}, {""type"": ""PassEndY"", ""value"": ""45.4""}, {""type"": ""IntentionalAssist""}, {""type"": ""Chipped""}, {""type"": ""ShotAssist"", ""value"": ""13""}, {""type"": ""Length"", ""value"": ""38.0""}, {""type"": ""Angle"", ""value"": ""4.46""}, {""type"": ""BigChanceCreated""}, {""type"": ""KeyPass""}]"
2944940803.0,92,2.0,SecondHalf,Raúl Rangel,527319,972,h,4.7,58.4,72.9,100.0,Unsuccessful,79.8861690156688,31.381966473570618,Forward,GoalKick,"[{""type"": ""Longball""}, {""type"": ""Zone"", ""value"": ""Left""}, {""type"": ""MissHigh""}, {""type"": ""GoalKick""}, {""type"": ""PassEndX"", ""value"": ""72.9""}, {""type"": ""PassEndY"", ""value"": ""100.0""}, {""type"": ""Length"", ""value"": ""77.4""}, {""type"": ""Angle"", ""value"": ""0.39""}]"
2944940809.0,92,16.0,SecondHalf,Yang Hyun-Jun,457093,1159,a,26.8,0.0,20.1,18.1,Successful,19.300259065618786,110.31282627020737,Backward,ThrowIn,"[{""type"": ""Zone"", ""value"": ""Back""}, {""type"": ""ThrowIn""}, {""type"": ""PassEndX"", ""value"": ""20.1""}, {""type"": ""PassEndY"", ""value"": ""18.1""}, {""type"": ""Length"", ""value"": ""15.1""}, {""type"": ""Angle"", ""value"": ""2.05""}]"
2944940811.0,92,21.0,SecondHalf,Kim Min-Jae,370912,1159,a,22.6,21.4,35.2,66.9,Successful,47.2123924409683,74.52136183458164,Forward,Short,"[{""type"": ""Longball""}, {""type"": ""Zone"", ""value"": ""Back""}, {""type"": ""PassEndX"", ""value"": ""35.2""}, {""type"": ""PassEndY"", ""value"": ""66.9""}, {""type"": ""Length"", ""value"": ""33.6""}, {""type"": ""Angle"", ""value"": ""1.17""}]"
2944940813.0,92,31.0,SecondHalf,Eom Ji-Sung,458184,1159,a,68.7,66.8,80.2,66.8,Successful,11.5,0.0,Forward,Short,"[{""type"": ""Zone"", ""value"": ""Center""}, {""type"": ""PassEndX"", ""value"": ""80.2""}, {""type"": ""PassEndY"", ""value"": ""66.8""}, {""type"": ""Length"", ""value"": ""12.1""}, {""type"": ""Angle"", ""value"": ""0.00""}]"
2944940823.0,92,35.0,SecondHalf,Jorge Sánchez,447643,972,h,25.4,33.0,29.5,38.5,Successful,6.860029154457,53.297144969836864,Lateral,Short,"[{""type"": ""Zone"", ""value"": ""Back""}, {""type"": ""PassEndX"", ""value"": ""29.5""}, {""type"": ""PassEndY"", ""value"": ""38.5""}, {""type"": ""Length"", ""value"": ""5.7""}, {""type"": ""Angle"", ""value"": ""0.72""}]"
2944940825.0,92,37.0,SecondHalf,Érik Lira,447638,972,h,29.5,38.5,45.1,39.4,Unsuccessful,15.625939971726503,3.301865674434998,Forward,Short,"[{""type"": ""Longball""}, {""type"": ""Zone"", ""value"": ""Back""}, {""type"": ""PassEndX"", ""value"": ""45.1""}, {""type"": ""PassEndY"", ""value"": ""39.4""}, {""type"": ""Length"", ""value"": ""16.4""}, {""type"": ""Angle"", ""value"": ""0.04""}]"
2944940831.0,92,42.0,SecondHalf,Kim Min-Jae,370912,1159,a,54.8,49.9,61.2,40.9,Successful,11.043550153822821,-54.58294472353255,Forward,Short,"[{""type"": ""Zone"", ""value"": ""Center""}, {""type"": ""PassEndX"", ""value"": ""61.2""}, {""type"": ""PassEndY"", ""value"": ""40.9""}, {""type"": ""Length"", ""value"": ""9.1""}, {""type"": ""Angle"", ""value"": ""5.54""}]"
2944940833.0,92,46.0,SecondHalf,Hwang Hee-Chan,262854,1159,a,58.4,35.5,62.0,6.2,Successful,29.52033197645311,-82.99535275870554,Lateral,Short,"[{""type"": ""Zone"", ""value"": ""Right""}, {""type"": ""PassEndX"", ""value"": ""62.0""}, {""type"": ""PassEndY"", ""value"": ""6.2""}, {""type"": ""Length"", ""value"": ""20.3""}, {""type"": ""Angle"", ""value"": ""4.90""}]"
2944940835.0,92,49.0,SecondHalf,Yang Hyun-Jun,457093,1159,a,56.5,9.1,42.0,36.5,Successful,31.00016128990299,117.88766248173148,Backward,Short,"[{""type"": ""Zone"", ""value"": ""Back""}, {""type"": ""PassEndX"", ""value"": ""42.0""}, {""type"": ""PassEndY"", ""value"": ""36.5""}, {""type"": ""Length"", ""value"": ""24.1""}, {""type"": ""Angle"", ""value"": ""2.26""}]"
2944940837.0,92,52.0,SecondHalf,Lee Han-Beom,531031,1159,a,46.4,43.3,57.7,76.1,Successful,34.69192989731185,70.99054575100358,Forward,Short,"[{""type"": ""Zone"", ""value"": ""Center""}, {""type"": ""PassEndX"", ""value"": ""57.7""}, {""type"": ""PassEndY"", ""value"": ""76.1""}, {""type"": ""Length"", ""value"": ""25.3""}, {""type"": ""Angle"", ""value"": ""1.08""}]"
2944940839.0,92,54.0,SecondHalf,Lee Gi-Hyuk,447593,1159,a,58.1,80.0,64.3,96.8,Successful,17.907540311276694,69.74353782547689,Forward,Short,"[{""type"": ""Zone"", ""value"": ""Left""}, {""type"": ""PassEndX"", ""value"": ""64.3""}, {""type"": ""PassEndY"", ""value"": ""96.8""}, {""type"": ""Length"", ""value"": ""13.1""}, {""type"": ""Angle"", ""value"": ""1.05""}]"
2944940845.0,93,2.0,SecondHalf,Lee Kang-In,367780,1159,a,73.4,97.1,90.0,55.2,Successful,45.06850341424706,-68.38745107237291,Forward,Cross,"[{""type"": ""Longball""}, {""type"": ""Cross""}, {""type"": ""Zone"", ""value"": ""Center""}, {""type"": ""LeftFoot""}, {""type"": ""PassEndX"", ""value"": ""90.0""}, {""type"": ""PassEndY"", ""value"": ""55.2""}, {""type"": ""IntentionalAssist""}, {""type"": ""Chipped""}, {""type"": ""ShotAssist"", ""value"": ""15""}, {""type"": ""Length"", ""value"": ""33.4""}, {""type"": ""Angle"", ""value"": ""5.26""}, {""type"": ""KeyPass""}]"
2944940855.0,93,49.0,SecondHalf,Lee Kang-In,367780,1159,a,99.5,99.5,91.2,42.6,Successful,57.50217387195026,-98.29919909737743,Backward,Cross,"[{""type"": ""Longball""}, {""type"": ""Cross""}, {""type"": ""CornerTaken""}, {""type"": ""Zone"", ""value"": ""Center""}, {""type"": ""LeftFoot""}, {""type"": ""PassEndX"", ""value"": ""91.2""}, {""type"": ""PassEndY"", ""value"": ""42.6""}, {""type"": ""IntentionalAssist""}, {""type"": ""Chipped""}, {""type"": ""ShotAssist"", ""value"": ""13""}, {""type"": ""Length"", ""value"": ""39.7""}, {""type"": ""Angle"", ""value"": ""4.49""}, {""type"": ""KeyPass""}]"
2944940865.0,94,17.0,SecondHalf,Yang Hyun-Jun,457093,1159,a,33.6,0.0,39.1,10.0,Successful,11.412712210513327,61.189206257026946,Forward,ThrowIn,"[{""type"": ""Zone"", ""value"": ""Back""}, {""type"": ""ThrowIn""}, {""type"": ""PassEndX"", ""value"": ""39.1""}, {""type"": ""PassEndY"", ""value"": ""10.0""}, {""type"": ""Length"", ""value"": ""9.5""}, {""type"": ""Angle"", ""value"": ""0.92""}]"
2944940867.0,94,18.0,SecondHalf,Hwang In-Beom,371030,1159,a,39.1,10.0,33.7,2.3,Successful,9.404786015641184,-125.041929401539,Backward,Short,"[{""type"": ""Zone"", ""value"": ""Back""}, {""type"": ""PassEndX"", ""value"": ""33.7""}, {""type"": ""PassEndY"", ""value"": ""2.3""}, {""type"": ""Length"", ""value"": ""7.7""}, {""type"": ""Angle"", ""value"": ""3.89""}]"
2944940869.0,94,21.0,SecondHalf,Yang Hyun-Jun,457093,1159,a,34.6,7.8,28.6,30.7,Successful,23.67298037848213,104.6819677413936,Backward,Short,"[{""type"": ""Zone"", ""value"": ""Back""}, {""type"": ""PassEndX"", ""value"": ""28.6""}, {""type"": ""PassEndY"", ""value"": ""30.7""}, {""type"": ""Length"", ""value"": ""16.8""}, {""type"": ""Angle"", ""value"": ""1.96""}]"
2944940965.0,94,22.0,SecondHalf,Lee Gi-Hyuk,447593,1159,a,24.9,36.8,16.9,50.9,Successful,16.21141573089778,119.56953133326778,Backward,Short,"[{""type"": ""Zone"", ""value"": ""Back""}, {""type"": ""PassEndX"", ""value"": ""16.9""}, {""type"": ""PassEndY"", ""value"": ""50.9""}, {""type"": ""Length"", ""value"": ""12.7""}, {""type"": ""Angle"", ""value"": ""2.29""}]"
2944940871.0,94,24.0,SecondHalf,Kim Seung-Gyu,71968,1159,a,22.4,49.9,73.3,48.5,Unsuccessful,50.919249798087165,-1.5755181264423639,Forward,Short,"[{""type"": ""Longball""}, {""type"": ""Zone"", ""value"": ""Center""}, {""type"": ""PassEndX"", ""value"": ""73.3""}, {""type"": ""PassEndY"", ""value"": ""48.5""}, {""type"": ""Length"", ""value"": ""53.5""}, {""type"": ""Angle"", ""value"": ""6.27""}]"
2944940881.0,94,33.0,SecondHalf,Lee Kang-In,367780,1159,a,55.0,83.6,51.7,71.7,Successful,12.34908903522846,-105.49927537650085,Lateral,Short,"[{""type"": ""HeadPass""}, {""type"": ""Zone"", ""value"": ""Center""}, {""type"": ""PassEndX"", ""value"": ""51.7""}, {""type"": ""PassEndY"", ""value"": ""71.7""}, {""type"": ""Length"", ""value"": ""8.8""}, {""type"": ""Angle"", ""value"": ""4.31""}]"
2944940885.0,94,35.0,SecondHalf,Kim Min-Jae,370912,1159,a,51.7,71.3,55.8,95.7,Successful,24.742069436488134,80.46153726601389,Lateral,Chipped,"[{""type"": ""Zone"", ""value"": ""Left""}, {""type"": ""PassEndX"", ""value"": ""55.8""}, {""type"": ""PassEndY"", ""value"": ""95.7""}, {""type"": ""Chipped""}, {""type"": ""Length"", ""value"": ""17.1""}, {""type"": ""Angle"", ""value"": ""1.32""}]"
2944940889.0,94,39.0,SecondHalf,Lee Kang-In,367780,1159,a,61.7,81.2,89.4,71.1,Unsuccessful,29.48389390836971,-20.032914489225558,Forward,Short,"[{""type"": ""Zone"", ""value"": ""Center""}, {""type"": ""PassEndX"", ""value"": ""89.4""}, {""type"": ""PassEndY"", ""value"": ""71.1""}, {""type"": ""Length"", ""value"": ""29.9""}, {""type"": ""Angle"", ""value"": ""6.05""}]"
2944940891.0,94,45.0,SecondHalf,Kim Min-Jae,370912,1159,a,45.7,83.7,39.6,53.9,Successful,30.417922348510267,-101.5685190204243,Backward,Short,"[{""type"": ""HeadPass""}, {""type"": ""Zone"", ""value"": ""Back""}, {""type"": ""PassEndX"", ""value"": ""39.6""}, {""type"": ""PassEndY"", ""value"": ""53.9""}, {""type"": ""Length"", ""value"": ""21.3""}, {""type"": ""Angle"", ""value"": ""4.41""}]"
2944940893.0,94,48.0,SecondHalf,Lee Gi-Hyuk,447593,1159,a,43.8,51.9,42.9,27.8,Successful,24.116799124261906,-92.1386825776663,Lateral,Short,"[{""type"": ""Zone"", ""value"": ""Back""}, {""type"": ""PassEndX"", ""value"": ""42.9""}, {""type"": ""PassEndY"", ""value"": ""27.8""}, {""type"": ""Length"", ""value"": ""16.4""}, {""type"": ""Angle"", ""value"": ""4.65""}]"
2944940895.0,94,49.0,SecondHalf,Lee Han-Beom,531031,1159,a,41.4,28.7,31.8,54.9,Successful,27.903404810166087,110.12345107774296,Backward,Short,"[{""type"": ""Zone"", ""value"": ""Back""}, {""type"": ""PassEndX"", ""value"": ""31.8""}, {""type"": ""PassEndY"", ""value"": ""54.9""}, {""type"": ""Length"", ""value"": ""20.5""}, {""type"": ""Angle"", ""value"": ""2.09""}]"
2944940897.0,94,51.0,SecondHalf,Lee Gi-Hyuk,447593,1159,a,39.8,46.6,69.1,68.6,Successful,36.64000545851487,36.901172631555035,Forward,Chipped,"[{""type"": ""Longball""}, {""type"": ""Zone"", ""value"": ""Center""}, {""type"": ""PassEndX"", ""value"": ""69.1""}, {""type"": ""PassEndY"", ""value"": ""68.6""}, {""type"": ""Chipped""}, {""type"": ""Length"", ""value"": ""34.2""}, {""type"": ""Angle"", ""value"": ""0.45""}]"
2944940905.0,94,56.0,SecondHalf,Hwang Hee-Chan,262854,1159,a,66.3,56.3,69.9,19.1,Unsuccessful,37.37378760575385,-84.47245984834382,Lateral,Chipped,"[{""type"": ""Zone"", ""value"": ""Right""}, {""type"": ""PassEndX"", ""value"": ""69.9""}, {""type"": ""PassEndY"", ""value"": ""19.1""}, {""type"": ""Chipped""}, {""type"": ""Length"", ""value"": ""25.6""}, {""type"": ""Angle"", ""value"": ""4.86""}]"
2944940915.0,95,25.0,SecondHalf,Eom Ji-Sung,458184,1159,a,72.4,0.0,84.3,34.1,Unsuccessful,36.11675511448945,70.76236072511321,Forward,ThrowIn,"[{""type"": ""Longball""}, {""type"": ""Zone"", ""value"": ""Center""}, {""type"": ""ThrowIn""}, {""type"": ""PassEndX"", ""value"": ""84.3""}, {""type"": ""PassEndY"", ""value"": ""34.1""}, {""type"": ""Length"", ""value"": ""27.0""}, {""type"": ""Angle"", ""value"": ""1.09""}]"
2944940921.0,95,33.0,SecondHalf,Yang Hyun-Jun,457093,1159,a,64.2,34.4,60.7,22.1,Successful,12.788275880665068,-105.88385373392109,Lateral,Short,"[{""type"": ""Zone"", ""value"": ""Center""}, {""type"": ""PassEndX"", ""value"": ""60.7""}, {""type"": ""PassEndY"", ""value"": ""22.1""}, {""type"": ""Length"", ""value"": ""9.1""}, {""type"": ""Angle"", ""value"": ""4.30""}]"
2944940927.0,95,36.0,SecondHalf,Lee Gi-Hyuk,447593,1159,a,65.4,36.4,86.5,64.4,Unsuccessful,35.06009127198616,52.9993649210146,Forward,Chipped,"[{""type"": ""Zone"", ""value"": ""Center""}, {""type"": ""PassEndX"", ""value"": ""86.5""}, {""type"": ""PassEndY"", ""value"": ""64.4""}, {""type"": ""Chipped""}, {""type"": ""Length"", ""value"": ""29.2""}, {""type"": ""Angle"", ""value"": ""0.71""}]"
